transaction_id,customer_id,amount,payment_method,payment_status,failure_reason,attempt_count,checkout_abandoned,checkout_duration_seconds,previous_transactions,previous_successful_transactions,previous_success_rate,is_subscription,days_overdue,recovery_attempts,recovery_action,recovery_success,recovered_amount
TX00001,C0457,1445.54,NETBANKING,success,none,0,0,152,4,4,1.0,0,0,0,none,1,1445.54
TX00002,C2419,21211.71,UPI,success,none,0,0,248,17,0,0.0,0,0,0,none,1,21211.71
TX00003,C2233,21092.09,WALLET,success,none,0,0,16,6,5,0.83,1,0,0,none,1,21092.09
TX00004,C0637,10922.63,NETBANKING,success,none,0,0,399,4,2,0.5,1,1,0,none,1,10922.63
TX00005,C0178,36540.64,UPI,abandoned,checkout_dropoff,3,1,90,18,9,0.5,1,1,0,payment_link,1,36540.64
TX00006,C1186,49264.03,CARD,failed,technical_error,2,0,474,12,2,0.17,1,0,2,payment_link,0,0.0
TX00007,C0293,30534.72,CARD,success,none,0,0,260,6,3,0.5,1,0,0,none,1,30534.72
TX00008,C2282,11136.84,NETBANKING,failed,network_error,1,0,42,11,6,0.55,1,0,2,retry_payment,0,0.0
TX00009,C1289,10788.8,WALLET,success,none,0,0,479,5,2,0.4,0,0,0,none,1,10788.8
TX00010,C1011,37300.45,NETBANKING,failed,technical_error,4,0,418,12,3,0.25,0,0,0,payment_link,0,0.0
TX00011,C0193,43082.92,CARD,success,none,0,0,442,20,2,0.1,1,0,0,none,1,43082.92
TX00012,C1918,26549.89,UPI,failed,network_error,4,0,283,11,1,0.09,1,0,1,retry_payment,0,0.0
TX00013,C0014,47700.03,NETBANKING,abandoned,checkout_dropoff,1,1,529,4,2,0.5,0,0,0,payment_link,0,0.0
TX00014,C2210,47684.29,UPI,success,none,0,0,510,1,0,0.0,1,15,0,none,1,47684.29
TX00015,C1260,12124.73,CARD,failed,network_error,0,0,507,3,1,0.33,0,0,2,retry_payment,1,12124.73
TX00016,C0677,13399.82,WALLET,abandoned,checkout_dropoff,4,1,215,10,6,0.6,1,0,0,send_reminder,1,13399.82
TX00017,C0263,17036.66,CARD,success,none,0,0,17,3,0,0.0,0,0,0,none,1,17036.66
TX00018,C0277,45289.92,NETBANKING,success,none,0,0,253,9,7,0.78,0,0,0,none,1,45289.92
TX00019,C2209,6789.13,WALLET,success,none,0,0,494,14,3,0.21,0,0,0,none,1,6789.13
TX00020,C0398,33017.34,NETBANKING,success,none,0,0,488,2,2,1.0,0,0,0,none,1,33017.34
TX00021,C0249,20250.54,NETBANKING,failed,network_error,1,0,206,7,7,1.0,0,0,1,retry_payment,1,20250.54
TX00022,C1895,12640.36,UPI,success,none,0,0,573,4,0,0.0,0,0,0,none,1,12640.36
TX00023,C0383,46333.08,CARD,success,none,0,0,507,16,6,0.38,1,15,0,none,1,46333.08
TX00024,C0675,19072.86,WALLET,success,none,0,0,475,10,6,0.6,1,0,0,none,1,19072.86
TX00025,C1216,11041.5,UPI,success,none,0,0,565,2,2,1.0,1,0,0,none,1,11041.5
TX00026,C2393,23944.07,CARD,success,none,0,0,530,3,1,0.33,0,0,0,none,1,23944.07
TX00027,C2438,3584.45,CARD,success,none,0,0,593,8,0,0.0,0,0,0,none,1,3584.45
TX00028,C1718,32937.18,NETBANKING,abandoned,checkout_dropoff,1,1,331,8,4,0.5,1,0,0,send_reminder,1,32937.18
TX00029,C0039,23022.62,UPI,success,none,0,0,228,17,8,0.47,0,0,0,none,1,23022.62
TX00030,C1430,44067.04,CARD,success,none,0,0,171,15,9,0.6,0,0,0,none,1,44067.04
TX00031,C2272,15109.06,UPI,abandoned,checkout_dropoff,1,1,280,4,0,0.0,0,0,0,send_reminder,1,15109.06
TX00032,C1405,10339.15,NETBANKING,success,none,0,0,267,2,0,0.0,1,7,0,none,1,10339.15
TX00033,C0181,376.58,CARD,success,none,0,0,278,6,5,0.83,1,1,0,none,1,376.58
TX00034,C1752,28133.16,UPI,success,none,0,0,162,18,1,0.06,1,1,0,none,1,28133.16
TX00035,C0607,21603.38,UPI,success,none,0,0,50,12,3,0.25,0,0,0,none,1,21603.38
TX00036,C0422,17813.2,WALLET,abandoned,checkout_dropoff,1,1,252,6,6,1.0,0,0,2,send_reminder,1,17813.2
TX00037,C1361,39162.85,WALLET,failed,bank_error,2,0,173,4,3,0.75,0,0,0,payment_link,0,0.0
TX00038,C0818,40866.01,WALLET,success,none,0,0,243,8,0,0.0,0,0,0,none,1,40866.01
TX00039,C1633,16547.45,UPI,abandoned,checkout_dropoff,2,1,369,17,12,0.71,1,30,1,payment_link,0,0.0
TX00040,C0732,29113.37,NETBANKING,success,none,0,0,454,12,11,0.92,1,0,0,none,1,29113.37
TX00041,C2095,5959.16,CARD,success,none,0,0,456,1,0,0.0,1,0,0,none,1,5959.16
TX00042,C1353,31233.14,UPI,failed,insufficient_funds,4,0,326,14,5,0.36,1,3,0,send_reminder,0,0.0
TX00043,C1723,33313.49,WALLET,failed,bank_error,4,0,592,10,6,0.6,0,0,0,payment_link,1,33313.49
TX00044,C1761,39330.79,NETBANKING,success,none,0,0,462,7,7,1.0,0,0,0,none,1,39330.79
TX00045,C0348,14332.56,NETBANKING,success,none,0,0,250,10,3,0.3,0,0,0,none,1,14332.56
TX00046,C0604,1416.38,CARD,abandoned,checkout_dropoff,4,1,84,15,13,0.87,0,0,0,send_reminder,1,1416.38
TX00047,C0605,32871.69,UPI,failed,network_error,3,0,234,6,6,1.0,1,0,0,retry_payment,0,0.0
TX00048,C0498,22931.8,WALLET,failed,timeout,4,0,334,15,13,0.87,1,15,2,retry_payment,0,0.0
TX00049,C1945,22613.47,CARD,failed,insufficient_funds,4,0,506,8,4,0.5,1,0,1,send_reminder,1,22613.47
TX00050,C1376,16121.54,UPI,success,none,0,0,246,13,11,0.85,0,0,0,none,1,16121.54
TX00051,C0877,3398.6,WALLET,success,none,0,0,487,14,0,0.0,0,0,0,none,1,3398.6
TX00052,C1721,19595.95,UPI,failed,timeout,3,0,498,1,1,1.0,1,7,1,retry_payment,0,0.0
TX00053,C2205,37426.28,CARD,success,none,0,0,289,14,7,0.5,0,0,0,none,1,37426.28
TX00054,C1593,16939.25,WALLET,failed,technical_error,1,0,556,1,1,1.0,0,0,1,payment_link,1,16939.25
TX00055,C0556,43369.2,CARD,success,none,0,0,398,11,3,0.27,1,0,0,none,1,43369.2
TX00056,C1553,14057.18,WALLET,success,none,0,0,93,16,0,0.0,0,0,0,none,1,14057.18
TX00057,C1434,11366.26,UPI,failed,network_error,0,0,263,7,0,0.0,0,0,1,retry_payment,1,11366.26
TX00058,C0469,28285.69,CARD,success,none,0,0,272,12,2,0.17,0,0,0,none,1,28285.69
TX00059,C0671,48243.09,UPI,success,none,0,0,329,19,12,0.63,1,30,0,none,1,48243.09
TX00060,C0813,3984.62,CARD,success,none,0,0,318,20,3,0.15,0,0,0,none,1,3984.62
TX00061,C1423,26730.71,NETBANKING,success,none,0,0,359,1,1,1.0,1,0,0,none,1,26730.71
TX00062,C1484,31852.14,WALLET,failed,technical_error,1,0,544,9,9,1.0,1,0,2,payment_link,0,0.0
TX00063,C1100,16250.77,CARD,failed,network_error,2,0,471,8,7,0.88,1,0,1,retry_payment,0,0.0
TX00064,C1332,9255.62,CARD,success,none,0,0,274,11,4,0.36,1,1,0,none,1,9255.62
TX00065,C2117,47413.52,UPI,success,none,0,0,426,16,7,0.44,1,1,0,none,1,47413.52
TX00066,C2011,22519.09,UPI,success,none,0,0,236,13,11,0.85,0,0,0,none,1,22519.09
TX00067,C1255,33265.21,NETBANKING,success,none,0,0,553,12,6,0.5,1,0,0,none,1,33265.21
TX00068,C1859,13691.64,NETBANKING,success,none,0,0,207,11,1,0.09,0,0,0,none,1,13691.64
TX00069,C0785,10975.96,WALLET,success,none,0,0,547,20,9,0.45,0,0,0,none,1,10975.96
TX00070,C0796,14953.07,NETBANKING,success,none,0,0,24,18,4,0.22,1,0,0,none,1,14953.07
TX00071,C0224,27757.28,CARD,success,none,0,0,512,4,0,0.0,1,0,0,none,1,27757.28
TX00072,C1805,17167.16,UPI,success,none,0,0,499,4,0,0.0,1,0,0,none,1,17167.16
TX00073,C2364,31546.4,UPI,success,none,0,0,586,10,1,0.1,0,0,0,none,1,31546.4
TX00074,C0486,27992.04,WALLET,success,none,0,0,241,17,12,0.71,1,15,0,none,1,27992.04
TX00075,C1218,43036.3,WALLET,success,none,0,0,71,20,3,0.15,0,0,0,none,1,43036.3
TX00076,C0865,13379.38,UPI,success,none,0,0,187,18,2,0.11,0,0,0,none,1,13379.38
TX00077,C0011,20544.18,WALLET,success,none,0,0,247,10,4,0.4,1,0,0,none,1,20544.18
TX00078,C0957,46210.77,CARD,success,none,0,0,567,8,2,0.25,1,7,0,none,1,46210.77
TX00079,C0293,3169.97,NETBANKING,success,none,0,0,592,10,7,0.7,0,0,0,none,1,3169.97
TX00080,C1920,34496.16,WALLET,abandoned,checkout_dropoff,4,1,562,16,14,0.88,0,0,2,payment_link,0,0.0
TX00081,C1321,30264.94,UPI,success,none,0,0,599,19,0,0.0,1,1,0,none,1,30264.94
TX00082,C0718,23630.94,WALLET,abandoned,checkout_dropoff,1,1,456,16,2,0.12,1,0,0,send_reminder,1,23630.94
TX00083,C0659,16624.22,WALLET,success,none,0,0,420,18,1,0.06,1,0,0,none,1,16624.22
TX00084,C1034,16299.03,WALLET,failed,network_error,4,0,483,14,0,0.0,0,0,2,retry_payment,0,0.0
TX00085,C1482,31207.17,WALLET,success,none,0,0,62,7,4,0.57,0,0,0,none,1,31207.17
TX00086,C1180,22018.18,WALLET,success,none,0,0,255,6,2,0.33,0,0,0,none,1,22018.18
TX00087,C2263,20517.94,CARD,abandoned,checkout_dropoff,0,1,482,4,1,0.25,1,30,1,send_reminder,0,0.0
TX00088,C1702,41769.25,WALLET,success,none,0,0,574,5,3,0.6,0,0,0,none,1,41769.25
TX00089,C2456,25510.4,CARD,failed,insufficient_funds,3,0,358,17,8,0.47,0,0,1,send_reminder,1,25510.4
TX00090,C2405,29080.18,WALLET,failed,technical_error,4,0,505,12,5,0.42,1,0,0,payment_link,1,29080.18
TX00091,C0979,28675.52,CARD,failed,technical_error,0,0,335,16,12,0.75,1,30,2,payment_link,0,0.0
TX00092,C0624,24867.37,UPI,success,none,0,0,349,4,3,0.75,0,0,0,none,1,24867.37
TX00093,C2155,45540.0,UPI,failed,technical_error,1,0,86,16,8,0.5,1,1,0,payment_link,0,0.0
TX00094,C1346,42646.6,WALLET,abandoned,checkout_dropoff,3,1,564,2,2,1.0,0,0,1,payment_link,1,42646.6
TX00095,C0932,37388.97,WALLET,abandoned,checkout_dropoff,0,1,464,6,5,0.83,1,15,0,payment_link,1,37388.97
TX00096,C1202,18051.47,WALLET,success,none,0,0,553,14,9,0.64,0,0,0,none,1,18051.47
TX00097,C0697,8918.45,WALLET,success,none,0,0,256,16,4,0.25,0,0,0,none,1,8918.45
TX00098,C1889,31967.65,WALLET,success,none,0,0,19,15,9,0.6,0,0,0,none,1,31967.65
TX00099,C0303,22198.14,NETBANKING,abandoned,checkout_dropoff,2,1,444,9,7,0.78,1,0,0,send_reminder,0,0.0
TX00100,C0972,19191.94,NETBANKING,success,none,0,0,312,1,1,1.0,1,0,0,none,1,19191.94
TX00101,C0201,45548.72,WALLET,failed,insufficient_funds,1,0,370,8,3,0.38,1,3,2,send_reminder,0,0.0
TX00102,C0561,31486.76,UPI,success,none,0,0,461,2,2,1.0,1,3,0,none,1,31486.76
TX00103,C0370,45499.47,NETBANKING,failed,bank_error,1,0,145,18,11,0.61,1,7,1,payment_link,1,45499.47
TX00104,C1209,37378.66,NETBANKING,failed,technical_error,0,0,154,8,6,0.75,1,0,1,payment_link,1,37378.66
TX00105,C2198,6354.72,NETBANKING,failed,insufficient_funds,4,0,400,12,1,0.08,0,0,2,send_reminder,1,6354.72
TX00106,C2300,16534.71,CARD,success,none,0,0,485,10,10,1.0,1,0,0,none,1,16534.71
TX00107,C0186,47323.82,NETBANKING,abandoned,checkout_dropoff,0,1,109,8,8,1.0,0,0,2,send_reminder,1,47323.82
TX00108,C2213,21072.51,CARD,failed,network_error,3,0,427,9,0,0.0,1,0,1,retry_payment,0,0.0
TX00109,C0968,42801.42,UPI,abandoned,checkout_dropoff,2,1,567,12,0,0.0,1,0,1,payment_link,0,0.0
TX00110,C0376,33205.88,UPI,success,none,0,0,351,8,2,0.25,0,0,0,none,1,33205.88
TX00111,C0282,41524.93,CARD,success,none,0,0,248,11,2,0.18,0,0,0,none,1,41524.93
TX00112,C1136,42948.63,CARD,abandoned,checkout_dropoff,4,1,266,6,0,0.0,0,0,0,payment_link,1,42948.63
TX00113,C2412,16323.82,CARD,success,none,0,0,139,14,8,0.57,0,0,0,none,1,16323.82
TX00114,C0261,23917.05,NETBANKING,success,none,0,0,121,15,7,0.47,0,0,0,none,1,23917.05
TX00115,C2136,15221.19,UPI,success,none,0,0,500,13,6,0.46,0,0,0,none,1,15221.19
TX00116,C2009,35677.59,WALLET,success,none,0,0,92,11,9,0.82,0,0,0,none,1,35677.59
TX00117,C0270,6484.34,NETBANKING,success,none,0,0,553,10,7,0.7,1,0,0,none,1,6484.34
TX00118,C0469,42669.08,CARD,success,none,0,0,243,14,5,0.36,1,0,0,none,1,42669.08
TX00119,C0390,15764.91,NETBANKING,failed,insufficient_funds,1,0,495,3,0,0.0,0,0,0,send_reminder,1,15764.91
TX00120,C1527,40626.11,UPI,success,none,0,0,585,18,10,0.56,0,0,0,none,1,40626.11
TX00121,C1683,17809.18,WALLET,failed,network_error,2,0,329,12,1,0.08,0,0,0,retry_payment,0,0.0
TX00122,C1976,11367.39,UPI,success,none,0,0,579,12,1,0.08,1,1,0,none,1,11367.39
TX00123,C1758,42288.73,UPI,success,none,0,0,283,1,0,0.0,1,3,0,none,1,42288.73
TX00124,C1266,46092.57,NETBANKING,success,none,0,0,156,19,12,0.63,0,0,0,none,1,46092.57
TX00125,C0582,37100.26,UPI,success,none,0,0,553,7,6,0.86,1,0,0,none,1,37100.26
TX00126,C0645,18628.64,NETBANKING,failed,timeout,4,0,96,2,0,0.0,0,0,2,retry_payment,0,0.0
TX00127,C0204,33763.64,NETBANKING,success,none,0,0,444,16,14,0.88,1,0,0,none,1,33763.64
TX00128,C2099,5868.11,WALLET,success,none,0,0,508,17,9,0.53,0,0,0,none,1,5868.11
TX00129,C0904,19884.12,UPI,success,none,0,0,318,7,2,0.29,1,0,0,none,1,19884.12
TX00130,C0492,584.95,WALLET,success,none,0,0,399,18,7,0.39,1,0,0,none,1,584.95
TX00131,C0174,21923.74,WALLET,abandoned,checkout_dropoff,2,1,599,14,9,0.64,1,3,1,send_reminder,1,21923.74
TX00132,C0086,48316.74,CARD,failed,timeout,3,0,380,3,3,1.0,0,0,0,retry_payment,0,0.0
TX00133,C1785,29525.79,UPI,success,none,0,0,327,11,3,0.27,1,7,0,none,1,29525.79
TX00134,C0313,25622.07,UPI,success,none,0,0,208,12,5,0.42,0,0,0,none,1,25622.07
TX00135,C0968,5319.67,NETBANKING,success,none,0,0,166,3,1,0.33,1,0,0,none,1,5319.67
TX00136,C2310,38041.88,WALLET,failed,timeout,4,0,340,11,2,0.18,1,0,1,retry_payment,0,0.0
TX00137,C1241,39857.22,UPI,success,none,0,0,85,10,7,0.7,1,0,0,none,1,39857.22
TX00138,C1511,41618.49,UPI,success,none,0,0,102,20,19,0.95,1,0,0,none,1,41618.49
TX00139,C2271,47720.73,UPI,success,none,0,0,595,7,5,0.71,1,1,0,none,1,47720.73
TX00140,C0254,22636.05,NETBANKING,abandoned,checkout_dropoff,0,1,526,6,0,0.0,0,0,2,send_reminder,0,0.0
TX00141,C2142,30568.31,NETBANKING,success,none,0,0,299,13,6,0.46,1,3,0,none,1,30568.31
TX00142,C0215,39503.5,NETBANKING,success,none,0,0,106,18,12,0.67,1,0,0,none,1,39503.5
TX00143,C2469,43689.33,NETBANKING,success,none,0,0,154,12,4,0.33,1,0,0,none,1,43689.33
TX00144,C0348,15617.18,WALLET,success,none,0,0,346,5,5,1.0,0,0,0,none,1,15617.18
TX00145,C1735,25522.73,UPI,success,none,0,0,194,7,5,0.71,1,0,0,none,1,25522.73
TX00146,C0564,7916.27,NETBANKING,failed,network_error,4,0,562,17,1,0.06,1,15,2,retry_payment,0,0.0
TX00147,C0537,29942.87,CARD,success,none,0,0,179,15,1,0.07,1,0,0,none,1,29942.87
TX00148,C0973,48485.51,NETBANKING,failed,technical_error,1,0,556,8,4,0.5,1,15,2,payment_link,1,48485.51
TX00149,C2337,49225.1,WALLET,failed,technical_error,4,0,550,14,2,0.14,0,0,0,payment_link,0,0.0
TX00150,C1025,2798.55,WALLET,failed,timeout,0,0,538,4,2,0.5,0,0,1,retry_payment,0,0.0
TX00151,C1841,45284.25,CARD,failed,network_error,1,0,471,12,0,0.0,1,0,0,retry_payment,1,45284.25
TX00152,C1582,49727.36,NETBANKING,success,none,0,0,336,4,2,0.5,0,0,0,none,1,49727.36
TX00153,C0564,2107.5,WALLET,failed,bank_error,3,0,469,20,0,0.0,0,0,0,payment_link,1,2107.5
TX00154,C0613,27530.45,WALLET,success,none,0,0,305,8,4,0.5,0,0,0,none,1,27530.45
TX00155,C0196,12074.29,WALLET,success,none,0,0,521,20,17,0.85,0,0,0,none,1,12074.29
TX00156,C2111,28837.36,CARD,success,none,0,0,11,20,11,0.55,0,0,0,none,1,28837.36
TX00157,C2338,20945.07,UPI,success,none,0,0,379,3,0,0.0,1,15,0,none,1,20945.07
TX00158,C0179,31856.41,NETBANKING,success,none,0,0,26,12,12,1.0,0,0,0,none,1,31856.41
TX00159,C1413,12208.07,UPI,failed,insufficient_funds,1,0,55,12,8,0.67,1,7,2,send_reminder,1,12208.07
TX00160,C1904,49044.8,WALLET,success,none,0,0,148,3,3,1.0,0,0,0,none,1,49044.8
TX00161,C1202,10239.23,CARD,failed,insufficient_funds,2,0,537,13,13,1.0,1,0,0,send_reminder,0,0.0
TX00162,C1172,17977.31,UPI,failed,insufficient_funds,2,0,137,12,6,0.5,1,3,1,send_reminder,0,0.0
TX00163,C1389,48691.43,WALLET,failed,insufficient_funds,4,0,283,3,3,1.0,0,0,0,send_reminder,1,48691.43
TX00164,C2235,14829.57,UPI,success,none,0,0,312,10,7,0.7,1,0,0,none,1,14829.57
TX00165,C1819,17707.04,UPI,failed,insufficient_funds,4,0,455,9,0,0.0,0,0,1,send_reminder,0,0.0
TX00166,C1489,25751.68,CARD,abandoned,checkout_dropoff,1,1,458,2,0,0.0,0,0,1,payment_link,0,0.0
TX00167,C1484,19266.15,UPI,success,none,0,0,470,12,5,0.42,1,7,0,none,1,19266.15
TX00168,C2351,7057.22,NETBANKING,success,none,0,0,295,8,1,0.12,0,0,0,none,1,7057.22
TX00169,C0763,25052.39,WALLET,abandoned,checkout_dropoff,0,1,278,9,7,0.78,0,0,1,send_reminder,0,0.0
TX00170,C0820,6307.34,UPI,success,none,0,0,465,3,2,0.67,1,3,0,none,1,6307.34
TX00171,C2253,27200.13,NETBANKING,failed,bank_error,2,0,530,8,1,0.12,0,0,0,payment_link,0,0.0
TX00172,C2024,1508.94,NETBANKING,success,none,0,0,574,5,4,0.8,0,0,0,none,1,1508.94
TX00173,C0270,15602.68,WALLET,success,none,0,0,429,19,2,0.11,0,0,0,none,1,15602.68
TX00174,C1299,32188.46,WALLET,success,none,0,0,539,12,2,0.17,0,0,0,none,1,32188.46
TX00175,C0529,21744.39,UPI,failed,timeout,1,0,321,6,1,0.17,1,30,2,retry_payment,1,21744.39
TX00176,C1164,42327.5,NETBANKING,success,none,0,0,574,9,2,0.22,1,1,0,none,1,42327.5
TX00177,C0383,25228.14,CARD,success,none,0,0,167,6,5,0.83,1,7,0,none,1,25228.14
TX00178,C2309,2251.48,UPI,success,none,0,0,600,9,3,0.33,1,1,0,none,1,2251.48
TX00179,C0125,25002.3,NETBANKING,success,none,0,0,319,16,7,0.44,1,0,0,none,1,25002.3
TX00180,C0299,34492.96,CARD,success,none,0,0,505,15,6,0.4,1,1,0,none,1,34492.96
TX00181,C1281,43101.96,NETBANKING,failed,insufficient_funds,3,0,143,12,8,0.67,0,0,1,send_reminder,1,43101.96
TX00182,C0502,13520.09,CARD,success,none,0,0,61,10,6,0.6,1,0,0,none,1,13520.09
TX00183,C0655,40711.2,NETBANKING,success,none,0,0,173,16,16,1.0,1,0,0,none,1,40711.2
TX00184,C1264,24969.04,UPI,abandoned,checkout_dropoff,4,1,478,8,3,0.38,1,0,2,send_reminder,1,24969.04
TX00185,C1928,14430.27,UPI,failed,technical_error,1,0,280,12,12,1.0,1,0,2,payment_link,1,14430.27
TX00186,C2302,9893.83,NETBANKING,success,none,0,0,526,15,8,0.53,0,0,0,none,1,9893.83
TX00187,C0528,48759.12,WALLET,success,none,0,0,357,18,11,0.61,0,0,0,none,1,48759.12
TX00188,C0816,30202.65,WALLET,success,none,0,0,56,2,0,0.0,1,7,0,none,1,30202.65
TX00189,C2128,22958.03,CARD,success,none,0,0,336,6,3,0.5,1,1,0,none,1,22958.03
TX00190,C2078,41448.81,WALLET,failed,insufficient_funds,3,0,27,12,5,0.42,0,0,2,send_reminder,0,0.0
TX00191,C1261,39878.39,UPI,success,none,0,0,281,19,18,0.95,0,0,0,none,1,39878.39
TX00192,C0211,29259.46,CARD,success,none,0,0,399,5,5,1.0,0,0,0,none,1,29259.46
TX00193,C0130,28714.0,UPI,success,none,0,0,461,11,6,0.55,0,0,0,none,1,28714.0
TX00194,C1692,34586.91,WALLET,success,none,0,0,492,2,2,1.0,0,0,0,none,1,34586.91
TX00195,C2125,10525.62,NETBANKING,abandoned,checkout_dropoff,3,1,548,13,5,0.38,0,0,1,send_reminder,0,0.0
TX00196,C2238,17843.49,NETBANKING,success,none,0,0,206,8,4,0.5,1,0,0,none,1,17843.49
TX00197,C1220,38604.48,CARD,failed,technical_error,2,0,501,12,8,0.67,1,0,2,payment_link,1,38604.48
TX00198,C1556,44808.87,WALLET,failed,bank_error,2,0,53,10,1,0.1,1,15,2,payment_link,0,0.0
TX00199,C1963,10856.54,NETBANKING,abandoned,checkout_dropoff,2,1,150,4,4,1.0,0,0,2,payment_link,1,10856.54
TX00200,C0925,31969.64,UPI,success,none,0,0,348,16,3,0.19,0,0,0,none,1,31969.64
TX00201,C0022,48233.03,CARD,success,none,0,0,497,16,6,0.38,1,0,0,none,1,48233.03
TX00202,C0243,45415.26,UPI,failed,bank_error,4,0,48,6,3,0.5,0,0,0,payment_link,0,0.0
TX00203,C1627,39440.44,CARD,abandoned,checkout_dropoff,2,1,48,1,1,1.0,0,0,2,send_reminder,1,39440.44
TX00204,C2226,26311.06,CARD,failed,technical_error,2,0,207,4,2,0.5,0,0,2,payment_link,0,0.0
TX00205,C1054,35986.19,UPI,failed,insufficient_funds,4,0,207,6,4,0.67,1,7,0,send_reminder,0,0.0
TX00206,C1642,33528.94,CARD,abandoned,checkout_dropoff,3,1,341,8,0,0.0,1,0,1,send_reminder,0,0.0
TX00207,C1237,29206.55,UPI,success,none,0,0,378,8,0,0.0,0,0,0,none,1,29206.55
TX00208,C1907,15478.96,WALLET,failed,insufficient_funds,0,0,312,12,9,0.75,0,0,0,send_reminder,1,15478.96
TX00209,C1959,7828.64,NETBANKING,success,none,0,0,572,16,6,0.38,0,0,0,none,1,7828.64
TX00210,C2441,43682.13,UPI,success,none,0,0,550,12,1,0.08,0,0,0,none,1,43682.13
TX00211,C0253,41472.95,CARD,success,none,0,0,163,6,2,0.33,1,0,0,none,1,41472.95
TX00212,C0842,35902.51,WALLET,success,none,0,0,532,15,1,0.07,1,0,0,none,1,35902.51
TX00213,C1702,22948.56,UPI,success,none,0,0,325,1,1,1.0,1,7,0,none,1,22948.56
TX00214,C0893,28999.9,UPI,success,none,0,0,75,18,1,0.06,0,0,0,none,1,28999.9
TX00215,C1934,1780.4,WALLET,success,none,0,0,148,14,5,0.36,1,0,0,none,1,1780.4
TX00216,C1547,18907.15,CARD,failed,insufficient_funds,0,0,192,18,12,0.67,0,0,0,send_reminder,0,0.0
TX00217,C0015,37857.73,NETBANKING,success,none,0,0,567,14,8,0.57,1,7,0,none,1,37857.73
TX00218,C1014,23139.14,CARD,success,none,0,0,125,2,2,1.0,1,1,0,none,1,23139.14
TX00219,C0065,12185.18,UPI,success,none,0,0,44,15,1,0.07,0,0,0,none,1,12185.18
TX00220,C0182,20232.81,CARD,success,none,0,0,67,5,4,0.8,1,0,0,none,1,20232.81
TX00221,C2360,16081.4,NETBANKING,success,none,0,0,156,17,7,0.41,1,0,0,none,1,16081.4
TX00222,C0250,27924.56,CARD,success,none,0,0,447,18,15,0.83,0,0,0,none,1,27924.56
TX00223,C1411,47091.0,WALLET,failed,insufficient_funds,3,0,428,5,2,0.4,1,0,0,send_reminder,0,0.0
TX00224,C0924,15176.67,CARD,failed,network_error,4,0,432,14,8,0.57,0,0,1,retry_payment,0,0.0
TX00225,C0995,12898.78,NETBANKING,success,none,0,0,470,12,1,0.08,0,0,0,none,1,12898.78
TX00226,C0212,13569.39,UPI,failed,bank_error,4,0,582,7,7,1.0,0,0,1,payment_link,0,0.0
TX00227,C1242,47859.58,UPI,success,none,0,0,204,4,3,0.75,0,0,0,none,1,47859.58
TX00228,C2476,35247.68,WALLET,abandoned,checkout_dropoff,4,1,339,10,6,0.6,1,1,1,send_reminder,1,35247.68
TX00229,C2101,44164.04,WALLET,success,none,0,0,490,11,3,0.27,1,0,0,none,1,44164.04
TX00230,C0188,28213.73,CARD,failed,network_error,2,0,576,19,18,0.95,1,0,0,retry_payment,0,0.0
TX00231,C1352,11654.93,CARD,success,none,0,0,355,9,7,0.78,1,0,0,none,1,11654.93
TX00232,C1443,8629.43,WALLET,success,none,0,0,565,2,2,1.0,0,0,0,none,1,8629.43
TX00233,C0305,47270.37,UPI,failed,technical_error,1,0,246,3,1,0.33,0,0,1,payment_link,1,47270.37
TX00234,C1529,3210.42,WALLET,failed,network_error,0,0,554,18,13,0.72,0,0,2,retry_payment,1,3210.42
TX00235,C1126,26879.76,NETBANKING,success,none,0,0,450,6,0,0.0,0,0,0,none,1,26879.76
TX00236,C2148,7615.09,CARD,success,none,0,0,268,12,4,0.33,1,0,0,none,1,7615.09
TX00237,C1664,23058.09,CARD,abandoned,checkout_dropoff,1,1,317,3,0,0.0,0,0,2,send_reminder,1,23058.09
TX00238,C1950,2994.52,UPI,failed,network_error,3,0,454,11,9,0.82,0,0,2,retry_payment,0,0.0
TX00239,C0175,11642.37,WALLET,success,none,0,0,86,9,8,0.89,0,0,0,none,1,11642.37
TX00240,C0735,46452.56,NETBANKING,success,none,0,0,222,19,4,0.21,1,15,0,none,1,46452.56
TX00241,C1226,8290.02,CARD,success,none,0,0,408,18,10,0.56,1,7,0,none,1,8290.02
TX00242,C0574,39566.8,UPI,success,none,0,0,364,2,0,0.0,1,0,0,none,1,39566.8
TX00243,C0312,17161.52,WALLET,abandoned,checkout_dropoff,2,1,40,9,7,0.78,1,0,2,send_reminder,1,17161.52
TX00244,C2400,33101.46,UPI,failed,insufficient_funds,1,0,85,3,2,0.67,0,0,2,send_reminder,1,33101.46
TX00245,C0632,37034.83,NETBANKING,success,none,0,0,103,1,1,1.0,1,0,0,none,1,37034.83
TX00246,C1105,5291.12,UPI,success,none,0,0,469,18,17,0.94,1,0,0,none,1,5291.12
TX00247,C0368,17824.93,UPI,success,none,0,0,342,13,0,0.0,1,0,0,none,1,17824.93
TX00248,C0347,36297.22,CARD,success,none,0,0,183,13,2,0.15,0,0,0,none,1,36297.22
TX00249,C1102,15196.34,WALLET,success,none,0,0,181,14,4,0.29,1,0,0,none,1,15196.34
TX00250,C0316,18184.02,CARD,failed,technical_error,4,0,210,15,3,0.2,0,0,1,payment_link,1,18184.02
TX00251,C1361,42112.35,WALLET,failed,insufficient_funds,3,0,352,14,13,0.93,0,0,2,send_reminder,1,42112.35
TX00252,C0823,24054.69,CARD,abandoned,checkout_dropoff,2,1,308,16,7,0.44,1,0,2,send_reminder,1,24054.69
TX00253,C0819,29692.91,CARD,failed,timeout,0,0,482,7,7,1.0,1,7,1,retry_payment,1,29692.91
TX00254,C2046,7131.12,NETBANKING,success,none,0,0,167,14,12,0.86,1,0,0,none,1,7131.12
TX00255,C2450,24065.89,WALLET,success,none,0,0,438,18,1,0.06,1,3,0,none,1,24065.89
TX00256,C2200,29772.23,UPI,success,none,0,0,264,12,2,0.17,0,0,0,none,1,29772.23
TX00257,C2307,49183.69,WALLET,abandoned,checkout_dropoff,2,1,450,4,0,0.0,0,0,2,send_reminder,1,49183.69
TX00258,C2125,27988.07,CARD,success,none,0,0,410,15,4,0.27,1,30,0,none,1,27988.07
TX00259,C1978,5406.56,WALLET,abandoned,checkout_dropoff,0,1,128,5,2,0.4,1,0,1,payment_link,0,0.0
TX00260,C1951,5061.63,WALLET,success,none,0,0,317,2,2,1.0,0,0,0,none,1,5061.63
TX00261,C0093,42489.16,UPI,failed,bank_error,1,0,538,6,4,0.67,0,0,1,payment_link,1,42489.16
TX00262,C1893,11746.41,WALLET,success,none,0,0,200,14,6,0.43,0,0,0,none,1,11746.41
TX00263,C0809,22588.84,WALLET,success,none,0,0,229,7,4,0.57,0,0,0,none,1,22588.84
TX00264,C2365,5267.25,CARD,success,none,0,0,211,15,3,0.2,1,3,0,none,1,5267.25
TX00265,C2005,26480.21,NETBANKING,success,none,0,0,411,19,3,0.16,1,0,0,none,1,26480.21
TX00266,C1876,30944.66,NETBANKING,abandoned,checkout_dropoff,4,1,96,5,2,0.4,0,0,0,payment_link,1,30944.66
TX00267,C1530,34733.14,WALLET,success,none,0,0,151,19,12,0.63,1,0,0,none,1,34733.14
TX00268,C2202,34732.96,CARD,success,none,0,0,511,10,2,0.2,0,0,0,none,1,34732.96
TX00269,C1289,42130.86,UPI,failed,network_error,3,0,149,7,6,0.86,1,0,1,retry_payment,0,0.0
TX00270,C1703,35565.09,WALLET,success,none,0,0,94,19,0,0.0,0,0,0,none,1,35565.09
TX00271,C1197,1828.22,CARD,success,none,0,0,182,15,15,1.0,0,0,0,none,1,1828.22
TX00272,C2346,5887.49,NETBANKING,success,none,0,0,52,15,6,0.4,1,0,0,none,1,5887.49
TX00273,C1014,15025.9,UPI,success,none,0,0,366,3,3,1.0,0,0,0,none,1,15025.9
TX00274,C0971,10651.93,NETBANKING,failed,timeout,3,0,179,20,4,0.2,0,0,0,retry_payment,0,0.0
TX00275,C0244,28589.7,NETBANKING,success,none,0,0,182,11,11,1.0,1,0,0,none,1,28589.7
TX00276,C1096,47629.39,UPI,success,none,0,0,431,2,1,0.5,0,0,0,none,1,47629.39
TX00277,C0544,12633.93,NETBANKING,failed,technical_error,3,0,155,19,8,0.42,1,0,0,payment_link,1,12633.93
TX00278,C1651,25877.55,NETBANKING,failed,insufficient_funds,3,0,509,11,9,0.82,0,0,2,send_reminder,0,0.0
TX00279,C0382,36600.41,WALLET,success,none,0,0,376,3,3,1.0,0,0,0,none,1,36600.41
TX00280,C1760,41277.41,WALLET,success,none,0,0,300,11,8,0.73,0,0,0,none,1,41277.41
TX00281,C2319,42650.64,NETBANKING,failed,network_error,0,0,111,15,0,0.0,0,0,0,retry_payment,0,0.0
TX00282,C1808,22934.6,WALLET,success,none,0,0,145,10,2,0.2,1,0,0,none,1,22934.6
TX00283,C1477,12669.39,NETBANKING,failed,bank_error,0,0,415,10,3,0.3,1,3,0,payment_link,0,0.0
TX00284,C0875,23944.97,CARD,success,none,0,0,541,15,0,0.0,0,0,0,none,1,23944.97
TX00285,C1408,40892.03,WALLET,failed,technical_error,0,0,244,13,1,0.08,0,0,1,payment_link,1,40892.03
TX00286,C1226,7029.04,CARD,success,none,0,0,156,3,0,0.0,0,0,0,none,1,7029.04
TX00287,C1803,17689.15,CARD,success,none,0,0,165,14,9,0.64,1,15,0,none,1,17689.15
TX00288,C0356,44850.33,CARD,failed,timeout,3,0,369,14,5,0.36,0,0,0,retry_payment,0,0.0
TX00289,C1135,32302.1,CARD,success,none,0,0,301,1,1,1.0,0,0,0,none,1,32302.1
TX00290,C2121,30424.96,CARD,failed,insufficient_funds,0,0,255,16,12,0.75,0,0,2,send_reminder,1,30424.96
TX00291,C2433,3736.4,UPI,abandoned,checkout_dropoff,2,1,145,13,13,1.0,1,0,0,payment_link,0,0.0
TX00292,C0069,29450.7,UPI,success,none,0,0,50,2,1,0.5,1,1,0,none,1,29450.7
TX00293,C2053,38402.08,WALLET,failed,network_error,4,0,560,20,4,0.2,1,0,0,retry_payment,0,0.0
TX00294,C2095,46062.06,CARD,success,none,0,0,410,19,2,0.11,1,3,0,none,1,46062.06
TX00295,C0978,3083.72,UPI,abandoned,checkout_dropoff,0,1,474,20,19,0.95,0,0,2,send_reminder,0,0.0
TX00296,C0720,6148.26,CARD,failed,bank_error,3,0,365,17,16,0.94,1,0,1,payment_link,1,6148.26
TX00297,C0484,38617.23,UPI,success,none,0,0,449,9,8,0.89,0,0,0,none,1,38617.23
TX00298,C1078,35673.7,UPI,success,none,0,0,533,12,0,0.0,1,15,0,none,1,35673.7
TX00299,C0684,18510.85,NETBANKING,failed,timeout,0,0,243,17,0,0.0,0,0,0,retry_payment,0,0.0
TX00300,C1002,2489.88,NETBANKING,success,none,0,0,163,6,6,1.0,0,0,0,none,1,2489.88
TX00301,C2265,40195.15,WALLET,success,none,0,0,264,14,14,1.0,1,0,0,none,1,40195.15
TX00302,C0320,28662.49,UPI,success,none,0,0,63,6,1,0.17,0,0,0,none,1,28662.49
TX00303,C1643,3632.54,WALLET,failed,insufficient_funds,2,0,98,18,14,0.78,0,0,1,send_reminder,1,3632.54
TX00304,C2310,39268.46,CARD,success,none,0,0,515,7,3,0.43,0,0,0,none,1,39268.46
TX00305,C0027,46633.4,UPI,success,none,0,0,364,1,1,1.0,0,0,0,none,1,46633.4
TX00306,C1542,42480.5,NETBANKING,success,none,0,0,552,8,6,0.75,1,30,0,none,1,42480.5
TX00307,C0584,35640.29,UPI,success,none,0,0,247,17,13,0.76,1,0,0,none,1,35640.29
TX00308,C0348,29122.38,CARD,success,none,0,0,413,3,0,0.0,1,3,0,none,1,29122.38
TX00309,C0536,11991.23,NETBANKING,failed,technical_error,2,0,335,15,8,0.53,0,0,0,payment_link,1,11991.23
TX00310,C0558,39040.86,UPI,success,none,0,0,178,15,14,0.93,1,0,0,none,1,39040.86
TX00311,C2196,18042.71,CARD,success,none,0,0,484,9,1,0.11,0,0,0,none,1,18042.71
TX00312,C0646,40418.33,NETBANKING,failed,timeout,0,0,230,11,2,0.18,0,0,1,retry_payment,0,0.0
TX00313,C1624,25770.29,NETBANKING,success,none,0,0,188,1,1,1.0,1,1,0,none,1,25770.29
TX00314,C2254,12642.66,WALLET,success,none,0,0,153,4,0,0.0,0,0,0,none,1,12642.66
TX00315,C0911,6709.62,WALLET,success,none,0,0,96,19,18,0.95,1,15,0,none,1,6709.62
TX00316,C0308,1285.65,UPI,success,none,0,0,464,5,0,0.0,1,0,0,none,1,1285.65
TX00317,C1889,2721.76,WALLET,failed,technical_error,3,0,40,13,10,0.77,1,0,0,payment_link,1,2721.76
TX00318,C1127,14136.76,CARD,success,none,0,0,261,10,7,0.7,1,15,0,none,1,14136.76
TX00319,C1963,3236.76,NETBANKING,success,none,0,0,439,7,3,0.43,0,0,0,none,1,3236.76
TX00320,C1567,39139.41,NETBANKING,success,none,0,0,506,12,9,0.75,1,0,0,none,1,39139.41
TX00321,C0737,1497.94,CARD,success,none,0,0,297,2,1,0.5,1,7,0,none,1,1497.94
TX00322,C0954,48704.2,UPI,success,none,0,0,256,9,8,0.89,0,0,0,none,1,48704.2
TX00323,C0899,28869.47,WALLET,success,none,0,0,187,6,1,0.17,1,7,0,none,1,28869.47
TX00324,C1470,45716.2,UPI,failed,insufficient_funds,4,0,587,5,4,0.8,0,0,1,send_reminder,0,0.0
TX00325,C2221,15590.84,WALLET,success,none,0,0,67,8,3,0.38,0,0,0,none,1,15590.84
TX00326,C2157,24003.85,NETBANKING,abandoned,checkout_dropoff,1,1,143,11,11,1.0,0,0,0,send_reminder,1,24003.85
TX00327,C2403,35293.88,CARD,failed,timeout,2,0,84,12,11,0.92,1,1,1,retry_payment,0,0.0
TX00328,C1237,16265.64,CARD,failed,technical_error,3,0,334,6,5,0.83,1,0,0,payment_link,1,16265.64
TX00329,C1550,15479.8,NETBANKING,success,none,0,0,11,19,12,0.63,0,0,0,none,1,15479.8
TX00330,C0746,30198.96,CARD,success,none,0,0,116,16,4,0.25,1,3,0,none,1,30198.96
TX00331,C0975,17471.14,NETBANKING,success,none,0,0,100,11,7,0.64,0,0,0,none,1,17471.14
TX00332,C1087,10642.28,UPI,success,none,0,0,120,1,0,0.0,1,0,0,none,1,10642.28
TX00333,C1719,48461.27,WALLET,success,none,0,0,397,12,8,0.67,1,0,0,none,1,48461.27
TX00334,C1964,39478.75,CARD,success,none,0,0,85,2,1,0.5,0,0,0,none,1,39478.75
TX00335,C1306,13204.16,UPI,success,none,0,0,184,13,2,0.15,0,0,0,none,1,13204.16
TX00336,C2241,47103.34,UPI,success,none,0,0,504,1,1,1.0,0,0,0,none,1,47103.34
TX00337,C2488,44509.71,CARD,success,none,0,0,349,7,3,0.43,1,3,0,none,1,44509.71
TX00338,C2213,13410.19,NETBANKING,success,none,0,0,108,2,1,0.5,1,0,0,none,1,13410.19
TX00339,C1478,390.02,UPI,success,none,0,0,501,7,1,0.14,0,0,0,none,1,390.02
TX00340,C0848,8707.44,NETBANKING,abandoned,checkout_dropoff,3,1,128,10,6,0.6,1,0,2,send_reminder,1,8707.44
TX00341,C1588,9407.08,WALLET,success,none,0,0,466,2,1,0.5,1,0,0,none,1,9407.08
TX00342,C0927,41886.52,UPI,success,none,0,0,109,3,2,0.67,1,30,0,none,1,41886.52
TX00343,C2416,11530.14,UPI,failed,timeout,3,0,558,16,7,0.44,1,0,1,retry_payment,0,0.0
TX00344,C0143,25204.65,CARD,success,none,0,0,469,6,1,0.17,0,0,0,none,1,25204.65
TX00345,C0790,6484.06,WALLET,success,none,0,0,455,7,2,0.29,1,0,0,none,1,6484.06
TX00346,C0275,4533.97,WALLET,success,none,0,0,292,17,14,0.82,0,0,0,none,1,4533.97
TX00347,C2407,26223.59,WALLET,success,none,0,0,163,5,4,0.8,0,0,0,none,1,26223.59
TX00348,C0433,28221.65,UPI,failed,timeout,2,0,430,9,6,0.67,1,1,1,retry_payment,0,0.0
TX00349,C0154,8775.55,WALLET,success,none,0,0,421,2,1,0.5,1,3,0,none,1,8775.55
TX00350,C0202,37338.34,NETBANKING,failed,network_error,2,0,320,10,4,0.4,1,15,2,retry_payment,0,0.0
TX00351,C0403,48630.33,CARD,success,none,0,0,463,11,4,0.36,1,1,0,none,1,48630.33
TX00352,C0366,9559.2,CARD,abandoned,checkout_dropoff,3,1,506,17,11,0.65,0,0,2,payment_link,1,9559.2
TX00353,C2076,20288.58,UPI,success,none,0,0,215,2,0,0.0,0,0,0,none,1,20288.58
TX00354,C1870,2717.85,NETBANKING,failed,insufficient_funds,2,0,485,17,12,0.71,0,0,0,send_reminder,0,0.0
TX00355,C1526,24541.58,WALLET,success,none,0,0,495,19,17,0.89,1,0,0,none,1,24541.58
TX00356,C1060,37498.26,UPI,success,none,0,0,405,2,0,0.0,0,0,0,none,1,37498.26
TX00357,C0907,32439.52,CARD,success,none,0,0,429,17,0,0.0,0,0,0,none,1,32439.52
TX00358,C1942,45593.47,CARD,success,none,0,0,18,8,4,0.5,1,3,0,none,1,45593.47
TX00359,C1128,21305.58,WALLET,failed,technical_error,2,0,233,15,9,0.6,1,1,2,payment_link,1,21305.58
TX00360,C1533,28160.56,NETBANKING,success,none,0,0,120,16,2,0.12,1,30,0,none,1,28160.56
TX00361,C1332,43102.28,NETBANKING,failed,insufficient_funds,1,0,163,17,7,0.41,0,0,2,send_reminder,0,0.0
TX00362,C1656,33094.41,CARD,failed,technical_error,2,0,275,14,6,0.43,1,3,2,payment_link,0,0.0
TX00363,C0778,17289.72,CARD,failed,technical_error,2,0,529,10,2,0.2,0,0,1,payment_link,1,17289.72
TX00364,C0525,37097.76,CARD,abandoned,checkout_dropoff,2,1,101,8,5,0.62,0,0,1,send_reminder,1,37097.76
TX00365,C1523,13175.85,NETBANKING,success,none,0,0,130,16,1,0.06,0,0,0,none,1,13175.85
TX00366,C1935,44493.42,UPI,failed,technical_error,4,0,315,14,0,0.0,0,0,0,payment_link,1,44493.42
TX00367,C1404,20577.75,WALLET,success,none,0,0,194,3,3,1.0,1,1,0,none,1,20577.75
TX00368,C0725,15808.02,UPI,success,none,0,0,290,7,2,0.29,0,0,0,none,1,15808.02
TX00369,C2006,39303.5,UPI,success,none,0,0,454,14,6,0.43,1,30,0,none,1,39303.5
TX00370,C1571,432.52,CARD,failed,network_error,2,0,553,7,0,0.0,0,0,2,retry_payment,0,0.0
TX00371,C1020,11468.03,NETBANKING,success,none,0,0,115,13,8,0.62,1,0,0,none,1,11468.03
TX00372,C0188,15050.47,NETBANKING,success,none,0,0,542,20,16,0.8,1,0,0,none,1,15050.47
TX00373,C0549,17268.1,WALLET,success,none,0,0,202,6,6,1.0,1,0,0,none,1,17268.1
TX00374,C0919,36413.01,CARD,success,none,0,0,32,19,16,0.84,0,0,0,none,1,36413.01
TX00375,C0505,18456.25,UPI,success,none,0,0,271,18,1,0.06,0,0,0,none,1,18456.25
TX00376,C0443,32747.67,UPI,success,none,0,0,128,14,7,0.5,1,0,0,none,1,32747.67
TX00377,C1036,23824.94,CARD,success,none,0,0,19,10,6,0.6,0,0,0,none,1,23824.94
TX00378,C2132,13644.86,CARD,success,none,0,0,117,17,3,0.18,1,0,0,none,1,13644.86
TX00379,C0436,24987.41,CARD,failed,timeout,1,0,376,14,4,0.29,0,0,1,retry_payment,1,24987.41
TX00380,C0851,34472.55,WALLET,success,none,0,0,12,1,0,0.0,0,0,0,none,1,34472.55
TX00381,C2352,33517.29,CARD,abandoned,checkout_dropoff,4,1,86,4,2,0.5,0,0,1,send_reminder,0,0.0
TX00382,C1082,23321.01,UPI,failed,network_error,2,0,378,11,6,0.55,0,0,0,retry_payment,0,0.0
TX00383,C0188,681.68,CARD,failed,bank_error,2,0,376,15,8,0.53,0,0,1,payment_link,0,0.0
TX00384,C0750,5868.83,WALLET,abandoned,checkout_dropoff,2,1,404,16,13,0.81,0,0,2,payment_link,1,5868.83
TX00385,C0241,49082.14,CARD,success,none,0,0,504,19,14,0.74,0,0,0,none,1,49082.14
TX00386,C1556,39002.38,UPI,failed,bank_error,3,0,509,4,3,0.75,1,0,1,payment_link,1,39002.38
TX00387,C0051,35287.5,CARD,abandoned,checkout_dropoff,2,1,541,17,3,0.18,1,3,2,payment_link,0,0.0
TX00388,C1577,7602.99,UPI,success,none,0,0,170,17,15,0.88,1,15,0,none,1,7602.99
TX00389,C0307,37621.21,NETBANKING,success,none,0,0,294,2,2,1.0,0,0,0,none,1,37621.21
TX00390,C2255,32237.2,WALLET,failed,network_error,3,0,464,19,14,0.74,0,0,1,retry_payment,0,0.0
TX00391,C1832,15939.86,WALLET,failed,network_error,0,0,423,14,0,0.0,0,0,2,retry_payment,0,0.0
TX00392,C1248,44527.52,CARD,failed,technical_error,2,0,382,2,0,0.0,1,0,2,payment_link,0,0.0
TX00393,C1938,35889.57,NETBANKING,failed,network_error,0,0,237,1,1,1.0,1,7,1,retry_payment,0,0.0
TX00394,C2244,26194.86,UPI,success,none,0,0,178,16,4,0.25,1,0,0,none,1,26194.86
TX00395,C0803,9539.66,WALLET,success,none,0,0,205,11,1,0.09,1,0,0,none,1,9539.66
TX00396,C2412,6336.32,WALLET,success,none,0,0,526,5,3,0.6,0,0,0,none,1,6336.32
TX00397,C2173,36863.45,WALLET,failed,technical_error,4,0,191,19,5,0.26,0,0,2,payment_link,1,36863.45
TX00398,C2460,30386.81,NETBANKING,success,none,0,0,403,14,9,0.64,0,0,0,none,1,30386.81
TX00399,C1121,20013.93,NETBANKING,abandoned,checkout_dropoff,3,1,146,5,3,0.6,1,7,2,send_reminder,0,0.0
TX00400,C0891,10204.28,NETBANKING,failed,bank_error,1,0,525,18,10,0.56,0,0,2,payment_link,0,0.0
TX00401,C1968,29223.75,WALLET,failed,timeout,2,0,442,1,0,0.0,0,0,1,retry_payment,0,0.0
TX00402,C0596,2842.64,UPI,success,none,0,0,174,10,10,1.0,1,0,0,none,1,2842.64
TX00403,C0255,34591.62,NETBANKING,success,none,0,0,564,2,1,0.5,1,0,0,none,1,34591.62
TX00404,C2302,43269.11,WALLET,success,none,0,0,304,2,1,0.5,1,0,0,none,1,43269.11
TX00405,C1281,48298.49,UPI,success,none,0,0,267,7,7,1.0,0,0,0,none,1,48298.49
TX00406,C1507,37804.36,CARD,failed,bank_error,2,0,469,6,5,0.83,0,0,0,payment_link,1,37804.36
TX00407,C2105,6143.82,UPI,success,none,0,0,579,9,2,0.22,0,0,0,none,1,6143.82
TX00408,C2393,42331.51,UPI,success,none,0,0,168,2,0,0.0,1,1,0,none,1,42331.51
TX00409,C1234,24629.44,NETBANKING,success,none,0,0,335,17,7,0.41,0,0,0,none,1,24629.44
TX00410,C2133,3595.19,CARD,success,none,0,0,559,13,1,0.08,1,0,0,none,1,3595.19
TX00411,C0874,33234.06,NETBANKING,success,none,0,0,233,20,16,0.8,1,30,0,none,1,33234.06
TX00412,C0037,5913.15,NETBANKING,success,none,0,0,259,2,2,1.0,1,0,0,none,1,5913.15
TX00413,C0465,19416.62,NETBANKING,success,none,0,0,539,12,8,0.67,1,0,0,none,1,19416.62
TX00414,C1215,44934.42,CARD,success,none,0,0,94,4,1,0.25,0,0,0,none,1,44934.42
TX00415,C0269,10696.92,CARD,failed,technical_error,0,0,220,18,13,0.72,0,0,0,payment_link,0,0.0
TX00416,C0098,23069.42,NETBANKING,success,none,0,0,85,2,0,0.0,1,1,0,none,1,23069.42
TX00417,C2356,41116.64,NETBANKING,success,none,0,0,471,13,6,0.46,1,0,0,none,1,41116.64
TX00418,C0485,26834.75,UPI,failed,timeout,0,0,84,12,8,0.67,0,0,2,retry_payment,1,26834.75
TX00419,C1235,30406.98,NETBANKING,failed,technical_error,3,0,414,1,1,1.0,0,0,0,payment_link,1,30406.98
TX00420,C1602,39879.17,NETBANKING,abandoned,checkout_dropoff,1,1,315,12,0,0.0,0,0,2,payment_link,1,39879.17
TX00421,C2444,19825.27,UPI,success,none,0,0,362,7,6,0.86,0,0,0,none,1,19825.27
TX00422,C0660,9362.84,NETBANKING,success,none,0,0,195,19,1,0.05,1,1,0,none,1,9362.84
TX00423,C0300,14674.5,UPI,success,none,0,0,212,19,15,0.79,1,0,0,none,1,14674.5
TX00424,C0961,5182.24,UPI,abandoned,checkout_dropoff,2,1,507,15,10,0.67,1,3,1,payment_link,1,5182.24
TX00425,C1296,47941.21,CARD,success,none,0,0,262,8,6,0.75,1,7,0,none,1,47941.21
TX00426,C0551,34043.09,NETBANKING,failed,technical_error,3,0,377,10,7,0.7,0,0,2,payment_link,1,34043.09
TX00427,C0336,42121.29,CARD,failed,bank_error,2,0,88,3,0,0.0,0,0,2,payment_link,0,0.0
TX00428,C1660,38506.17,CARD,abandoned,checkout_dropoff,4,1,276,18,17,0.94,1,3,0,payment_link,1,38506.17
TX00429,C2416,36714.7,NETBANKING,success,none,0,0,523,17,2,0.12,1,0,0,none,1,36714.7
TX00430,C0044,33201.39,CARD,failed,bank_error,3,0,173,6,4,0.67,0,0,1,payment_link,0,0.0
TX00431,C1470,2212.91,WALLET,success,none,0,0,280,12,3,0.25,0,0,0,none,1,2212.91
TX00432,C0847,25990.68,NETBANKING,success,none,0,0,475,2,0,0.0,1,0,0,none,1,25990.68
TX00433,C2136,31751.64,NETBANKING,failed,insufficient_funds,4,0,567,19,5,0.26,1,3,2,send_reminder,1,31751.64
TX00434,C0319,25929.81,WALLET,abandoned,checkout_dropoff,1,1,538,13,5,0.38,1,0,0,send_reminder,0,0.0
TX00435,C2056,44125.31,WALLET,success,none,0,0,88,17,8,0.47,0,0,0,none,1,44125.31
TX00436,C0616,9507.9,NETBANKING,success,none,0,0,131,8,6,0.75,1,3,0,none,1,9507.9
TX00437,C1973,33826.43,WALLET,success,none,0,0,175,14,0,0.0,0,0,0,none,1,33826.43
TX00438,C0177,6568.68,CARD,success,none,0,0,534,2,2,1.0,0,0,0,none,1,6568.68
TX00439,C0230,8483.8,CARD,success,none,0,0,425,20,18,0.9,0,0,0,none,1,8483.8
TX00440,C1162,47373.24,CARD,success,none,0,0,492,16,5,0.31,0,0,0,none,1,47373.24
TX00441,C1683,30121.77,CARD,success,none,0,0,533,9,2,0.22,1,15,0,none,1,30121.77
TX00442,C2444,29611.68,CARD,success,none,0,0,145,4,0,0.0,0,0,0,none,1,29611.68
TX00443,C2142,43007.67,WALLET,failed,timeout,0,0,191,16,1,0.06,0,0,2,retry_payment,1,43007.67
TX00444,C0534,45118.84,UPI,failed,technical_error,4,0,440,12,0,0.0,1,0,1,payment_link,0,0.0
TX00445,C1436,29534.59,UPI,success,none,0,0,270,16,7,0.44,0,0,0,none,1,29534.59
TX00446,C1161,29994.96,WALLET,success,none,0,0,15,1,0,0.0,0,0,0,none,1,29994.96
TX00447,C1537,32796.4,NETBANKING,success,none,0,0,119,5,3,0.6,1,0,0,none,1,32796.4
TX00448,C2196,21293.37,NETBANKING,success,none,0,0,416,7,6,0.86,1,0,0,none,1,21293.37
TX00449,C2291,27834.59,NETBANKING,abandoned,checkout_dropoff,4,1,362,13,11,0.85,0,0,1,payment_link,0,0.0
TX00450,C0663,5193.88,WALLET,failed,timeout,4,0,63,6,3,0.5,0,0,0,retry_payment,0,0.0
TX00451,C0596,23689.1,WALLET,success,none,0,0,279,8,5,0.62,0,0,0,none,1,23689.1
TX00452,C2495,2080.22,WALLET,abandoned,checkout_dropoff,3,1,543,10,9,0.9,0,0,1,payment_link,1,2080.22
TX00453,C0044,10245.02,NETBANKING,success,none,0,0,532,17,7,0.41,0,0,0,none,1,10245.02
TX00454,C0148,18115.05,UPI,abandoned,checkout_dropoff,0,1,292,13,5,0.38,1,0,2,payment_link,0,0.0
TX00455,C0282,45975.04,NETBANKING,failed,timeout,4,0,366,12,4,0.33,0,0,2,retry_payment,0,0.0
TX00456,C0797,22847.0,WALLET,success,none,0,0,277,6,3,0.5,0,0,0,none,1,22847.0
TX00457,C2289,3804.82,NETBANKING,success,none,0,0,129,17,8,0.47,1,3,0,none,1,3804.82
TX00458,C1545,28245.8,CARD,failed,technical_error,3,0,38,16,3,0.19,1,0,0,payment_link,0,0.0
TX00459,C0942,40048.04,WALLET,abandoned,checkout_dropoff,4,1,558,1,1,1.0,0,0,2,send_reminder,1,40048.04
TX00460,C1401,3986.24,CARD,success,none,0,0,372,7,4,0.57,0,0,0,none,1,3986.24
TX00461,C0779,25050.17,CARD,success,none,0,0,257,9,3,0.33,0,0,0,none,1,25050.17
TX00462,C0831,41780.04,NETBANKING,success,none,0,0,119,4,0,0.0,1,1,0,none,1,41780.04
TX00463,C2218,47908.06,WALLET,success,none,0,0,332,16,8,0.5,1,0,0,none,1,47908.06
TX00464,C2094,14157.28,CARD,failed,bank_error,0,0,548,14,7,0.5,0,0,1,payment_link,0,0.0
TX00465,C0716,22968.36,UPI,failed,technical_error,2,0,18,1,0,0.0,1,1,2,payment_link,1,22968.36
TX00466,C1064,9520.19,NETBANKING,success,none,0,0,492,20,10,0.5,1,0,0,none,1,9520.19
TX00467,C1737,10684.52,NETBANKING,success,none,0,0,420,9,7,0.78,0,0,0,none,1,10684.52
TX00468,C2341,6730.73,CARD,failed,insufficient_funds,1,0,578,14,13,0.93,1,0,2,send_reminder,0,0.0
TX00469,C0613,23754.75,UPI,success,none,0,0,521,5,5,1.0,1,7,0,none,1,23754.75
TX00470,C1229,12698.51,UPI,success,none,0,0,177,2,0,0.0,1,0,0,none,1,12698.51
TX00471,C0395,22602.77,NETBANKING,success,none,0,0,378,18,17,0.94,1,0,0,none,1,22602.77
TX00472,C1687,6237.63,CARD,success,none,0,0,561,6,6,1.0,1,0,0,none,1,6237.63
TX00473,C2091,24477.19,WALLET,failed,technical_error,4,0,303,15,4,0.27,0,0,1,payment_link,0,0.0
TX00474,C1728,31637.42,WALLET,failed,network_error,0,0,175,11,3,0.27,1,0,1,retry_payment,1,31637.42
TX00475,C2480,32303.29,NETBANKING,failed,insufficient_funds,4,0,543,15,13,0.87,0,0,0,send_reminder,1,32303.29
TX00476,C0513,36443.07,NETBANKING,abandoned,checkout_dropoff,0,1,225,6,3,0.5,0,0,1,payment_link,1,36443.07
TX00477,C2247,2880.51,WALLET,success,none,0,0,95,4,2,0.5,0,0,0,none,1,2880.51
TX00478,C0346,32810.67,WALLET,success,none,0,0,263,10,7,0.7,0,0,0,none,1,32810.67
TX00479,C0538,26431.77,CARD,success,none,0,0,375,11,7,0.64,1,30,0,none,1,26431.77
TX00480,C2215,46755.91,WALLET,success,none,0,0,562,6,4,0.67,1,1,0,none,1,46755.91
TX00481,C2311,21861.87,NETBANKING,abandoned,checkout_dropoff,3,1,562,8,1,0.12,1,0,1,send_reminder,1,21861.87
TX00482,C0044,204.6,CARD,success,none,0,0,490,18,0,0.0,1,30,0,none,1,204.6
TX00483,C1955,15120.6,WALLET,failed,timeout,1,0,17,18,11,0.61,0,0,2,retry_payment,1,15120.6
TX00484,C1791,19858.65,CARD,failed,technical_error,3,0,235,9,1,0.11,1,1,2,payment_link,0,0.0
TX00485,C1114,14376.91,NETBANKING,success,none,0,0,80,6,1,0.17,1,0,0,none,1,14376.91
TX00486,C1866,30962.92,NETBANKING,failed,technical_error,1,0,338,1,0,0.0,0,0,0,payment_link,0,0.0
TX00487,C0762,48622.16,NETBANKING,success,none,0,0,458,1,0,0.0,0,0,0,none,1,48622.16
TX00488,C0618,933.3,CARD,success,none,0,0,329,16,11,0.69,1,3,0,none,1,933.3
TX00489,C0130,16646.38,CARD,success,none,0,0,411,3,3,1.0,0,0,0,none,1,16646.38
TX00490,C0788,44805.81,NETBANKING,failed,network_error,0,0,264,13,12,0.92,1,0,0,retry_payment,0,0.0
TX00491,C1888,36819.07,UPI,success,none,0,0,223,16,12,0.75,1,30,0,none,1,36819.07
TX00492,C0650,31532.38,UPI,failed,timeout,4,0,135,9,7,0.78,1,0,0,retry_payment,0,0.0
TX00493,C0893,48669.05,CARD,success,none,0,0,342,1,0,0.0,1,1,0,none,1,48669.05
TX00494,C1622,39499.36,UPI,abandoned,checkout_dropoff,4,1,496,20,4,0.2,1,7,0,payment_link,1,39499.36
TX00495,C1387,46556.27,UPI,success,none,0,0,167,18,3,0.17,0,0,0,none,1,46556.27
TX00496,C1999,11787.2,NETBANKING,failed,technical_error,1,0,31,13,5,0.38,0,0,0,payment_link,1,11787.2
TX00497,C1988,35389.97,NETBANKING,success,none,0,0,511,7,2,0.29,1,0,0,none,1,35389.97
TX00498,C1919,13911.16,CARD,success,none,0,0,168,15,9,0.6,1,1,0,none,1,13911.16
TX00499,C1860,235.85,WALLET,failed,network_error,4,0,382,20,7,0.35,1,3,2,retry_payment,0,0.0
TX00500,C2208,40988.68,CARD,success,none,0,0,519,18,4,0.22,1,0,0,none,1,40988.68
TX00501,C1320,5701.11,UPI,success,none,0,0,142,6,6,1.0,0,0,0,none,1,5701.11
TX00502,C0828,5531.35,CARD,success,none,0,0,594,13,10,0.77,1,1,0,none,1,5531.35
TX00503,C2418,12945.74,NETBANKING,success,none,0,0,82,1,0,0.0,1,15,0,none,1,12945.74
TX00504,C0328,23509.35,UPI,success,none,0,0,435,12,12,1.0,0,0,0,none,1,23509.35
TX00505,C1089,26545.24,UPI,failed,network_error,1,0,541,4,0,0.0,0,0,0,retry_payment,1,26545.24
TX00506,C0792,26404.36,CARD,success,none,0,0,193,18,17,0.94,1,3,0,none,1,26404.36
TX00507,C2362,18026.58,WALLET,failed,technical_error,0,0,180,6,4,0.67,1,1,2,payment_link,0,0.0
TX00508,C2458,22262.01,NETBANKING,abandoned,checkout_dropoff,4,1,342,12,6,0.5,1,7,2,send_reminder,0,0.0
TX00509,C2235,10853.62,NETBANKING,success,none,0,0,473,15,12,0.8,0,0,0,none,1,10853.62
TX00510,C0142,49151.23,UPI,success,none,0,0,319,1,1,1.0,0,0,0,none,1,49151.23
TX00511,C0880,42814.88,UPI,failed,insufficient_funds,4,0,533,18,18,1.0,0,0,1,send_reminder,1,42814.88
TX00512,C1457,7974.13,NETBANKING,success,none,0,0,265,8,4,0.5,1,0,0,none,1,7974.13
TX00513,C1638,28539.43,CARD,failed,insufficient_funds,3,0,187,16,3,0.19,1,0,1,send_reminder,0,0.0
TX00514,C0322,39050.07,NETBANKING,success,none,0,0,454,14,14,1.0,0,0,0,none,1,39050.07
TX00515,C0929,37434.4,UPI,success,none,0,0,401,2,1,0.5,0,0,0,none,1,37434.4
TX00516,C1308,27088.5,CARD,success,none,0,0,236,5,0,0.0,1,30,0,none,1,27088.5
TX00517,C2438,28847.69,UPI,success,none,0,0,306,13,2,0.15,0,0,0,none,1,28847.69
TX00518,C1377,4310.75,UPI,success,none,0,0,278,3,3,1.0,1,7,0,none,1,4310.75
TX00519,C0535,38149.24,WALLET,success,none,0,0,509,13,10,0.77,0,0,0,none,1,38149.24
TX00520,C2299,30876.64,CARD,success,none,0,0,282,14,5,0.36,0,0,0,none,1,30876.64
TX00521,C0461,33653.03,WALLET,success,none,0,0,205,11,5,0.45,0,0,0,none,1,33653.03
TX00522,C1249,8628.91,NETBANKING,success,none,0,0,462,20,4,0.2,1,0,0,none,1,8628.91
TX00523,C0957,10144.32,NETBANKING,success,none,0,0,97,4,0,0.0,0,0,0,none,1,10144.32
TX00524,C0605,43463.87,NETBANKING,success,none,0,0,123,10,7,0.7,1,0,0,none,1,43463.87
TX00525,C0857,37052.65,CARD,success,none,0,0,545,9,8,0.89,1,1,0,none,1,37052.65
TX00526,C0579,34814.54,UPI,success,none,0,0,549,2,1,0.5,0,0,0,none,1,34814.54
TX00527,C0247,14343.87,NETBANKING,success,none,0,0,18,3,3,1.0,1,3,0,none,1,14343.87
TX00528,C1476,43241.26,UPI,success,none,0,0,405,8,6,0.75,0,0,0,none,1,43241.26
TX00529,C1293,24336.18,UPI,success,none,0,0,522,15,0,0.0,0,0,0,none,1,24336.18
TX00530,C1014,46129.05,NETBANKING,success,none,0,0,412,6,0,0.0,1,3,0,none,1,46129.05
TX00531,C1456,31336.5,CARD,abandoned,checkout_dropoff,4,1,292,2,2,1.0,1,15,1,payment_link,0,0.0
TX00532,C0924,7755.07,WALLET,failed,network_error,3,0,543,20,20,1.0,0,0,1,retry_payment,0,0.0
TX00533,C0985,28730.35,WALLET,abandoned,checkout_dropoff,4,1,347,15,4,0.27,0,0,2,payment_link,0,0.0
TX00534,C0829,43156.87,NETBANKING,failed,timeout,1,0,450,5,5,1.0,0,0,2,retry_payment,1,43156.87
TX00535,C2184,47440.36,UPI,success,none,0,0,159,1,1,1.0,1,30,0,none,1,47440.36
TX00536,C1243,22261.62,NETBANKING,success,none,0,0,202,4,1,0.25,0,0,0,none,1,22261.62
TX00537,C0108,38169.88,NETBANKING,success,none,0,0,246,20,7,0.35,0,0,0,none,1,38169.88
TX00538,C0107,18091.21,WALLET,success,none,0,0,490,12,2,0.17,1,0,0,none,1,18091.21
TX00539,C0564,8356.56,CARD,success,none,0,0,25,9,6,0.67,0,0,0,none,1,8356.56
TX00540,C0831,37937.27,UPI,success,none,0,0,459,20,15,0.75,1,15,0,none,1,37937.27
TX00541,C1011,21492.27,UPI,success,none,0,0,399,11,6,0.55,0,0,0,none,1,21492.27
TX00542,C2133,5643.95,WALLET,failed,network_error,1,0,541,18,12,0.67,0,0,2,retry_payment,1,5643.95
TX00543,C0202,9654.55,WALLET,success,none,0,0,321,10,7,0.7,0,0,0,none,1,9654.55
TX00544,C1731,14862.1,UPI,failed,bank_error,3,0,472,3,0,0.0,0,0,2,payment_link,0,0.0
TX00545,C2239,6938.27,WALLET,success,none,0,0,35,6,3,0.5,0,0,0,none,1,6938.27
TX00546,C1863,4690.95,NETBANKING,failed,bank_error,0,0,103,4,3,0.75,1,0,2,payment_link,0,0.0
TX00547,C2096,30681.21,CARD,success,none,0,0,399,2,0,0.0,1,1,0,none,1,30681.21
TX00548,C0615,8273.78,CARD,success,none,0,0,62,14,4,0.29,1,3,0,none,1,8273.78
TX00549,C1828,14581.27,CARD,success,none,0,0,144,7,0,0.0,1,0,0,none,1,14581.27
TX00550,C2039,42799.47,UPI,success,none,0,0,515,8,3,0.38,1,0,0,none,1,42799.47
TX00551,C1810,4154.36,UPI,success,none,0,0,570,9,9,1.0,0,0,0,none,1,4154.36
TX00552,C0201,9405.03,UPI,failed,network_error,1,0,43,19,19,1.0,1,0,0,retry_payment,1,9405.03
TX00553,C1708,49688.01,CARD,failed,timeout,4,0,596,18,5,0.28,1,3,1,retry_payment,0,0.0
TX00554,C0147,4837.69,NETBANKING,success,none,0,0,398,3,3,1.0,0,0,0,none,1,4837.69
TX00555,C1200,23646.68,UPI,failed,insufficient_funds,2,0,549,14,8,0.57,0,0,2,send_reminder,0,0.0
TX00556,C0239,5643.25,UPI,success,none,0,0,304,14,9,0.64,1,0,0,none,1,5643.25
TX00557,C2356,49752.21,NETBANKING,abandoned,checkout_dropoff,4,1,586,16,16,1.0,1,0,0,payment_link,0,0.0
TX00558,C1190,48967.03,UPI,success,none,0,0,486,4,1,0.25,1,0,0,none,1,48967.03
TX00559,C1368,17612.57,CARD,success,none,0,0,216,10,4,0.4,0,0,0,none,1,17612.57
TX00560,C1261,15154.14,NETBANKING,failed,network_error,2,0,359,13,11,0.85,0,0,0,retry_payment,0,0.0
TX00561,C0795,16659.64,NETBANKING,abandoned,checkout_dropoff,3,1,495,2,2,1.0,0,0,1,send_reminder,1,16659.64
TX00562,C2200,44817.24,WALLET,failed,technical_error,0,0,543,10,9,0.9,1,1,2,payment_link,1,44817.24
TX00563,C1359,40016.86,NETBANKING,success,none,0,0,162,9,0,0.0,1,30,0,none,1,40016.86
TX00564,C2189,42151.81,WALLET,success,none,0,0,129,10,5,0.5,0,0,0,none,1,42151.81
TX00565,C1113,20810.7,WALLET,failed,insufficient_funds,3,0,319,7,4,0.57,0,0,0,send_reminder,1,20810.7
TX00566,C0828,45685.02,WALLET,success,none,0,0,504,17,4,0.24,0,0,0,none,1,45685.02
TX00567,C1394,46197.11,NETBANKING,failed,bank_error,0,0,538,5,1,0.2,0,0,2,payment_link,0,0.0
TX00568,C2140,5968.63,NETBANKING,abandoned,checkout_dropoff,4,1,99,11,7,0.64,0,0,2,payment_link,1,5968.63
TX00569,C1280,1319.52,NETBANKING,success,none,0,0,224,11,3,0.27,0,0,0,none,1,1319.52
TX00570,C1174,13977.15,NETBANKING,failed,network_error,2,0,162,6,2,0.33,0,0,0,retry_payment,0,0.0
TX00571,C2293,25800.22,CARD,success,none,0,0,572,11,4,0.36,0,0,0,none,1,25800.22
TX00572,C1161,28789.33,CARD,success,none,0,0,356,18,14,0.78,0,0,0,none,1,28789.33
TX00573,C0533,1643.84,UPI,success,none,0,0,65,3,3,1.0,1,0,0,none,1,1643.84
TX00574,C2442,44585.54,WALLET,success,none,0,0,329,11,3,0.27,0,0,0,none,1,44585.54
TX00575,C1908,28475.91,UPI,failed,technical_error,0,0,476,10,10,1.0,1,0,0,payment_link,0,0.0
TX00576,C1057,45660.51,WALLET,success,none,0,0,348,11,7,0.64,1,0,0,none,1,45660.51
TX00577,C1947,5821.78,WALLET,success,none,0,0,184,10,5,0.5,0,0,0,none,1,5821.78
TX00578,C2081,5326.02,UPI,success,none,0,0,82,10,8,0.8,1,0,0,none,1,5326.02
TX00579,C1694,12081.05,CARD,success,none,0,0,503,13,1,0.08,1,0,0,none,1,12081.05
TX00580,C2421,21671.2,WALLET,success,none,0,0,360,18,7,0.39,0,0,0,none,1,21671.2
TX00581,C0320,37020.48,WALLET,success,none,0,0,484,11,8,0.73,0,0,0,none,1,37020.48
TX00582,C1824,8973.47,WALLET,success,none,0,0,121,20,12,0.6,1,0,0,none,1,8973.47
TX00583,C0252,4708.54,CARD,failed,network_error,1,0,162,15,9,0.6,1,1,0,retry_payment,1,4708.54
TX00584,C1297,15126.82,NETBANKING,abandoned,checkout_dropoff,3,1,362,3,0,0.0,1,7,2,send_reminder,1,15126.82
TX00585,C0218,242.0,NETBANKING,success,none,0,0,298,1,0,0.0,1,3,0,none,1,242.0
TX00586,C1615,31335.67,WALLET,success,none,0,0,455,18,6,0.33,0,0,0,none,1,31335.67
TX00587,C1946,7125.63,WALLET,failed,insufficient_funds,3,0,167,10,10,1.0,0,0,0,send_reminder,1,7125.63
TX00588,C0065,7371.0,WALLET,failed,bank_error,0,0,150,14,13,0.93,1,15,1,payment_link,0,0.0
TX00589,C0737,22828.84,WALLET,success,none,0,0,470,13,5,0.38,0,0,0,none,1,22828.84
TX00590,C0762,21353.64,UPI,success,none,0,0,252,17,8,0.47,1,15,0,none,1,21353.64
TX00591,C2361,18475.11,UPI,success,none,0,0,387,4,4,1.0,1,30,0,none,1,18475.11
TX00592,C0328,7275.96,NETBANKING,success,none,0,0,90,17,2,0.12,0,0,0,none,1,7275.96
TX00593,C1936,31607.01,UPI,failed,timeout,4,0,329,20,1,0.05,1,1,0,retry_payment,0,0.0
TX00594,C1921,22810.93,WALLET,success,none,0,0,349,14,5,0.36,1,0,0,none,1,22810.93
TX00595,C0145,34813.55,NETBANKING,failed,timeout,2,0,72,16,5,0.31,0,0,2,retry_payment,0,0.0
TX00596,C1196,40483.01,UPI,success,none,0,0,94,5,4,0.8,0,0,0,none,1,40483.01
TX00597,C1139,12752.14,NETBANKING,success,none,0,0,273,1,0,0.0,0,0,0,none,1,12752.14
TX00598,C2424,37000.57,WALLET,success,none,0,0,189,9,3,0.33,1,0,0,none,1,37000.57
TX00599,C2161,43128.32,NETBANKING,abandoned,checkout_dropoff,1,1,167,16,13,0.81,1,0,0,send_reminder,0,0.0
TX00600,C0864,28972.32,NETBANKING,success,none,0,0,280,4,0,0.0,0,0,0,none,1,28972.32
TX00601,C1901,20057.49,NETBANKING,success,none,0,0,555,8,6,0.75,1,0,0,none,1,20057.49
TX00602,C0595,26616.02,WALLET,success,none,0,0,469,13,10,0.77,1,30,0,none,1,26616.02
TX00603,C0169,5048.74,NETBANKING,abandoned,checkout_dropoff,3,1,289,11,4,0.36,1,7,1,send_reminder,0,0.0
TX00604,C1889,38702.92,CARD,failed,timeout,1,0,542,11,10,0.91,0,0,0,retry_payment,1,38702.92
TX00605,C0035,41618.14,UPI,success,none,0,0,547,4,3,0.75,1,0,0,none,1,41618.14
TX00606,C1161,12744.43,UPI,success,none,0,0,104,2,2,1.0,0,0,0,none,1,12744.43
TX00607,C2456,31976.53,UPI,success,none,0,0,143,13,10,0.77,0,0,0,none,1,31976.53
TX00608,C0455,34843.55,NETBANKING,success,none,0,0,87,15,8,0.53,1,3,0,none,1,34843.55
TX00609,C1325,13015.36,UPI,success,none,0,0,73,13,6,0.46,1,30,0,none,1,13015.36
TX00610,C1058,47789.16,NETBANKING,success,none,0,0,81,16,6,0.38,1,0,0,none,1,47789.16
TX00611,C2016,5599.84,WALLET,success,none,0,0,118,15,8,0.53,0,0,0,none,1,5599.84
TX00612,C0143,3831.39,NETBANKING,failed,network_error,3,0,162,1,0,0.0,1,0,2,retry_payment,0,0.0
TX00613,C1351,45249.95,UPI,success,none,0,0,512,16,13,0.81,1,7,0,none,1,45249.95
TX00614,C0288,27098.41,UPI,success,none,0,0,503,4,4,1.0,1,0,0,none,1,27098.41
TX00615,C1241,20150.62,UPI,success,none,0,0,358,3,3,1.0,1,1,0,none,1,20150.62
TX00616,C0724,27812.88,WALLET,failed,insufficient_funds,3,0,119,12,7,0.58,0,0,1,send_reminder,0,0.0
TX00617,C0777,7169.16,CARD,success,none,0,0,254,16,12,0.75,0,0,0,none,1,7169.16
TX00618,C2215,32241.7,WALLET,success,none,0,0,470,1,0,0.0,1,0,0,none,1,32241.7
TX00619,C0176,20394.29,CARD,failed,timeout,3,0,559,5,5,1.0,0,0,0,retry_payment,0,0.0
TX00620,C0152,36825.89,WALLET,failed,technical_error,4,0,56,8,2,0.25,0,0,0,payment_link,1,36825.89
TX00621,C1259,41072.81,UPI,success,none,0,0,184,19,2,0.11,0,0,0,none,1,41072.81
TX00622,C0468,24957.75,CARD,success,none,0,0,217,14,5,0.36,1,0,0,none,1,24957.75
TX00623,C2360,27385.06,NETBANKING,failed,bank_error,0,0,187,11,1,0.09,0,0,1,payment_link,1,27385.06
TX00624,C0689,34875.53,CARD,success,none,0,0,51,5,0,0.0,1,7,0,none,1,34875.53
TX00625,C0065,44005.42,UPI,success,none,0,0,193,3,2,0.67,1,3,0,none,1,44005.42
TX00626,C1950,34679.44,CARD,success,none,0,0,287,17,14,0.82,1,0,0,none,1,34679.44
TX00627,C0715,30604.79,UPI,success,none,0,0,521,20,2,0.1,1,0,0,none,1,30604.79
TX00628,C0019,27973.98,CARD,success,none,0,0,552,4,4,1.0,1,15,0,none,1,27973.98
TX00629,C2211,25475.53,WALLET,failed,bank_error,2,0,64,7,1,0.14,0,0,1,payment_link,0,0.0
TX00630,C2038,8980.93,UPI,success,none,0,0,382,10,3,0.3,1,0,0,none,1,8980.93
TX00631,C1857,2357.21,UPI,abandoned,checkout_dropoff,1,1,171,1,1,1.0,0,0,2,payment_link,0,0.0
TX00632,C1822,29716.79,NETBANKING,success,none,0,0,343,8,1,0.12,1,0,0,none,1,29716.79
TX00633,C0972,36939.84,CARD,success,none,0,0,235,3,3,1.0,1,0,0,none,1,36939.84
TX00634,C1786,7418.08,WALLET,success,none,0,0,392,5,3,0.6,0,0,0,none,1,7418.08
TX00635,C1469,48782.68,CARD,success,none,0,0,42,19,1,0.05,1,0,0,none,1,48782.68
TX00636,C1907,23037.23,CARD,failed,bank_error,2,0,170,20,5,0.25,0,0,2,payment_link,1,23037.23
TX00637,C2004,43137.51,CARD,success,none,0,0,483,9,0,0.0,1,3,0,none,1,43137.51
TX00638,C1011,12542.01,WALLET,success,none,0,0,162,19,0,0.0,1,30,0,none,1,12542.01
TX00639,C0165,49565.42,UPI,success,none,0,0,413,16,3,0.19,1,0,0,none,1,49565.42
TX00640,C0341,28012.65,UPI,failed,technical_error,1,0,145,12,4,0.33,0,0,0,payment_link,0,0.0
TX00641,C0066,24093.19,NETBANKING,success,none,0,0,480,19,18,0.95,0,0,0,none,1,24093.19
TX00642,C1864,23295.28,CARD,failed,technical_error,1,0,389,15,0,0.0,0,0,2,payment_link,0,0.0
TX00643,C1364,26639.83,NETBANKING,success,none,0,0,286,20,17,0.85,0,0,0,none,1,26639.83
TX00644,C0332,31098.67,NETBANKING,failed,network_error,4,0,382,2,0,0.0,1,0,2,retry_payment,0,0.0
TX00645,C0168,18405.44,CARD,success,none,0,0,78,18,6,0.33,0,0,0,none,1,18405.44
TX00646,C1372,12083.91,UPI,success,none,0,0,224,8,5,0.62,1,15,0,none,1,12083.91
TX00647,C2063,34075.29,NETBANKING,success,none,0,0,391,12,7,0.58,1,1,0,none,1,34075.29
TX00648,C0503,23614.16,NETBANKING,success,none,0,0,386,3,1,0.33,1,0,0,none,1,23614.16
TX00649,C1601,44917.7,NETBANKING,abandoned,checkout_dropoff,0,1,121,6,2,0.33,0,0,0,payment_link,0,0.0
TX00650,C2133,47614.82,UPI,success,none,0,0,564,5,3,0.6,1,0,0,none,1,47614.82
TX00651,C0088,14717.54,UPI,success,none,0,0,247,17,10,0.59,1,1,0,none,1,14717.54
TX00652,C1337,24410.19,WALLET,success,none,0,0,590,5,2,0.4,0,0,0,none,1,24410.19
TX00653,C1065,11493.74,NETBANKING,abandoned,checkout_dropoff,0,1,161,12,4,0.33,1,30,1,payment_link,0,0.0
TX00654,C0747,48665.66,CARD,success,none,0,0,129,2,1,0.5,0,0,0,none,1,48665.66
TX00655,C1806,13168.28,CARD,success,none,0,0,45,11,5,0.45,0,0,0,none,1,13168.28
TX00656,C1528,22531.77,CARD,success,none,0,0,134,1,1,1.0,1,7,0,none,1,22531.77
TX00657,C1877,46405.0,CARD,success,none,0,0,569,17,10,0.59,1,0,0,none,1,46405.0
TX00658,C1188,48486.36,CARD,failed,technical_error,2,0,125,16,1,0.06,0,0,0,payment_link,0,0.0
TX00659,C1262,1434.82,CARD,success,none,0,0,104,11,0,0.0,0,0,0,none,1,1434.82
TX00660,C2390,26416.41,NETBANKING,success,none,0,0,95,18,14,0.78,0,0,0,none,1,26416.41
TX00661,C2097,19842.3,WALLET,success,none,0,0,533,2,2,1.0,1,0,0,none,1,19842.3
TX00662,C1752,18607.57,NETBANKING,success,none,0,0,363,12,4,0.33,1,15,0,none,1,18607.57
TX00663,C0359,10941.62,WALLET,failed,technical_error,3,0,305,6,6,1.0,1,3,2,payment_link,1,10941.62
TX00664,C2450,4486.68,CARD,success,none,0,0,547,11,1,0.09,1,0,0,none,1,4486.68
TX00665,C1678,32012.54,NETBANKING,success,none,0,0,579,15,4,0.27,0,0,0,none,1,32012.54
TX00666,C0762,41647.73,NETBANKING,success,none,0,0,53,10,9,0.9,1,0,0,none,1,41647.73
TX00667,C1899,11381.11,UPI,success,none,0,0,317,16,3,0.19,1,0,0,none,1,11381.11
TX00668,C2015,45358.3,CARD,success,none,0,0,293,16,2,0.12,1,1,0,none,1,45358.3
TX00669,C2317,21916.21,NETBANKING,success,none,0,0,497,4,2,0.5,0,0,0,none,1,21916.21
TX00670,C1064,8309.79,UPI,success,none,0,0,482,5,2,0.4,0,0,0,none,1,8309.79
TX00671,C0217,13778.98,WALLET,success,none,0,0,374,2,1,0.5,1,1,0,none,1,13778.98
TX00672,C0315,25790.55,CARD,failed,timeout,1,0,566,11,5,0.45,1,0,1,retry_payment,1,25790.55
TX00673,C0393,26814.13,NETBANKING,failed,network_error,1,0,540,10,5,0.5,1,0,0,retry_payment,0,0.0
TX00674,C0420,11050.24,CARD,failed,timeout,4,0,548,18,17,0.94,0,0,1,retry_payment,0,0.0
TX00675,C1887,45818.35,UPI,failed,network_error,3,0,366,10,5,0.5,0,0,1,retry_payment,0,0.0
TX00676,C2448,26251.43,NETBANKING,success,none,0,0,321,1,0,0.0,0,0,0,none,1,26251.43
TX00677,C0528,42869.4,CARD,failed,insufficient_funds,1,0,224,5,0,0.0,1,3,0,send_reminder,0,0.0
TX00678,C0078,38779.68,WALLET,success,none,0,0,120,2,2,1.0,0,0,0,none,1,38779.68
TX00679,C1922,6122.33,NETBANKING,success,none,0,0,318,1,0,0.0,0,0,0,none,1,6122.33
TX00680,C2465,10428.98,CARD,success,none,0,0,369,1,0,0.0,0,0,0,none,1,10428.98
TX00681,C1137,47449.82,NETBANKING,success,none,0,0,522,20,7,0.35,0,0,0,none,1,47449.82
TX00682,C0406,41015.41,UPI,success,none,0,0,206,10,2,0.2,0,0,0,none,1,41015.41
TX00683,C0405,46226.76,WALLET,success,none,0,0,199,15,3,0.2,0,0,0,none,1,46226.76
TX00684,C1454,49068.8,WALLET,success,none,0,0,243,14,1,0.07,1,0,0,none,1,49068.8
TX00685,C0452,26082.43,WALLET,failed,insufficient_funds,4,0,51,3,2,0.67,1,0,2,send_reminder,1,26082.43
TX00686,C1278,34414.92,WALLET,success,none,0,0,427,10,6,0.6,0,0,0,none,1,34414.92
TX00687,C0286,44758.78,WALLET,abandoned,checkout_dropoff,2,1,193,1,1,1.0,0,0,2,send_reminder,1,44758.78
TX00688,C0349,6137.05,WALLET,success,none,0,0,114,6,0,0.0,1,30,0,none,1,6137.05
TX00689,C1388,10173.12,WALLET,success,none,0,0,444,16,8,0.5,1,7,0,none,1,10173.12
TX00690,C1640,17933.65,WALLET,abandoned,checkout_dropoff,4,1,295,5,3,0.6,0,0,1,payment_link,1,17933.65
TX00691,C0946,31492.88,CARD,success,none,0,0,64,3,3,1.0,0,0,0,none,1,31492.88
TX00692,C0734,19255.12,NETBANKING,success,none,0,0,108,3,3,1.0,1,0,0,none,1,19255.12
TX00693,C2040,24614.47,NETBANKING,success,none,0,0,563,18,0,0.0,0,0,0,none,1,24614.47
TX00694,C1763,44030.26,UPI,success,none,0,0,332,13,7,0.54,1,0,0,none,1,44030.26
TX00695,C0725,27921.99,NETBANKING,failed,bank_error,3,0,451,5,2,0.4,1,0,2,payment_link,1,27921.99
TX00696,C2010,33071.91,WALLET,success,none,0,0,170,17,1,0.06,1,0,0,none,1,33071.91
TX00697,C2421,48549.36,NETBANKING,failed,insufficient_funds,2,0,72,1,0,0.0,0,0,1,send_reminder,0,0.0
TX00698,C2392,1539.61,NETBANKING,success,none,0,0,448,12,5,0.42,1,0,0,none,1,1539.61
TX00699,C1001,12531.17,NETBANKING,success,none,0,0,77,10,1,0.1,1,0,0,none,1,12531.17
TX00700,C2206,16440.62,WALLET,failed,technical_error,4,0,537,14,4,0.29,0,0,2,payment_link,0,0.0
TX00701,C0092,49291.09,WALLET,success,none,0,0,340,19,3,0.16,1,0,0,none,1,49291.09
TX00702,C0844,16931.18,NETBANKING,success,none,0,0,316,12,6,0.5,0,0,0,none,1,16931.18
TX00703,C2036,31845.12,UPI,failed,timeout,1,0,304,9,0,0.0,1,30,0,retry_payment,1,31845.12
TX00704,C0377,35941.8,UPI,success,none,0,0,289,3,3,1.0,1,0,0,none,1,35941.8
TX00705,C0315,32646.53,NETBANKING,success,none,0,0,317,14,10,0.71,1,0,0,none,1,32646.53
TX00706,C1648,12712.99,WALLET,failed,timeout,1,0,29,17,5,0.29,1,0,2,retry_payment,0,0.0
TX00707,C1915,13543.21,WALLET,abandoned,checkout_dropoff,0,1,544,7,5,0.71,1,0,1,payment_link,0,0.0
TX00708,C1784,20630.96,UPI,success,none,0,0,432,9,4,0.44,0,0,0,none,1,20630.96
TX00709,C1051,34405.37,CARD,success,none,0,0,126,5,1,0.2,0,0,0,none,1,34405.37
TX00710,C1006,39892.83,NETBANKING,success,none,0,0,583,14,6,0.43,0,0,0,none,1,39892.83
TX00711,C0828,8136.05,CARD,success,none,0,0,294,18,5,0.28,0,0,0,none,1,8136.05
TX00712,C1991,39155.24,UPI,failed,network_error,2,0,315,3,3,1.0,1,3,0,retry_payment,0,0.0
TX00713,C1626,47169.47,CARD,success,none,0,0,594,17,3,0.18,1,0,0,none,1,47169.47
TX00714,C0370,12056.23,UPI,failed,insufficient_funds,2,0,409,8,6,0.75,0,0,0,send_reminder,1,12056.23
TX00715,C0877,48502.19,WALLET,success,none,0,0,67,16,11,0.69,0,0,0,none,1,48502.19
TX00716,C1297,27378.1,WALLET,failed,insufficient_funds,1,0,381,16,11,0.69,1,0,2,send_reminder,0,0.0
TX00717,C0143,42105.35,UPI,failed,bank_error,2,0,575,13,4,0.31,1,15,2,payment_link,0,0.0
TX00718,C0969,42910.83,WALLET,success,none,0,0,412,9,4,0.44,0,0,0,none,1,42910.83
TX00719,C0965,15011.66,CARD,abandoned,checkout_dropoff,2,1,426,2,1,0.5,0,0,1,send_reminder,1,15011.66
TX00720,C1363,35925.82,UPI,failed,insufficient_funds,4,0,77,12,6,0.5,1,0,0,send_reminder,1,35925.82
TX00721,C0753,31581.79,CARD,success,none,0,0,214,10,5,0.5,0,0,0,none,1,31581.79
TX00722,C0454,8059.56,CARD,failed,technical_error,2,0,472,16,4,0.25,1,0,1,payment_link,0,0.0
TX00723,C1155,10093.45,WALLET,success,none,0,0,412,13,13,1.0,0,0,0,none,1,10093.45
TX00724,C0085,47415.84,CARD,abandoned,checkout_dropoff,3,1,213,9,2,0.22,0,0,2,send_reminder,0,0.0
TX00725,C1066,7632.71,NETBANKING,success,none,0,0,590,4,0,0.0,1,7,0,none,1,7632.71
TX00726,C1859,41397.42,WALLET,success,none,0,0,218,7,4,0.57,1,3,0,none,1,41397.42
TX00727,C1565,6683.93,CARD,success,none,0,0,299,7,6,0.86,0,0,0,none,1,6683.93
TX00728,C1674,39664.68,UPI,success,none,0,0,278,8,7,0.88,0,0,0,none,1,39664.68
TX00729,C1515,29228.57,WALLET,success,none,0,0,490,5,2,0.4,1,3,0,none,1,29228.57
TX00730,C1571,35480.97,NETBANKING,success,none,0,0,580,2,0,0.0,1,30,0,none,1,35480.97
TX00731,C1929,45429.68,UPI,success,none,0,0,526,20,12,0.6,1,30,0,none,1,45429.68
TX00732,C1520,6785.47,UPI,success,none,0,0,276,6,4,0.67,1,30,0,none,1,6785.47
TX00733,C1918,6769.59,NETBANKING,failed,technical_error,1,0,276,4,2,0.5,0,0,1,payment_link,0,0.0
TX00734,C1151,37441.6,WALLET,success,none,0,0,279,20,8,0.4,1,0,0,none,1,37441.6
TX00735,C0676,15914.04,WALLET,failed,bank_error,4,0,460,2,0,0.0,0,0,0,payment_link,1,15914.04
TX00736,C0147,23618.33,CARD,failed,technical_error,0,0,516,2,1,0.5,1,30,1,payment_link,0,0.0
TX00737,C2020,5802.05,CARD,success,none,0,0,105,7,4,0.57,0,0,0,none,1,5802.05
TX00738,C0690,37546.85,NETBANKING,success,none,0,0,227,19,0,0.0,0,0,0,none,1,37546.85
TX00739,C1706,46036.58,CARD,failed,network_error,2,0,36,10,10,1.0,0,0,1,retry_payment,0,0.0
TX00740,C1531,29598.86,UPI,failed,bank_error,0,0,93,15,15,1.0,1,1,2,payment_link,1,29598.86
TX00741,C0024,16605.46,UPI,failed,technical_error,2,0,592,5,1,0.2,0,0,1,payment_link,0,0.0
TX00742,C1324,39947.72,UPI,success,none,0,0,400,3,3,1.0,1,0,0,none,1,39947.72
TX00743,C1634,4641.58,CARD,success,none,0,0,422,10,10,1.0,0,0,0,none,1,4641.58
TX00744,C0494,15067.62,WALLET,failed,insufficient_funds,4,0,144,12,10,0.83,0,0,2,send_reminder,0,0.0
TX00745,C0819,24583.23,WALLET,success,none,0,0,586,20,13,0.65,0,0,0,none,1,24583.23
TX00746,C1731,40587.52,CARD,success,none,0,0,446,3,0,0.0,1,30,0,none,1,40587.52
TX00747,C0919,32451.01,CARD,abandoned,checkout_dropoff,4,1,547,3,2,0.67,1,0,0,send_reminder,1,32451.01
TX00748,C1231,42108.59,WALLET,success,none,0,0,58,18,2,0.11,0,0,0,none,1,42108.59
TX00749,C2103,5560.08,WALLET,success,none,0,0,485,19,8,0.42,1,0,0,none,1,5560.08
TX00750,C0335,38478.61,UPI,success,none,0,0,483,6,6,1.0,0,0,0,none,1,38478.61
TX00751,C1610,2453.88,WALLET,failed,insufficient_funds,2,0,475,15,8,0.53,1,30,0,send_reminder,0,0.0
TX00752,C0865,9417.35,NETBANKING,failed,network_error,3,0,557,1,0,0.0,1,0,0,retry_payment,0,0.0
TX00753,C1955,23116.12,WALLET,failed,timeout,3,0,320,20,19,0.95,1,3,2,retry_payment,0,0.0
TX00754,C1618,40271.11,UPI,success,none,0,0,24,7,1,0.14,0,0,0,none,1,40271.11
TX00755,C0771,42978.8,CARD,success,none,0,0,158,8,6,0.75,0,0,0,none,1,42978.8
TX00756,C0353,15185.71,WALLET,success,none,0,0,442,1,0,0.0,0,0,0,none,1,15185.71
TX00757,C0625,36991.3,WALLET,abandoned,checkout_dropoff,3,1,30,15,7,0.47,0,0,1,send_reminder,0,0.0
TX00758,C0209,16825.73,UPI,success,none,0,0,452,14,13,0.93,1,3,0,none,1,16825.73
TX00759,C2441,36607.71,NETBANKING,success,none,0,0,419,16,16,1.0,1,0,0,none,1,36607.71
TX00760,C0249,26509.78,WALLET,success,none,0,0,576,3,2,0.67,1,15,0,none,1,26509.78
TX00761,C0479,24840.48,NETBANKING,success,none,0,0,456,1,0,0.0,1,3,0,none,1,24840.48
TX00762,C1923,17323.6,CARD,success,none,0,0,357,20,14,0.7,0,0,0,none,1,17323.6
TX00763,C1202,36205.15,WALLET,abandoned,checkout_dropoff,2,1,493,6,4,0.67,0,0,0,send_reminder,0,0.0
TX00764,C1978,6629.01,CARD,success,none,0,0,513,4,3,0.75,1,0,0,none,1,6629.01
TX00765,C0858,27930.16,UPI,success,none,0,0,277,12,10,0.83,0,0,0,none,1,27930.16
TX00766,C0716,41431.84,UPI,failed,insufficient_funds,3,0,126,20,7,0.35,0,0,1,send_reminder,0,0.0
TX00767,C1057,49684.41,NETBANKING,failed,timeout,2,0,164,17,3,0.18,0,0,1,retry_payment,0,0.0
TX00768,C1873,48139.83,UPI,abandoned,checkout_dropoff,4,1,114,18,1,0.06,0,0,0,payment_link,0,0.0
TX00769,C1482,8020.22,NETBANKING,failed,timeout,3,0,111,5,5,1.0,1,0,0,retry_payment,0,0.0
TX00770,C0504,42460.04,WALLET,abandoned,checkout_dropoff,0,1,261,16,10,0.62,1,1,2,payment_link,1,42460.04
TX00771,C1700,18160.04,CARD,success,none,0,0,552,14,12,0.86,0,0,0,none,1,18160.04
TX00772,C0566,40128.08,WALLET,abandoned,checkout_dropoff,3,1,538,12,0,0.0,1,0,2,payment_link,0,0.0
TX00773,C0286,4421.96,NETBANKING,success,none,0,0,178,14,0,0.0,1,7,0,none,1,4421.96
TX00774,C0619,45145.05,UPI,abandoned,checkout_dropoff,4,1,312,14,6,0.43,1,3,0,send_reminder,0,0.0
TX00775,C1146,45030.38,CARD,failed,technical_error,1,0,567,20,19,0.95,1,3,2,payment_link,0,0.0
TX00776,C1657,38814.94,NETBANKING,success,none,0,0,560,11,6,0.55,0,0,0,none,1,38814.94
TX00777,C2132,49597.81,NETBANKING,success,none,0,0,533,18,9,0.5,1,7,0,none,1,49597.81
TX00778,C0656,1366.4,NETBANKING,success,none,0,0,321,14,8,0.57,0,0,0,none,1,1366.4
TX00779,C0246,42110.86,NETBANKING,success,none,0,0,372,4,0,0.0,0,0,0,none,1,42110.86
TX00780,C1839,15038.46,UPI,success,none,0,0,251,19,18,0.95,0,0,0,none,1,15038.46
TX00781,C1435,15100.24,CARD,failed,timeout,1,0,117,11,8,0.73,0,0,1,retry_payment,0,0.0
TX00782,C1861,5079.79,WALLET,failed,network_error,0,0,73,14,14,1.0,0,0,1,retry_payment,1,5079.79
TX00783,C0320,18590.85,WALLET,success,none,0,0,541,13,13,1.0,1,1,0,none,1,18590.85
TX00784,C1735,49826.29,WALLET,failed,technical_error,1,0,157,17,4,0.24,1,3,2,payment_link,1,49826.29
TX00785,C2103,43190.93,UPI,failed,technical_error,3,0,43,6,4,0.67,1,15,1,payment_link,1,43190.93
TX00786,C0452,6219.15,NETBANKING,success,none,0,0,166,4,2,0.5,1,30,0,none,1,6219.15
TX00787,C1243,14840.27,UPI,failed,bank_error,4,0,441,2,1,0.5,1,0,1,payment_link,0,0.0
TX00788,C0009,6291.93,NETBANKING,success,none,0,0,55,14,7,0.5,1,1,0,none,1,6291.93
TX00789,C1384,39111.2,WALLET,failed,timeout,1,0,151,17,14,0.82,1,3,2,retry_payment,1,39111.2
TX00790,C1333,4647.89,WALLET,success,none,0,0,414,11,8,0.73,0,0,0,none,1,4647.89
TX00791,C1815,36848.46,UPI,failed,network_error,4,0,326,18,3,0.17,0,0,0,retry_payment,0,0.0
TX00792,C2220,28927.41,UPI,abandoned,checkout_dropoff,4,1,203,16,16,1.0,0,0,2,payment_link,0,0.0
TX00793,C0737,48126.36,NETBANKING,failed,bank_error,4,0,464,3,2,0.67,1,1,0,payment_link,1,48126.36
TX00794,C1393,21963.47,WALLET,success,none,0,0,550,11,6,0.55,1,0,0,none,1,21963.47
TX00795,C0407,27180.61,NETBANKING,success,none,0,0,271,3,1,0.33,1,30,0,none,1,27180.61
TX00796,C0694,3133.9,NETBANKING,success,none,0,0,69,10,6,0.6,0,0,0,none,1,3133.9
TX00797,C1311,7294.54,NETBANKING,success,none,0,0,133,2,0,0.0,0,0,0,none,1,7294.54
TX00798,C2446,29384.25,WALLET,success,none,0,0,526,13,1,0.08,1,0,0,none,1,29384.25
TX00799,C1904,27745.43,UPI,success,none,0,0,427,8,0,0.0,1,1,0,none,1,27745.43
TX00800,C2401,33819.85,CARD,failed,bank_error,2,0,591,14,7,0.5,0,0,2,payment_link,0,0.0
TX00801,C0834,39187.5,CARD,success,none,0,0,182,8,8,1.0,1,30,0,none,1,39187.5
TX00802,C2274,22696.75,UPI,failed,timeout,2,0,181,1,0,0.0,1,0,1,retry_payment,0,0.0
TX00803,C1558,49962.25,CARD,success,none,0,0,532,10,0,0.0,0,0,0,none,1,49962.25
TX00804,C2188,28241.46,NETBANKING,success,none,0,0,135,5,5,1.0,1,15,0,none,1,28241.46
TX00805,C0864,30600.18,NETBANKING,failed,insufficient_funds,2,0,473,9,3,0.33,1,0,2,send_reminder,1,30600.18
TX00806,C1346,990.56,CARD,success,none,0,0,12,20,15,0.75,0,0,0,none,1,990.56
TX00807,C0040,33700.78,WALLET,success,none,0,0,510,13,8,0.62,0,0,0,none,1,33700.78
TX00808,C0318,27024.74,WALLET,failed,insufficient_funds,3,0,376,13,2,0.15,0,0,1,send_reminder,1,27024.74
TX00809,C0791,22339.97,CARD,failed,insufficient_funds,2,0,206,3,2,0.67,0,0,1,send_reminder,1,22339.97
TX00810,C1487,2032.44,WALLET,abandoned,checkout_dropoff,4,1,224,1,0,0.0,1,0,1,send_reminder,0,0.0
TX00811,C0699,27678.9,CARD,success,none,0,0,141,3,1,0.33,1,30,0,none,1,27678.9
TX00812,C0934,44073.95,NETBANKING,success,none,0,0,33,18,8,0.44,1,0,0,none,1,44073.95
TX00813,C1750,32120.12,UPI,failed,insufficient_funds,3,0,426,9,1,0.11,1,0,0,send_reminder,0,0.0
TX00814,C0920,2538.84,WALLET,success,none,0,0,333,1,1,1.0,0,0,0,none,1,2538.84
TX00815,C1371,4274.08,UPI,abandoned,checkout_dropoff,1,1,443,3,1,0.33,0,0,0,payment_link,1,4274.08
TX00816,C0397,1588.06,WALLET,failed,timeout,2,0,266,8,1,0.12,1,0,1,retry_payment,0,0.0
TX00817,C0223,41117.36,CARD,abandoned,checkout_dropoff,4,1,459,4,3,0.75,0,0,0,payment_link,0,0.0
TX00818,C1546,15801.32,UPI,failed,network_error,3,0,66,10,9,0.9,1,0,2,retry_payment,0,0.0
TX00819,C0229,28051.05,NETBANKING,failed,technical_error,0,0,430,8,0,0.0,1,0,2,payment_link,0,0.0
TX00820,C0415,17112.9,UPI,success,none,0,0,346,19,6,0.32,0,0,0,none,1,17112.9
TX00821,C0421,811.97,UPI,success,none,0,0,208,19,4,0.21,1,0,0,none,1,811.97
TX00822,C1972,36286.23,WALLET,success,none,0,0,150,2,0,0.0,0,0,0,none,1,36286.23
TX00823,C1277,29309.21,NETBANKING,success,none,0,0,564,5,1,0.2,1,0,0,none,1,29309.21
TX00824,C1405,14694.98,UPI,success,none,0,0,158,2,0,0.0,0,0,0,none,1,14694.98
TX00825,C1729,17322.04,CARD,success,none,0,0,216,3,2,0.67,0,0,0,none,1,17322.04
TX00826,C1949,34800.12,WALLET,success,none,0,0,349,19,18,0.95,1,1,0,none,1,34800.12
TX00827,C1715,16565.23,UPI,success,none,0,0,53,16,7,0.44,0,0,0,none,1,16565.23
TX00828,C0914,34722.38,WALLET,success,none,0,0,254,16,10,0.62,1,0,0,none,1,34722.38
TX00829,C0755,41339.0,UPI,success,none,0,0,85,12,0,0.0,0,0,0,none,1,41339.0
TX00830,C0584,14670.7,CARD,success,none,0,0,378,2,0,0.0,0,0,0,none,1,14670.7
TX00831,C0811,14348.22,CARD,failed,bank_error,2,0,577,8,2,0.25,0,0,1,payment_link,1,14348.22
TX00832,C0415,1245.49,CARD,success,none,0,0,123,11,3,0.27,1,0,0,none,1,1245.49
TX00833,C1515,40512.49,CARD,abandoned,checkout_dropoff,4,1,454,3,0,0.0,0,0,0,payment_link,0,0.0
TX00834,C2182,19034.14,NETBANKING,success,none,0,0,449,8,0,0.0,0,0,0,none,1,19034.14
TX00835,C2194,14850.3,CARD,success,none,0,0,64,9,2,0.22,1,0,0,none,1,14850.3
TX00836,C0334,39276.33,UPI,success,none,0,0,407,17,11,0.65,1,1,0,none,1,39276.33
TX00837,C0734,16226.79,NETBANKING,success,none,0,0,504,16,15,0.94,1,1,0,none,1,16226.79
TX00838,C2392,32556.92,CARD,success,none,0,0,217,15,7,0.47,1,0,0,none,1,32556.92
TX00839,C1741,44457.7,CARD,abandoned,checkout_dropoff,2,1,270,18,2,0.11,0,0,2,payment_link,1,44457.7
TX00840,C1441,11662.84,UPI,success,none,0,0,354,14,7,0.5,1,0,0,none,1,11662.84
TX00841,C1506,40264.32,NETBANKING,success,none,0,0,35,6,3,0.5,0,0,0,none,1,40264.32
TX00842,C1088,32338.67,NETBANKING,abandoned,checkout_dropoff,2,1,523,17,17,1.0,0,0,0,send_reminder,0,0.0
TX00843,C0486,3753.16,UPI,success,none,0,0,351,7,5,0.71,1,0,0,none,1,3753.16
TX00844,C1125,9693.99,CARD,abandoned,checkout_dropoff,4,1,277,1,1,1.0,1,7,2,send_reminder,0,0.0
TX00845,C0049,23705.8,CARD,failed,bank_error,1,0,224,16,7,0.44,1,3,0,payment_link,0,0.0
TX00846,C1283,42320.92,WALLET,failed,technical_error,1,0,459,15,0,0.0,1,0,1,payment_link,0,0.0
TX00847,C0040,25090.05,NETBANKING,success,none,0,0,439,14,10,0.71,1,7,0,none,1,25090.05
TX00848,C2203,15121.93,UPI,success,none,0,0,42,5,1,0.2,1,1,0,none,1,15121.93
TX00849,C2470,45704.86,WALLET,abandoned,checkout_dropoff,1,1,410,3,3,1.0,0,0,2,send_reminder,1,45704.86
TX00850,C1850,32022.36,NETBANKING,success,none,0,0,116,18,5,0.28,0,0,0,none,1,32022.36
TX00851,C2472,24532.94,CARD,success,none,0,0,405,10,3,0.3,0,0,0,none,1,24532.94
TX00852,C1193,33046.58,UPI,success,none,0,0,387,17,0,0.0,0,0,0,none,1,33046.58
TX00853,C1339,43013.43,WALLET,success,none,0,0,123,5,4,0.8,1,0,0,none,1,43013.43
TX00854,C0282,19571.85,CARD,success,none,0,0,220,10,6,0.6,1,0,0,none,1,19571.85
TX00855,C2356,46969.88,CARD,success,none,0,0,479,9,3,0.33,0,0,0,none,1,46969.88
TX00856,C0585,22397.43,WALLET,success,none,0,0,262,17,10,0.59,1,0,0,none,1,22397.43
TX00857,C2360,2146.42,UPI,success,none,0,0,477,12,11,0.92,1,0,0,none,1,2146.42
TX00858,C0718,20869.63,CARD,failed,technical_error,3,0,403,6,5,0.83,0,0,0,payment_link,1,20869.63
TX00859,C0982,44299.98,CARD,success,none,0,0,560,10,10,1.0,0,0,0,none,1,44299.98
TX00860,C0890,45455.08,WALLET,abandoned,checkout_dropoff,4,1,134,12,1,0.08,0,0,0,send_reminder,1,45455.08
TX00861,C1036,10527.13,UPI,success,none,0,0,84,15,12,0.8,1,3,0,none,1,10527.13
TX00862,C0797,19954.38,UPI,success,none,0,0,149,11,10,0.91,1,0,0,none,1,19954.38
TX00863,C0280,4310.92,CARD,failed,technical_error,1,0,492,9,2,0.22,0,0,2,payment_link,0,0.0
TX00864,C0412,9026.38,UPI,success,none,0,0,410,6,0,0.0,0,0,0,none,1,9026.38
TX00865,C1120,7844.12,NETBANKING,success,none,0,0,45,18,6,0.33,1,3,0,none,1,7844.12
TX00866,C2142,32122.41,UPI,success,none,0,0,325,15,1,0.07,0,0,0,none,1,32122.41
TX00867,C0200,38666.0,CARD,abandoned,checkout_dropoff,2,1,254,7,1,0.14,0,0,0,send_reminder,1,38666.0
TX00868,C1381,41062.22,UPI,success,none,0,0,108,6,5,0.83,0,0,0,none,1,41062.22
TX00869,C0181,20900.86,UPI,failed,insufficient_funds,4,0,204,20,6,0.3,1,30,0,send_reminder,1,20900.86
TX00870,C0434,17957.5,CARD,success,none,0,0,333,1,1,1.0,0,0,0,none,1,17957.5
TX00871,C1880,11160.79,NETBANKING,success,none,0,0,387,2,0,0.0,0,0,0,none,1,11160.79
TX00872,C1684,15216.41,WALLET,abandoned,checkout_dropoff,0,1,559,19,5,0.26,1,30,2,send_reminder,0,0.0
TX00873,C1592,33959.45,CARD,success,none,0,0,335,16,2,0.12,1,0,0,none,1,33959.45
TX00874,C2397,22555.8,CARD,success,none,0,0,23,8,0,0.0,0,0,0,none,1,22555.8
TX00875,C1266,11972.54,WALLET,failed,timeout,0,0,71,5,2,0.4,1,0,0,retry_payment,1,11972.54
TX00876,C0156,12055.59,WALLET,failed,insufficient_funds,1,0,294,11,10,0.91,0,0,1,send_reminder,0,0.0
TX00877,C1182,37577.44,CARD,failed,insufficient_funds,2,0,258,7,0,0.0,0,0,2,send_reminder,0,0.0
TX00878,C0912,30481.55,WALLET,success,none,0,0,197,15,0,0.0,0,0,0,none,1,30481.55
TX00879,C2014,3685.25,CARD,success,none,0,0,154,7,2,0.29,0,0,0,none,1,3685.25
TX00880,C0712,29713.01,CARD,success,none,0,0,90,14,11,0.79,1,0,0,none,1,29713.01
TX00881,C0810,12397.26,CARD,success,none,0,0,320,10,9,0.9,1,30,0,none,1,12397.26
TX00882,C0825,13738.67,WALLET,success,none,0,0,378,13,6,0.46,0,0,0,none,1,13738.67
TX00883,C1929,22180.53,WALLET,failed,technical_error,0,0,400,14,13,0.93,0,0,1,payment_link,0,0.0
TX00884,C2438,26952.44,CARD,success,none,0,0,484,10,7,0.7,1,0,0,none,1,26952.44
TX00885,C2483,24146.05,NETBANKING,success,none,0,0,490,7,2,0.29,0,0,0,none,1,24146.05
TX00886,C0018,839.15,NETBANKING,success,none,0,0,435,13,11,0.85,1,0,0,none,1,839.15
TX00887,C1261,32124.23,UPI,success,none,0,0,49,4,3,0.75,0,0,0,none,1,32124.23
TX00888,C0796,38194.95,NETBANKING,failed,insufficient_funds,4,0,510,12,11,0.92,0,0,1,send_reminder,0,0.0
TX00889,C1011,12269.17,UPI,abandoned,checkout_dropoff,2,1,38,5,2,0.4,1,30,2,payment_link,1,12269.17
TX00890,C2369,47598.56,CARD,success,none,0,0,104,13,6,0.46,0,0,0,none,1,47598.56
TX00891,C2124,45515.47,WALLET,success,none,0,0,447,9,4,0.44,1,1,0,none,1,45515.47
TX00892,C1686,37672.62,UPI,success,none,0,0,596,12,2,0.17,1,3,0,none,1,37672.62
TX00893,C1631,35010.65,UPI,abandoned,checkout_dropoff,3,1,11,4,0,0.0,1,1,0,send_reminder,0,0.0
TX00894,C0723,18857.64,CARD,success,none,0,0,196,17,3,0.18,1,1,0,none,1,18857.64
TX00895,C0871,9444.77,UPI,failed,bank_error,2,0,428,15,3,0.2,0,0,0,payment_link,1,9444.77
TX00896,C1548,6409.14,UPI,success,none,0,0,250,16,15,0.94,0,0,0,none,1,6409.14
TX00897,C0039,3240.61,UPI,failed,network_error,0,0,226,17,0,0.0,1,1,1,retry_payment,0,0.0
TX00898,C1991,23766.94,NETBANKING,success,none,0,0,354,12,10,0.83,1,30,0,none,1,23766.94
TX00899,C0982,47061.35,WALLET,success,none,0,0,68,12,5,0.42,0,0,0,none,1,47061.35
TX00900,C0013,22954.58,WALLET,failed,bank_error,0,0,135,17,8,0.47,0,0,2,payment_link,0,0.0
TX00901,C1947,25842.72,CARD,success,none,0,0,339,1,1,1.0,0,0,0,none,1,25842.72
TX00902,C1334,33960.89,CARD,success,none,0,0,419,20,2,0.1,1,0,0,none,1,33960.89
TX00903,C1951,49346.2,UPI,failed,insufficient_funds,4,0,209,5,4,0.8,0,0,0,send_reminder,1,49346.2
TX00904,C1235,41651.23,WALLET,success,none,0,0,466,4,3,0.75,0,0,0,none,1,41651.23
TX00905,C0997,10739.71,UPI,success,none,0,0,39,6,2,0.33,1,7,0,none,1,10739.71
TX00906,C0903,36014.91,WALLET,abandoned,checkout_dropoff,0,1,149,18,15,0.83,0,0,2,send_reminder,0,0.0
TX00907,C2461,3420.42,NETBANKING,success,none,0,0,400,18,13,0.72,0,0,0,none,1,3420.42
TX00908,C0916,13102.88,NETBANKING,success,none,0,0,101,11,11,1.0,0,0,0,none,1,13102.88
TX00909,C0476,28727.38,CARD,failed,technical_error,4,0,11,10,0,0.0,0,0,1,payment_link,0,0.0
TX00910,C1310,38609.79,CARD,success,none,0,0,237,4,3,0.75,0,0,0,none,1,38609.79
TX00911,C2205,42647.63,NETBANKING,success,none,0,0,313,8,7,0.88,1,0,0,none,1,42647.63
TX00912,C1161,7464.36,UPI,success,none,0,0,326,17,3,0.18,1,30,0,none,1,7464.36
TX00913,C2351,24018.48,CARD,success,none,0,0,395,2,1,0.5,0,0,0,none,1,24018.48
TX00914,C0863,42433.88,CARD,failed,network_error,1,0,509,13,4,0.31,0,0,2,retry_payment,0,0.0
TX00915,C1607,17003.03,WALLET,abandoned,checkout_dropoff,3,1,410,3,2,0.67,1,3,2,payment_link,0,0.0
TX00916,C1613,5046.51,NETBANKING,failed,timeout,0,0,321,15,5,0.33,0,0,1,retry_payment,1,5046.51
TX00917,C1193,44881.46,CARD,success,none,0,0,210,1,1,1.0,0,0,0,none,1,44881.46
TX00918,C0605,18952.48,WALLET,failed,bank_error,0,0,108,12,7,0.58,0,0,0,payment_link,0,0.0
TX00919,C2112,32574.87,WALLET,abandoned,checkout_dropoff,3,1,260,2,0,0.0,0,0,2,send_reminder,1,32574.87
TX00920,C2442,47736.86,WALLET,failed,network_error,3,0,401,9,7,0.78,1,0,0,retry_payment,0,0.0
TX00921,C0339,6278.17,CARD,success,none,0,0,596,19,15,0.79,1,3,0,none,1,6278.17
TX00922,C0388,39758.32,CARD,success,none,0,0,454,10,9,0.9,0,0,0,none,1,39758.32
TX00923,C0408,16396.4,CARD,success,none,0,0,30,13,8,0.62,1,0,0,none,1,16396.4
TX00924,C2396,27041.29,UPI,failed,bank_error,0,0,195,20,5,0.25,0,0,1,payment_link,0,0.0
TX00925,C0504,2149.33,CARD,failed,network_error,4,0,272,2,0,0.0,0,0,2,retry_payment,0,0.0
TX00926,C1223,18305.27,CARD,success,none,0,0,10,8,4,0.5,0,0,0,none,1,18305.27
TX00927,C2128,45250.05,NETBANKING,failed,technical_error,1,0,600,16,10,0.62,1,1,2,payment_link,1,45250.05
TX00928,C0406,33198.33,UPI,success,none,0,0,202,5,2,0.4,0,0,0,none,1,33198.33
TX00929,C0550,30186.79,CARD,success,none,0,0,294,5,5,1.0,1,0,0,none,1,30186.79
TX00930,C1045,13181.59,CARD,success,none,0,0,95,9,6,0.67,0,0,0,none,1,13181.59
TX00931,C2196,10347.39,NETBANKING,abandoned,checkout_dropoff,1,1,391,19,16,0.84,0,0,1,send_reminder,0,0.0
TX00932,C1777,19071.31,CARD,success,none,0,0,137,18,3,0.17,1,0,0,none,1,19071.31
TX00933,C0365,18268.41,NETBANKING,failed,bank_error,1,0,290,1,0,0.0,1,30,0,payment_link,1,18268.41
TX00934,C0506,8951.42,NETBANKING,success,none,0,0,511,4,4,1.0,1,3,0,none,1,8951.42
TX00935,C1156,27666.8,UPI,failed,bank_error,2,0,408,6,2,0.33,1,0,0,payment_link,1,27666.8
TX00936,C2104,35718.49,CARD,success,none,0,0,591,9,0,0.0,1,3,0,none,1,35718.49
TX00937,C1021,33975.12,WALLET,failed,bank_error,3,0,372,15,9,0.6,1,30,2,payment_link,1,33975.12
TX00938,C0938,15398.33,UPI,abandoned,checkout_dropoff,3,1,330,3,0,0.0,0,0,0,payment_link,0,0.0
TX00939,C2357,3059.09,NETBANKING,success,none,0,0,514,1,1,1.0,0,0,0,none,1,3059.09
TX00940,C1965,24990.7,UPI,success,none,0,0,204,1,1,1.0,1,0,0,none,1,24990.7
TX00941,C2164,34267.09,UPI,success,none,0,0,182,17,7,0.41,0,0,0,none,1,34267.09
TX00942,C0308,18479.14,CARD,success,none,0,0,62,14,7,0.5,1,0,0,none,1,18479.14
TX00943,C0464,17030.34,CARD,failed,network_error,2,0,316,16,9,0.56,1,0,2,retry_payment,0,0.0
TX00944,C2330,19802.35,NETBANKING,abandoned,checkout_dropoff,4,1,46,15,15,1.0,0,0,1,send_reminder,1,19802.35
TX00945,C1346,15057.86,UPI,success,none,0,0,200,13,5,0.38,0,0,0,none,1,15057.86
TX00946,C0416,21654.03,CARD,success,none,0,0,536,5,3,0.6,0,0,0,none,1,21654.03
TX00947,C1997,544.14,NETBANKING,success,none,0,0,414,12,4,0.33,1,0,0,none,1,544.14
TX00948,C0747,26914.08,NETBANKING,success,none,0,0,459,15,5,0.33,0,0,0,none,1,26914.08
TX00949,C1449,37405.14,UPI,success,none,0,0,213,4,1,0.25,1,0,0,none,1,37405.14
TX00950,C1617,21168.58,NETBANKING,abandoned,checkout_dropoff,1,1,213,16,8,0.5,0,0,1,send_reminder,1,21168.58
TX00951,C0522,16379.41,WALLET,success,none,0,0,408,5,0,0.0,0,0,0,none,1,16379.41
TX00952,C0087,6480.95,NETBANKING,success,none,0,0,252,2,2,1.0,1,0,0,none,1,6480.95
TX00953,C2446,36924.09,WALLET,success,none,0,0,298,16,2,0.12,1,0,0,none,1,36924.09
TX00954,C0625,36516.58,CARD,success,none,0,0,127,9,3,0.33,1,0,0,none,1,36516.58
TX00955,C0423,35117.02,CARD,success,none,0,0,162,8,1,0.12,0,0,0,none,1,35117.02
TX00956,C1644,2110.65,CARD,abandoned,checkout_dropoff,3,1,28,20,6,0.3,0,0,2,payment_link,0,0.0
TX00957,C1256,35067.91,CARD,success,none,0,0,446,16,1,0.06,1,1,0,none,1,35067.91
TX00958,C1247,5680.74,NETBANKING,success,none,0,0,369,14,3,0.21,1,15,0,none,1,5680.74
TX00959,C0745,2236.28,UPI,failed,insufficient_funds,1,0,302,16,8,0.5,0,0,1,send_reminder,1,2236.28
TX00960,C2013,18306.35,NETBANKING,success,none,0,0,23,18,4,0.22,1,0,0,none,1,18306.35
TX00961,C1481,37198.01,NETBANKING,success,none,0,0,292,7,6,0.86,0,0,0,none,1,37198.01
TX00962,C0436,6698.17,UPI,success,none,0,0,205,7,7,1.0,0,0,0,none,1,6698.17
TX00963,C0307,47102.54,NETBANKING,success,none,0,0,495,7,2,0.29,0,0,0,none,1,47102.54
TX00964,C0524,9747.0,NETBANKING,failed,timeout,2,0,384,15,3,0.2,1,0,1,retry_payment,0,0.0
TX00965,C2146,46580.35,UPI,success,none,0,0,290,5,2,0.4,0,0,0,none,1,46580.35
TX00966,C2320,3227.51,CARD,failed,technical_error,3,0,555,17,2,0.12,0,0,2,payment_link,0,0.0
TX00967,C1574,28212.43,WALLET,success,none,0,0,288,7,2,0.29,0,0,0,none,1,28212.43
TX00968,C0656,28680.52,UPI,failed,timeout,3,0,525,17,8,0.47,1,15,1,retry_payment,0,0.0
TX00969,C1100,27697.12,CARD,success,none,0,0,556,8,4,0.5,0,0,0,none,1,27697.12
TX00970,C0607,47113.89,NETBANKING,abandoned,checkout_dropoff,2,1,62,8,3,0.38,0,0,2,payment_link,0,0.0
TX00971,C2479,48616.49,NETBANKING,success,none,0,0,572,9,2,0.22,1,15,0,none,1,48616.49
TX00972,C1208,16366.83,UPI,success,none,0,0,20,12,3,0.25,1,0,0,none,1,16366.83
TX00973,C0065,26961.96,UPI,failed,technical_error,2,0,574,7,7,1.0,0,0,0,payment_link,1,26961.96
TX00974,C2383,31564.07,WALLET,success,none,0,0,247,14,5,0.36,0,0,0,none,1,31564.07
TX00975,C1963,4865.81,CARD,success,none,0,0,190,7,7,1.0,0,0,0,none,1,4865.81
TX00976,C1156,1248.16,CARD,failed,technical_error,4,0,202,3,1,0.33,0,0,1,payment_link,0,0.0
TX00977,C1649,5191.64,CARD,failed,network_error,4,0,112,13,6,0.46,0,0,0,retry_payment,0,0.0
TX00978,C0056,38219.6,UPI,success,none,0,0,95,9,2,0.22,0,0,0,none,1,38219.6
TX00979,C0039,47889.36,UPI,success,none,0,0,356,3,1,0.33,0,0,0,none,1,47889.36
TX00980,C1968,38031.65,WALLET,failed,insufficient_funds,2,0,500,5,1,0.2,0,0,1,send_reminder,0,0.0
TX00981,C2227,6329.16,UPI,success,none,0,0,313,4,4,1.0,1,0,0,none,1,6329.16
TX00982,C0919,1395.24,WALLET,success,none,0,0,371,10,3,0.3,1,3,0,none,1,1395.24
TX00983,C0461,24692.66,UPI,success,none,0,0,298,12,1,0.08,1,0,0,none,1,24692.66
TX00984,C0348,44800.21,CARD,success,none,0,0,553,11,9,0.82,0,0,0,none,1,44800.21
TX00985,C1742,7680.96,NETBANKING,success,none,0,0,303,12,1,0.08,1,15,0,none,1,7680.96
TX00986,C1512,46657.52,UPI,failed,bank_error,1,0,337,5,3,0.6,1,3,1,payment_link,0,0.0
TX00987,C0276,5835.57,WALLET,abandoned,checkout_dropoff,2,1,158,3,2,0.67,0,0,1,payment_link,0,0.0
TX00988,C1308,24811.48,WALLET,failed,technical_error,4,0,351,5,5,1.0,0,0,2,payment_link,1,24811.48
TX00989,C2037,27029.61,WALLET,success,none,0,0,245,13,1,0.08,1,1,0,none,1,27029.61
TX00990,C0899,35214.05,CARD,success,none,0,0,218,1,1,1.0,1,30,0,none,1,35214.05
TX00991,C0452,3166.95,NETBANKING,success,none,0,0,152,10,7,0.7,0,0,0,none,1,3166.95
TX00992,C2259,48596.62,WALLET,success,none,0,0,239,2,2,1.0,0,0,0,none,1,48596.62
TX00993,C0481,48110.19,CARD,success,none,0,0,36,14,5,0.36,0,0,0,none,1,48110.19
TX00994,C0435,33204.82,UPI,success,none,0,0,171,1,0,0.0,1,0,0,none,1,33204.82
TX00995,C1004,4037.85,WALLET,success,none,0,0,196,16,4,0.25,1,0,0,none,1,4037.85
TX00996,C1382,22309.89,UPI,success,none,0,0,169,2,2,1.0,0,0,0,none,1,22309.89
TX00997,C2475,37606.42,CARD,success,none,0,0,443,15,8,0.53,1,3,0,none,1,37606.42
TX00998,C1736,46586.22,NETBANKING,abandoned,checkout_dropoff,4,1,396,5,5,1.0,0,0,0,send_reminder,0,0.0
TX00999,C1607,9347.95,UPI,failed,technical_error,3,0,330,13,13,1.0,1,0,2,payment_link,0,0.0
TX01000,C1738,9897.58,UPI,success,none,0,0,381,20,10,0.5,0,0,0,none,1,9897.58
TX01001,C0982,14253.91,UPI,success,none,0,0,21,10,3,0.3,0,0,0,none,1,14253.91
TX01002,C0133,12168.69,UPI,abandoned,checkout_dropoff,4,1,55,19,15,0.79,0,0,1,payment_link,1,12168.69
TX01003,C0035,49030.97,NETBANKING,abandoned,checkout_dropoff,4,1,209,11,6,0.55,1,30,2,payment_link,1,49030.97
TX01004,C2063,5229.94,CARD,success,none,0,0,401,16,1,0.06,1,0,0,none,1,5229.94
TX01005,C1897,4121.89,UPI,abandoned,checkout_dropoff,1,1,230,5,5,1.0,0,0,0,send_reminder,1,4121.89
TX01006,C1389,14683.91,WALLET,success,none,0,0,406,8,3,0.38,0,0,0,none,1,14683.91
TX01007,C0625,28431.66,WALLET,success,none,0,0,25,5,2,0.4,0,0,0,none,1,28431.66
TX01008,C2044,4886.88,NETBANKING,success,none,0,0,312,6,0,0.0,1,1,0,none,1,4886.88
TX01009,C1448,4643.62,CARD,failed,technical_error,2,0,494,9,7,0.78,0,0,2,payment_link,0,0.0
TX01010,C2000,2171.71,NETBANKING,success,none,0,0,142,15,11,0.73,1,0,0,none,1,2171.71
TX01011,C1693,25395.93,NETBANKING,failed,network_error,4,0,68,8,8,1.0,0,0,0,retry_payment,0,0.0
TX01012,C0432,14674.9,CARD,success,none,0,0,84,8,6,0.75,1,3,0,none,1,14674.9
TX01013,C1430,23400.7,WALLET,success,none,0,0,194,4,3,0.75,1,0,0,none,1,23400.7
TX01014,C1347,3410.68,NETBANKING,abandoned,checkout_dropoff,3,1,227,16,3,0.19,1,0,0,payment_link,0,0.0
TX01015,C0875,16145.29,UPI,abandoned,checkout_dropoff,3,1,73,12,12,1.0,1,30,0,payment_link,1,16145.29
TX01016,C1733,13638.44,CARD,success,none,0,0,80,9,6,0.67,0,0,0,none,1,13638.44
TX01017,C1222,43714.04,WALLET,failed,timeout,1,0,275,6,6,1.0,0,0,1,retry_payment,1,43714.04
TX01018,C1401,48175.62,NETBANKING,success,none,0,0,367,14,7,0.5,1,1,0,none,1,48175.62
TX01019,C0659,48286.37,WALLET,success,none,0,0,594,13,13,1.0,0,0,0,none,1,48286.37
TX01020,C2298,39197.0,CARD,success,none,0,0,158,11,10,0.91,1,0,0,none,1,39197.0
TX01021,C1879,46704.21,WALLET,failed,network_error,3,0,279,17,0,0.0,1,30,0,retry_payment,0,0.0
TX01022,C1841,32018.04,UPI,success,none,0,0,202,14,11,0.79,0,0,0,none,1,32018.04
TX01023,C2462,19002.32,NETBANKING,success,none,0,0,205,19,0,0.0,1,7,0,none,1,19002.32
TX01024,C0067,15236.83,NETBANKING,success,none,0,0,137,16,14,0.88,1,0,0,none,1,15236.83
TX01025,C1443,41443.66,WALLET,success,none,0,0,353,4,1,0.25,1,0,0,none,1,41443.66
TX01026,C0725,27727.13,CARD,success,none,0,0,400,10,10,1.0,1,1,0,none,1,27727.13
TX01027,C0407,49769.09,UPI,success,none,0,0,26,20,13,0.65,0,0,0,none,1,49769.09
TX01028,C2034,37547.2,UPI,success,none,0,0,525,19,1,0.05,1,15,0,none,1,37547.2
TX01029,C0868,11299.39,WALLET,success,none,0,0,127,7,7,1.0,0,0,0,none,1,11299.39
TX01030,C1437,48387.28,WALLET,success,none,0,0,415,1,1,1.0,0,0,0,none,1,48387.28
TX01031,C2079,14323.5,NETBANKING,success,none,0,0,434,8,0,0.0,1,0,0,none,1,14323.5
TX01032,C0108,7838.09,NETBANKING,failed,timeout,4,0,335,11,2,0.18,1,0,1,retry_payment,0,0.0
TX01033,C0790,30890.14,WALLET,failed,timeout,3,0,141,13,11,0.85,0,0,1,retry_payment,0,0.0
TX01034,C1304,25960.4,WALLET,success,none,0,0,139,17,3,0.18,1,7,0,none,1,25960.4
TX01035,C1066,41899.43,CARD,abandoned,checkout_dropoff,1,1,105,3,0,0.0,1,0,2,payment_link,1,41899.43
TX01036,C2227,46045.6,UPI,success,none,0,0,35,5,3,0.6,1,0,0,none,1,46045.6
TX01037,C0909,14986.74,CARD,failed,technical_error,2,0,62,9,1,0.11,0,0,2,payment_link,0,0.0
TX01038,C2374,43373.56,UPI,success,none,0,0,135,4,1,0.25,1,0,0,none,1,43373.56
TX01039,C0740,4820.3,WALLET,failed,bank_error,3,0,113,16,0,0.0,1,0,0,payment_link,0,0.0
TX01040,C0862,34429.35,WALLET,failed,technical_error,1,0,194,10,0,0.0,0,0,2,payment_link,0,0.0
TX01041,C2485,42769.48,UPI,abandoned,checkout_dropoff,2,1,505,20,19,0.95,0,0,1,payment_link,1,42769.48
TX01042,C0499,9803.69,UPI,success,none,0,0,540,17,4,0.24,0,0,0,none,1,9803.69
TX01043,C1495,5916.47,CARD,success,none,0,0,151,8,1,0.12,0,0,0,none,1,5916.47
TX01044,C1097,13828.59,CARD,abandoned,checkout_dropoff,2,1,574,10,7,0.7,1,0,1,send_reminder,0,0.0
TX01045,C0709,10054.25,NETBANKING,abandoned,checkout_dropoff,0,1,329,6,6,1.0,0,0,1,send_reminder,1,10054.25
TX01046,C1736,29897.22,NETBANKING,failed,timeout,0,0,402,14,3,0.21,1,0,0,retry_payment,1,29897.22
TX01047,C1841,8529.0,UPI,abandoned,checkout_dropoff,2,1,429,10,9,0.9,1,0,1,payment_link,1,8529.0
TX01048,C1759,39586.64,NETBANKING,success,none,0,0,230,12,5,0.42,0,0,0,none,1,39586.64
TX01049,C1288,6290.72,NETBANKING,failed,insufficient_funds,1,0,486,19,10,0.53,0,0,1,send_reminder,0,0.0
TX01050,C1162,30169.74,CARD,success,none,0,0,294,20,2,0.1,1,3,0,none,1,30169.74
TX01051,C1783,16025.61,NETBANKING,success,none,0,0,60,16,15,0.94,0,0,0,none,1,16025.61
TX01052,C1125,21177.61,UPI,success,none,0,0,344,19,12,0.63,0,0,0,none,1,21177.61
TX01053,C2361,1259.18,UPI,success,none,0,0,599,1,1,1.0,1,0,0,none,1,1259.18
TX01054,C1650,2043.01,UPI,success,none,0,0,26,3,3,1.0,0,0,0,none,1,2043.01
TX01055,C1701,36218.03,NETBANKING,success,none,0,0,364,13,1,0.08,1,0,0,none,1,36218.03
TX01056,C0193,19787.71,WALLET,success,none,0,0,134,12,9,0.75,0,0,0,none,1,19787.71
TX01057,C0120,11355.91,UPI,success,none,0,0,340,14,3,0.21,0,0,0,none,1,11355.91
TX01058,C0361,9719.75,NETBANKING,failed,timeout,0,0,63,9,0,0.0,0,0,1,retry_payment,1,9719.75
TX01059,C0308,13333.61,WALLET,success,none,0,0,184,5,4,0.8,1,0,0,none,1,13333.61
TX01060,C1308,43122.37,WALLET,success,none,0,0,135,17,16,0.94,0,0,0,none,1,43122.37
TX01061,C2368,24000.76,WALLET,abandoned,checkout_dropoff,2,1,504,8,1,0.12,1,7,0,payment_link,0,0.0
TX01062,C0844,34809.26,UPI,abandoned,checkout_dropoff,0,1,227,1,0,0.0,1,7,1,payment_link,0,0.0
TX01063,C0855,40736.97,NETBANKING,failed,insufficient_funds,3,0,167,17,3,0.18,0,0,1,send_reminder,1,40736.97
TX01064,C1580,48758.22,CARD,failed,bank_error,0,0,294,14,2,0.14,1,30,0,payment_link,0,0.0
TX01065,C0604,23155.52,UPI,failed,bank_error,0,0,481,6,2,0.33,0,0,2,payment_link,0,0.0
TX01066,C1855,17727.45,UPI,abandoned,checkout_dropoff,0,1,372,14,3,0.21,0,0,2,send_reminder,0,0.0
TX01067,C1367,2847.22,NETBANKING,success,none,0,0,60,13,11,0.85,1,0,0,none,1,2847.22
TX01068,C0776,20254.07,NETBANKING,success,none,0,0,515,17,13,0.76,0,0,0,none,1,20254.07
TX01069,C0205,32387.97,UPI,success,none,0,0,64,2,2,1.0,1,0,0,none,1,32387.97
TX01070,C2180,5231.39,CARD,failed,technical_error,3,0,412,4,1,0.25,1,0,0,payment_link,1,5231.39
TX01071,C1424,31917.58,NETBANKING,failed,network_error,1,0,525,20,15,0.75,1,15,0,retry_payment,1,31917.58
TX01072,C1291,34135.84,CARD,success,none,0,0,476,5,0,0.0,1,0,0,none,1,34135.84
TX01073,C0086,9040.25,NETBANKING,failed,bank_error,0,0,370,16,0,0.0,1,15,0,payment_link,0,0.0
TX01074,C0072,28449.88,NETBANKING,failed,timeout,4,0,181,5,0,0.0,0,0,1,retry_payment,0,0.0
TX01075,C1375,22740.29,NETBANKING,abandoned,checkout_dropoff,2,1,508,9,5,0.56,1,0,1,send_reminder,1,22740.29
TX01076,C2122,38771.41,WALLET,success,none,0,0,541,1,0,0.0,1,15,0,none,1,38771.41
TX01077,C0581,17988.28,UPI,success,none,0,0,451,12,3,0.25,0,0,0,none,1,17988.28
TX01078,C0794,46048.23,WALLET,success,none,0,0,290,18,14,0.78,0,0,0,none,1,46048.23
TX01079,C1087,45534.3,NETBANKING,failed,technical_error,4,0,437,9,4,0.44,0,0,2,payment_link,1,45534.3
TX01080,C1407,41741.74,UPI,success,none,0,0,475,19,11,0.58,1,0,0,none,1,41741.74
TX01081,C0035,25046.57,CARD,success,none,0,0,163,17,9,0.53,0,0,0,none,1,25046.57
TX01082,C1244,24443.87,UPI,failed,network_error,3,0,51,7,4,0.57,0,0,0,retry_payment,0,0.0
TX01083,C2001,15429.91,WALLET,success,none,0,0,10,2,1,0.5,0,0,0,none,1,15429.91
TX01084,C1435,43960.36,CARD,abandoned,checkout_dropoff,2,1,156,7,6,0.86,0,0,1,send_reminder,1,43960.36
TX01085,C1453,12586.68,WALLET,success,none,0,0,110,9,4,0.44,1,0,0,none,1,12586.68
TX01086,C1786,34010.38,NETBANKING,failed,bank_error,1,0,266,5,3,0.6,0,0,0,payment_link,1,34010.38
TX01087,C1218,28419.92,WALLET,success,none,0,0,394,14,1,0.07,0,0,0,none,1,28419.92
TX01088,C2157,22206.69,NETBANKING,success,none,0,0,376,15,11,0.73,1,0,0,none,1,22206.69
TX01089,C1681,23171.94,UPI,abandoned,checkout_dropoff,3,1,100,5,4,0.8,1,7,2,send_reminder,1,23171.94
TX01090,C2317,43914.7,UPI,failed,technical_error,1,0,422,1,1,1.0,1,7,1,payment_link,1,43914.7
TX01091,C0439,16807.48,UPI,failed,timeout,3,0,349,2,0,0.0,0,0,2,retry_payment,0,0.0
TX01092,C0840,25909.95,WALLET,success,none,0,0,168,10,10,1.0,1,3,0,none,1,25909.95
TX01093,C0027,40319.72,CARD,success,none,0,0,10,5,4,0.8,0,0,0,none,1,40319.72
TX01094,C2130,5023.81,CARD,success,none,0,0,35,17,14,0.82,1,0,0,none,1,5023.81
TX01095,C0499,15136.2,WALLET,abandoned,checkout_dropoff,1,1,569,9,9,1.0,1,15,2,payment_link,1,15136.2
TX01096,C0089,9403.43,CARD,success,none,0,0,569,7,7,1.0,1,0,0,none,1,9403.43
TX01097,C0410,47962.75,WALLET,success,none,0,0,291,13,6,0.46,0,0,0,none,1,47962.75
TX01098,C1901,20961.44,WALLET,success,none,0,0,300,15,3,0.2,1,0,0,none,1,20961.44
TX01099,C1241,1897.36,WALLET,success,none,0,0,373,5,3,0.6,1,0,0,none,1,1897.36
TX01100,C0649,18015.83,CARD,success,none,0,0,547,13,8,0.62,0,0,0,none,1,18015.83
TX01101,C0715,32864.78,NETBANKING,failed,timeout,2,0,480,5,2,0.4,1,15,0,retry_payment,0,0.0
TX01102,C1982,18950.83,WALLET,success,none,0,0,194,19,16,0.84,1,0,0,none,1,18950.83
TX01103,C1328,29524.83,NETBANKING,success,none,0,0,423,3,0,0.0,0,0,0,none,1,29524.83
TX01104,C0652,11738.87,UPI,success,none,0,0,497,11,3,0.27,0,0,0,none,1,11738.87
TX01105,C0432,45009.76,CARD,failed,technical_error,3,0,75,2,2,1.0,1,0,0,payment_link,0,0.0
TX01106,C1809,38214.93,UPI,abandoned,checkout_dropoff,2,1,120,15,12,0.8,0,0,1,payment_link,1,38214.93
TX01107,C1793,34006.68,CARD,success,none,0,0,175,14,13,0.93,0,0,0,none,1,34006.68
TX01108,C0353,29188.98,UPI,success,none,0,0,153,1,1,1.0,1,1,0,none,1,29188.98
TX01109,C0295,17167.42,WALLET,success,none,0,0,222,19,15,0.79,1,0,0,none,1,17167.42
TX01110,C2289,42700.4,UPI,success,none,0,0,395,3,0,0.0,0,0,0,none,1,42700.4
TX01111,C2119,15051.7,UPI,success,none,0,0,62,20,17,0.85,1,0,0,none,1,15051.7
TX01112,C1188,46129.21,NETBANKING,success,none,0,0,376,3,1,0.33,1,0,0,none,1,46129.21
TX01113,C2357,12221.64,NETBANKING,success,none,0,0,68,18,3,0.17,1,30,0,none,1,12221.64
TX01114,C1078,32730.95,UPI,success,none,0,0,277,7,5,0.71,0,0,0,none,1,32730.95
TX01115,C0571,10370.82,NETBANKING,abandoned,checkout_dropoff,0,1,251,16,2,0.12,0,0,1,send_reminder,0,0.0
TX01116,C2451,37016.61,UPI,failed,technical_error,1,0,287,2,0,0.0,0,0,0,payment_link,0,0.0
TX01117,C1435,21689.48,NETBANKING,failed,bank_error,0,0,66,1,0,0.0,1,3,2,payment_link,0,0.0
TX01118,C1975,2796.59,WALLET,failed,technical_error,3,0,572,5,0,0.0,1,0,1,payment_link,0,0.0
TX01119,C1441,9843.55,WALLET,abandoned,checkout_dropoff,1,1,247,3,0,0.0,0,0,2,send_reminder,0,0.0
TX01120,C2327,2479.83,UPI,failed,bank_error,0,0,88,2,0,0.0,1,0,1,payment_link,1,2479.83
TX01121,C2468,32829.41,CARD,abandoned,checkout_dropoff,1,1,417,16,3,0.19,0,0,2,payment_link,1,32829.41
TX01122,C0844,24847.48,NETBANKING,failed,bank_error,3,0,319,12,12,1.0,1,15,1,payment_link,1,24847.48
TX01123,C1307,34949.03,UPI,success,none,0,0,430,20,15,0.75,1,0,0,none,1,34949.03
TX01124,C0562,42102.98,CARD,success,none,0,0,576,7,1,0.14,1,3,0,none,1,42102.98
TX01125,C0582,1986.21,CARD,failed,technical_error,0,0,31,16,1,0.06,1,0,0,payment_link,0,0.0
TX01126,C0245,14098.81,WALLET,success,none,0,0,401,13,7,0.54,0,0,0,none,1,14098.81
TX01127,C0920,10445.36,CARD,failed,timeout,0,0,322,2,2,1.0,1,30,1,retry_payment,0,0.0
TX01128,C1076,40550.14,CARD,failed,insufficient_funds,4,0,454,14,12,0.86,0,0,2,send_reminder,0,0.0
TX01129,C1590,47633.18,NETBANKING,failed,timeout,3,0,444,19,18,0.95,1,0,1,retry_payment,0,0.0
TX01130,C1915,37332.57,CARD,success,none,0,0,25,9,4,0.44,0,0,0,none,1,37332.57
TX01131,C1024,38612.69,NETBANKING,success,none,0,0,414,2,2,1.0,1,0,0,none,1,38612.69
TX01132,C1027,39164.83,UPI,success,none,0,0,592,11,4,0.36,0,0,0,none,1,39164.83
TX01133,C1818,23243.67,WALLET,success,none,0,0,47,12,7,0.58,0,0,0,none,1,23243.67
TX01134,C1674,3117.52,UPI,success,none,0,0,574,11,1,0.09,1,0,0,none,1,3117.52
TX01135,C1132,13125.13,WALLET,success,none,0,0,188,5,4,0.8,0,0,0,none,1,13125.13
TX01136,C0954,5899.44,UPI,success,none,0,0,528,15,10,0.67,0,0,0,none,1,5899.44
TX01137,C2267,35924.41,UPI,abandoned,checkout_dropoff,2,1,273,1,1,1.0,0,0,0,payment_link,1,35924.41
TX01138,C2077,22301.87,UPI,success,none,0,0,343,19,11,0.58,1,0,0,none,1,22301.87
TX01139,C1747,43817.49,CARD,success,none,0,0,378,11,6,0.55,1,0,0,none,1,43817.49
TX01140,C1205,31171.44,CARD,success,none,0,0,307,5,4,0.8,0,0,0,none,1,31171.44
TX01141,C0436,30530.1,NETBANKING,success,none,0,0,530,19,11,0.58,0,0,0,none,1,30530.1
TX01142,C1552,41570.19,UPI,failed,bank_error,3,0,90,3,1,0.33,1,1,2,payment_link,1,41570.19
TX01143,C0211,30433.68,WALLET,success,none,0,0,209,19,9,0.47,0,0,0,none,1,30433.68
TX01144,C1347,12305.05,NETBANKING,success,none,0,0,332,4,1,0.25,1,3,0,none,1,12305.05
TX01145,C1680,18221.68,NETBANKING,success,none,0,0,88,12,10,0.83,1,1,0,none,1,18221.68
TX01146,C1839,39357.95,CARD,success,none,0,0,138,18,7,0.39,1,3,0,none,1,39357.95
TX01147,C0566,30356.17,NETBANKING,success,none,0,0,130,3,3,1.0,1,1,0,none,1,30356.17
TX01148,C0608,28885.39,CARD,failed,technical_error,0,0,180,4,3,0.75,1,7,1,payment_link,0,0.0
TX01149,C0414,6494.62,UPI,failed,network_error,1,0,84,5,4,0.8,1,15,1,retry_payment,1,6494.62
TX01150,C2282,12223.46,NETBANKING,success,none,0,0,354,19,19,1.0,0,0,0,none,1,12223.46
TX01151,C0186,3872.88,NETBANKING,abandoned,checkout_dropoff,3,1,470,14,4,0.29,1,3,2,payment_link,0,0.0
TX01152,C2087,4372.72,UPI,success,none,0,0,388,15,12,0.8,1,0,0,none,1,4372.72
TX01153,C2084,36182.15,NETBANKING,abandoned,checkout_dropoff,0,1,247,10,7,0.7,1,0,1,send_reminder,1,36182.15
TX01154,C1305,37913.55,CARD,success,none,0,0,225,14,8,0.57,1,1,0,none,1,37913.55
TX01155,C1288,5153.43,NETBANKING,success,none,0,0,304,9,7,0.78,1,0,0,none,1,5153.43
TX01156,C0694,14566.25,NETBANKING,abandoned,checkout_dropoff,0,1,247,9,2,0.22,0,0,2,payment_link,0,0.0
TX01157,C0692,1562.04,UPI,abandoned,checkout_dropoff,4,1,560,7,0,0.0,1,7,1,payment_link,0,0.0
TX01158,C2340,21439.83,WALLET,success,none,0,0,474,10,1,0.1,0,0,0,none,1,21439.83
TX01159,C1821,44466.21,WALLET,success,none,0,0,150,9,1,0.11,1,7,0,none,1,44466.21
TX01160,C0912,36422.61,NETBANKING,success,none,0,0,353,9,7,0.78,0,0,0,none,1,36422.61
TX01161,C1290,44635.17,UPI,success,none,0,0,543,11,3,0.27,0,0,0,none,1,44635.17
TX01162,C0033,12446.5,WALLET,failed,bank_error,1,0,281,16,4,0.25,1,7,1,payment_link,0,0.0
TX01163,C0540,10088.93,UPI,abandoned,checkout_dropoff,1,1,13,14,1,0.07,1,1,0,payment_link,0,0.0
TX01164,C1713,34461.49,WALLET,success,none,0,0,250,12,7,0.58,0,0,0,none,1,34461.49
TX01165,C1230,42066.45,NETBANKING,failed,technical_error,3,0,375,18,15,0.83,1,0,1,payment_link,1,42066.45
TX01166,C1719,48474.23,NETBANKING,success,none,0,0,445,4,1,0.25,1,30,0,none,1,48474.23
TX01167,C0466,17509.41,WALLET,failed,technical_error,3,0,431,8,0,0.0,1,0,1,payment_link,1,17509.41
TX01168,C0250,28200.41,NETBANKING,success,none,0,0,335,14,6,0.43,1,0,0,none,1,28200.41
TX01169,C1068,45635.96,NETBANKING,success,none,0,0,234,11,10,0.91,0,0,0,none,1,45635.96
TX01170,C1264,22492.29,CARD,success,none,0,0,180,18,6,0.33,0,0,0,none,1,22492.29
TX01171,C1351,6634.92,UPI,abandoned,checkout_dropoff,0,1,398,3,2,0.67,1,7,2,payment_link,0,0.0
TX01172,C0863,18232.47,CARD,abandoned,checkout_dropoff,4,1,415,8,4,0.5,0,0,0,send_reminder,1,18232.47
TX01173,C2265,36720.05,UPI,success,none,0,0,30,17,3,0.18,1,7,0,none,1,36720.05
TX01174,C0174,8015.89,NETBANKING,success,none,0,0,263,2,1,0.5,0,0,0,none,1,8015.89
TX01175,C1548,32832.74,CARD,failed,insufficient_funds,0,0,88,3,3,1.0,0,0,2,send_reminder,1,32832.74
TX01176,C2478,45964.93,UPI,failed,technical_error,1,0,329,11,6,0.55,0,0,1,payment_link,1,45964.93
TX01177,C0831,5164.03,WALLET,success,none,0,0,449,3,1,0.33,1,1,0,none,1,5164.03
TX01178,C1980,14364.26,CARD,success,none,0,0,518,13,5,0.38,0,0,0,none,1,14364.26
TX01179,C1853,11358.23,UPI,success,none,0,0,247,15,11,0.73,1,1,0,none,1,11358.23
TX01180,C1273,16755.29,UPI,success,none,0,0,183,7,7,1.0,0,0,0,none,1,16755.29
TX01181,C0344,7238.26,WALLET,success,none,0,0,590,8,0,0.0,1,0,0,none,1,7238.26
TX01182,C1276,37077.45,CARD,success,none,0,0,588,20,13,0.65,0,0,0,none,1,37077.45
TX01183,C1099,34581.79,WALLET,success,none,0,0,330,8,5,0.62,1,3,0,none,1,34581.79
TX01184,C2108,27829.4,UPI,abandoned,checkout_dropoff,3,1,89,13,2,0.15,0,0,0,payment_link,0,0.0
TX01185,C0681,10028.91,UPI,success,none,0,0,444,16,5,0.31,1,0,0,none,1,10028.91
TX01186,C2241,21023.74,UPI,success,none,0,0,455,10,10,1.0,1,1,0,none,1,21023.74
TX01187,C1523,28277.76,CARD,success,none,0,0,545,7,5,0.71,1,0,0,none,1,28277.76
TX01188,C0863,46822.88,CARD,success,none,0,0,495,1,1,1.0,1,0,0,none,1,46822.88
TX01189,C1928,3538.99,UPI,success,none,0,0,202,7,1,0.14,1,0,0,none,1,3538.99
TX01190,C0251,31323.64,CARD,success,none,0,0,582,8,5,0.62,0,0,0,none,1,31323.64
TX01191,C0790,13874.11,WALLET,success,none,0,0,323,12,9,0.75,1,30,0,none,1,13874.11
TX01192,C2299,27142.65,CARD,success,none,0,0,166,4,1,0.25,1,0,0,none,1,27142.65
TX01193,C2309,5295.64,WALLET,success,none,0,0,293,20,15,0.75,0,0,0,none,1,5295.64
TX01194,C0689,333.01,CARD,abandoned,checkout_dropoff,0,1,160,5,1,0.2,1,15,0,send_reminder,1,333.01
TX01195,C0562,25682.92,WALLET,success,none,0,0,493,11,4,0.36,0,0,0,none,1,25682.92
TX01196,C0987,28095.23,WALLET,failed,technical_error,2,0,329,17,10,0.59,0,0,0,payment_link,0,0.0
TX01197,C0681,47285.4,NETBANKING,failed,technical_error,4,0,462,16,8,0.5,0,0,1,payment_link,0,0.0
TX01198,C1427,9065.02,NETBANKING,failed,insufficient_funds,3,0,228,20,17,0.85,0,0,0,send_reminder,1,9065.02
TX01199,C0044,9952.64,NETBANKING,success,none,0,0,15,19,9,0.47,1,0,0,none,1,9952.64
TX01200,C1511,45807.19,UPI,success,none,0,0,44,9,7,0.78,1,0,0,none,1,45807.19
TX01201,C1037,13853.86,UPI,abandoned,checkout_dropoff,0,1,492,20,20,1.0,1,0,2,send_reminder,0,0.0
TX01202,C2235,40410.05,UPI,success,none,0,0,166,6,6,1.0,0,0,0,none,1,40410.05
TX01203,C0340,21094.71,UPI,success,none,0,0,73,11,1,0.09,1,30,0,none,1,21094.71
TX01204,C0796,32824.24,UPI,success,none,0,0,334,6,4,0.67,1,1,0,none,1,32824.24
TX01205,C1652,20935.66,UPI,success,none,0,0,523,5,5,1.0,1,0,0,none,1,20935.66
TX01206,C1817,2416.52,CARD,failed,technical_error,1,0,13,10,4,0.4,1,0,2,payment_link,0,0.0
TX01207,C0353,28396.23,WALLET,success,none,0,0,102,6,5,0.83,0,0,0,none,1,28396.23
TX01208,C0761,16011.56,UPI,failed,network_error,1,0,393,15,2,0.13,0,0,2,retry_payment,1,16011.56
TX01209,C0783,37420.94,CARD,success,none,0,0,398,10,2,0.2,1,0,0,none,1,37420.94
TX01210,C1293,20816.34,CARD,success,none,0,0,214,6,2,0.33,1,3,0,none,1,20816.34
TX01211,C1084,4802.12,NETBANKING,success,none,0,0,367,17,14,0.82,0,0,0,none,1,4802.12
TX01212,C0151,47493.32,WALLET,success,none,0,0,592,7,6,0.86,1,1,0,none,1,47493.32
TX01213,C1183,10530.86,NETBANKING,success,none,0,0,225,9,3,0.33,1,0,0,none,1,10530.86
TX01214,C0473,25948.09,CARD,success,none,0,0,488,19,10,0.53,1,1,0,none,1,25948.09
TX01215,C2411,45083.49,NETBANKING,failed,insufficient_funds,0,0,172,14,7,0.5,1,0,0,send_reminder,0,0.0
TX01216,C1467,15452.53,WALLET,success,none,0,0,32,15,14,0.93,1,3,0,none,1,15452.53
TX01217,C1940,41738.0,NETBANKING,failed,timeout,2,0,504,13,4,0.31,0,0,0,retry_payment,0,0.0
TX01218,C2077,5571.19,WALLET,failed,timeout,3,0,39,6,4,0.67,0,0,1,retry_payment,0,0.0
TX01219,C2445,48268.73,CARD,abandoned,checkout_dropoff,4,1,152,5,5,1.0,1,7,1,payment_link,0,0.0
TX01220,C0580,40114.18,WALLET,success,none,0,0,481,1,0,0.0,0,0,0,none,1,40114.18
TX01221,C0705,15203.86,UPI,success,none,0,0,218,14,1,0.07,0,0,0,none,1,15203.86
TX01222,C0632,34298.74,NETBANKING,success,none,0,0,173,12,1,0.08,1,1,0,none,1,34298.74
TX01223,C1615,34999.23,WALLET,failed,technical_error,1,0,108,13,2,0.15,1,7,1,payment_link,1,34999.23
TX01224,C1160,41025.6,WALLET,success,none,0,0,556,3,2,0.67,1,3,0,none,1,41025.6
TX01225,C2403,1539.43,CARD,failed,insufficient_funds,2,0,358,17,0,0.0,1,15,0,send_reminder,0,0.0
TX01226,C2048,9560.93,CARD,success,none,0,0,105,11,6,0.55,0,0,0,none,1,9560.93
TX01227,C1744,7707.23,NETBANKING,success,none,0,0,502,2,1,0.5,1,0,0,none,1,7707.23
TX01228,C1632,34180.52,UPI,success,none,0,0,94,12,10,0.83,0,0,0,none,1,34180.52
TX01229,C1657,40216.8,UPI,success,none,0,0,141,19,16,0.84,1,3,0,none,1,40216.8
TX01230,C0048,24409.74,WALLET,success,none,0,0,65,10,6,0.6,1,3,0,none,1,24409.74
TX01231,C0475,30261.08,WALLET,success,none,0,0,494,11,8,0.73,1,0,0,none,1,30261.08
TX01232,C0733,49040.58,WALLET,failed,network_error,1,0,17,11,11,1.0,1,0,2,retry_payment,0,0.0
TX01233,C1864,21857.42,WALLET,success,none,0,0,134,16,14,0.88,1,0,0,none,1,21857.42
TX01234,C2455,34382.1,NETBANKING,success,none,0,0,313,1,1,1.0,0,0,0,none,1,34382.1
TX01235,C1202,17972.89,UPI,success,none,0,0,314,2,2,1.0,0,0,0,none,1,17972.89
TX01236,C1464,36648.83,WALLET,success,none,0,0,96,18,3,0.17,0,0,0,none,1,36648.83
TX01237,C0593,31719.42,WALLET,failed,insufficient_funds,3,0,259,17,14,0.82,0,0,1,send_reminder,1,31719.42
TX01238,C0157,7508.17,UPI,success,none,0,0,90,11,10,0.91,1,0,0,none,1,7508.17
TX01239,C0092,9359.73,NETBANKING,failed,network_error,3,0,129,7,4,0.57,1,1,2,retry_payment,0,0.0
TX01240,C0999,34774.01,UPI,success,none,0,0,494,7,6,0.86,1,3,0,none,1,34774.01
TX01241,C0761,13987.32,UPI,success,none,0,0,195,10,4,0.4,0,0,0,none,1,13987.32
TX01242,C1668,10515.39,WALLET,failed,insufficient_funds,2,0,483,20,20,1.0,1,0,2,send_reminder,1,10515.39
TX01243,C1330,11208.67,NETBANKING,failed,timeout,3,0,440,20,10,0.5,1,0,2,retry_payment,0,0.0
TX01244,C0052,17278.95,NETBANKING,success,none,0,0,465,5,3,0.6,1,0,0,none,1,17278.95
TX01245,C0697,33714.7,NETBANKING,success,none,0,0,595,3,3,1.0,1,0,0,none,1,33714.7
TX01246,C2170,18585.73,NETBANKING,failed,technical_error,3,0,40,5,4,0.8,0,0,2,payment_link,1,18585.73
TX01247,C1768,20886.57,UPI,failed,insufficient_funds,4,0,512,8,6,0.75,0,0,0,send_reminder,1,20886.57
TX01248,C0398,19908.33,CARD,abandoned,checkout_dropoff,4,1,306,6,6,1.0,0,0,1,send_reminder,0,0.0
TX01249,C0892,21025.36,NETBANKING,success,none,0,0,381,4,2,0.5,1,0,0,none,1,21025.36
TX01250,C1655,24842.69,WALLET,success,none,0,0,470,6,6,1.0,0,0,0,none,1,24842.69
TX01251,C1639,14562.71,NETBANKING,failed,bank_error,0,0,402,19,13,0.68,1,0,2,payment_link,1,14562.71
TX01252,C0919,7100.89,UPI,success,none,0,0,428,1,1,1.0,0,0,0,none,1,7100.89
TX01253,C0682,28551.45,WALLET,failed,insufficient_funds,0,0,408,18,16,0.89,0,0,0,send_reminder,0,0.0
TX01254,C1876,18579.4,CARD,success,none,0,0,214,11,2,0.18,1,0,0,none,1,18579.4
TX01255,C0127,10508.96,WALLET,success,none,0,0,464,8,2,0.25,1,1,0,none,1,10508.96
TX01256,C0456,40223.61,NETBANKING,failed,bank_error,1,0,483,3,0,0.0,0,0,1,payment_link,0,0.0
TX01257,C2129,49777.62,WALLET,success,none,0,0,437,9,8,0.89,0,0,0,none,1,49777.62
TX01258,C2487,32425.05,UPI,success,none,0,0,71,10,6,0.6,0,0,0,none,1,32425.05
TX01259,C1489,20091.59,WALLET,success,none,0,0,137,4,1,0.25,1,7,0,none,1,20091.59
TX01260,C2375,37728.18,UPI,failed,insufficient_funds,3,0,357,5,1,0.2,1,0,2,send_reminder,1,37728.18
TX01261,C0304,23020.45,WALLET,failed,insufficient_funds,2,0,312,15,10,0.67,1,3,2,send_reminder,0,0.0
TX01262,C0147,38113.87,CARD,success,none,0,0,36,8,5,0.62,1,3,0,none,1,38113.87
TX01263,C1257,47250.64,CARD,success,none,0,0,322,16,14,0.88,1,0,0,none,1,47250.64
TX01264,C0527,7497.0,NETBANKING,failed,insufficient_funds,1,0,38,7,4,0.57,0,0,1,send_reminder,0,0.0
TX01265,C1492,36112.74,WALLET,success,none,0,0,184,12,10,0.83,0,0,0,none,1,36112.74
TX01266,C2405,42660.0,NETBANKING,success,none,0,0,397,16,5,0.31,1,0,0,none,1,42660.0
TX01267,C1556,908.78,UPI,success,none,0,0,326,7,3,0.43,0,0,0,none,1,908.78
TX01268,C1140,30510.33,UPI,success,none,0,0,375,16,14,0.88,0,0,0,none,1,30510.33
TX01269,C2147,44927.11,CARD,success,none,0,0,43,13,10,0.77,0,0,0,none,1,44927.11
TX01270,C1350,25469.34,NETBANKING,success,none,0,0,557,18,2,0.11,0,0,0,none,1,25469.34
TX01271,C1830,28421.77,CARD,success,none,0,0,197,8,3,0.38,1,0,0,none,1,28421.77
TX01272,C2496,13435.01,NETBANKING,success,none,0,0,204,3,1,0.33,1,0,0,none,1,13435.01
TX01273,C0933,12348.24,WALLET,success,none,0,0,559,2,1,0.5,0,0,0,none,1,12348.24
TX01274,C0805,24019.29,WALLET,success,none,0,0,212,4,4,1.0,0,0,0,none,1,24019.29
TX01275,C2451,24464.09,UPI,success,none,0,0,124,15,6,0.4,1,30,0,none,1,24464.09
TX01276,C1032,37777.1,NETBANKING,success,none,0,0,190,11,8,0.73,1,1,0,none,1,37777.1
TX01277,C1228,13357.16,CARD,success,none,0,0,584,17,9,0.53,1,0,0,none,1,13357.16
TX01278,C0747,24481.51,NETBANKING,failed,timeout,3,0,517,6,1,0.17,0,0,1,retry_payment,0,0.0
TX01279,C1248,4909.49,WALLET,success,none,0,0,561,6,1,0.17,0,0,0,none,1,4909.49
TX01280,C0950,10818.18,NETBANKING,success,none,0,0,553,16,3,0.19,1,15,0,none,1,10818.18
TX01281,C0862,28636.22,CARD,success,none,0,0,206,13,12,0.92,0,0,0,none,1,28636.22
TX01282,C0647,30584.14,CARD,success,none,0,0,538,16,13,0.81,1,0,0,none,1,30584.14
TX01283,C1077,23704.69,NETBANKING,success,none,0,0,323,11,11,1.0,1,7,0,none,1,23704.69
TX01284,C1292,22595.45,WALLET,success,none,0,0,437,1,1,1.0,0,0,0,none,1,22595.45
TX01285,C1675,17809.88,CARD,abandoned,checkout_dropoff,2,1,29,7,3,0.43,1,0,1,send_reminder,1,17809.88
TX01286,C1567,16419.12,CARD,failed,timeout,4,0,460,9,1,0.11,0,0,0,retry_payment,0,0.0
TX01287,C0658,16409.06,WALLET,abandoned,checkout_dropoff,4,1,491,2,2,1.0,1,3,2,send_reminder,1,16409.06
TX01288,C2401,18875.94,UPI,success,none,0,0,360,9,8,0.89,1,0,0,none,1,18875.94
TX01289,C1165,5729.33,CARD,failed,network_error,2,0,433,5,1,0.2,1,1,2,retry_payment,0,0.0
TX01290,C0361,22025.41,NETBANKING,success,none,0,0,276,18,16,0.89,1,3,0,none,1,22025.41
TX01291,C0576,38650.62,UPI,failed,insufficient_funds,2,0,466,7,2,0.29,1,0,1,send_reminder,1,38650.62
TX01292,C0816,33947.91,NETBANKING,success,none,0,0,33,5,0,0.0,1,0,0,none,1,33947.91
TX01293,C1993,39945.23,UPI,abandoned,checkout_dropoff,4,1,392,1,1,1.0,0,0,1,send_reminder,0,0.0
TX01294,C1158,28825.81,UPI,failed,timeout,0,0,581,4,4,1.0,0,0,0,retry_payment,0,0.0
TX01295,C2351,46140.34,CARD,failed,technical_error,2,0,486,15,4,0.27,1,0,1,payment_link,0,0.0
TX01296,C1860,26480.16,WALLET,failed,technical_error,4,0,310,1,1,1.0,0,0,1,payment_link,1,26480.16
TX01297,C1750,7694.65,CARD,success,none,0,0,344,18,14,0.78,0,0,0,none,1,7694.65
TX01298,C2353,46282.76,CARD,success,none,0,0,161,7,4,0.57,0,0,0,none,1,46282.76
TX01299,C0414,1505.98,UPI,failed,timeout,2,0,80,11,5,0.45,0,0,2,retry_payment,0,0.0
TX01300,C0856,10244.73,CARD,success,none,0,0,287,8,3,0.38,1,0,0,none,1,10244.73
TX01301,C1801,6330.88,WALLET,success,none,0,0,223,13,0,0.0,1,0,0,none,1,6330.88
TX01302,C0814,10440.49,WALLET,success,none,0,0,137,3,1,0.33,0,0,0,none,1,10440.49
TX01303,C0668,37879.0,UPI,abandoned,checkout_dropoff,4,1,376,11,6,0.55,0,0,2,payment_link,0,0.0
TX01304,C1474,24003.35,UPI,abandoned,checkout_dropoff,0,1,17,13,12,0.92,1,0,1,payment_link,1,24003.35
TX01305,C0268,21820.61,NETBANKING,success,none,0,0,96,13,7,0.54,0,0,0,none,1,21820.61
TX01306,C1126,36535.53,NETBANKING,success,none,0,0,264,6,4,0.67,0,0,0,none,1,36535.53
TX01307,C0525,26027.38,CARD,failed,network_error,0,0,224,10,5,0.5,1,7,0,retry_payment,1,26027.38
TX01308,C2125,48271.95,CARD,success,none,0,0,122,6,0,0.0,1,0,0,none,1,48271.95
TX01309,C1654,31340.56,NETBANKING,success,none,0,0,39,1,1,1.0,0,0,0,none,1,31340.56
TX01310,C1928,1904.29,CARD,abandoned,checkout_dropoff,0,1,562,13,12,0.92,0,0,1,payment_link,1,1904.29
TX01311,C0913,4787.77,UPI,success,none,0,0,497,15,13,0.87,1,0,0,none,1,4787.77
TX01312,C2471,40509.37,UPI,success,none,0,0,490,9,2,0.22,1,3,0,none,1,40509.37
TX01313,C1498,47853.89,UPI,success,none,0,0,594,7,2,0.29,0,0,0,none,1,47853.89
TX01314,C2109,6664.42,CARD,success,none,0,0,94,4,3,0.75,1,15,0,none,1,6664.42
TX01315,C0432,12638.98,NETBANKING,success,none,0,0,318,11,11,1.0,1,3,0,none,1,12638.98
TX01316,C2130,25941.84,NETBANKING,failed,bank_error,2,0,442,12,10,0.83,0,0,0,payment_link,1,25941.84
TX01317,C1578,31667.64,CARD,abandoned,checkout_dropoff,0,1,156,2,0,0.0,0,0,2,send_reminder,1,31667.64
TX01318,C1970,24295.47,NETBANKING,success,none,0,0,425,15,6,0.4,1,1,0,none,1,24295.47
TX01319,C2236,22105.18,NETBANKING,failed,timeout,2,0,355,6,2,0.33,1,7,1,retry_payment,0,0.0
TX01320,C2249,22924.54,UPI,failed,insufficient_funds,4,0,279,3,2,0.67,1,1,0,send_reminder,0,0.0
TX01321,C0388,11510.83,WALLET,failed,network_error,4,0,312,5,2,0.4,1,0,2,retry_payment,0,0.0
TX01322,C0340,48321.37,CARD,success,none,0,0,533,7,2,0.29,0,0,0,none,1,48321.37
TX01323,C0069,10094.12,NETBANKING,success,none,0,0,165,19,16,0.84,0,0,0,none,1,10094.12
TX01324,C2184,18260.28,CARD,failed,timeout,1,0,393,6,0,0.0,0,0,2,retry_payment,1,18260.28
TX01325,C0927,42193.29,CARD,success,none,0,0,444,7,4,0.57,0,0,0,none,1,42193.29
TX01326,C1642,14965.52,WALLET,failed,technical_error,2,0,149,10,0,0.0,0,0,2,payment_link,1,14965.52
TX01327,C1277,10595.99,UPI,success,none,0,0,430,5,1,0.2,1,7,0,none,1,10595.99
TX01328,C0994,19683.67,CARD,success,none,0,0,410,19,6,0.32,0,0,0,none,1,19683.67
TX01329,C1436,3712.48,NETBANKING,success,none,0,0,421,4,4,1.0,0,0,0,none,1,3712.48
TX01330,C0844,22280.39,NETBANKING,failed,network_error,0,0,543,10,8,0.8,0,0,2,retry_payment,0,0.0
TX01331,C1930,11762.62,WALLET,success,none,0,0,137,18,14,0.78,0,0,0,none,1,11762.62
TX01332,C0289,44035.3,NETBANKING,failed,network_error,3,0,271,4,3,0.75,1,1,2,retry_payment,0,0.0
TX01333,C1996,37971.28,CARD,success,none,0,0,100,20,19,0.95,1,0,0,none,1,37971.28
TX01334,C2026,41868.11,WALLET,success,none,0,0,117,9,4,0.44,1,1,0,none,1,41868.11
TX01335,C1347,21098.34,NETBANKING,abandoned,checkout_dropoff,0,1,23,4,3,0.75,0,0,1,send_reminder,1,21098.34
TX01336,C1089,5377.48,WALLET,success,none,0,0,589,13,9,0.69,1,0,0,none,1,5377.48
TX01337,C0442,29599.08,UPI,success,none,0,0,130,8,5,0.62,1,7,0,none,1,29599.08
TX01338,C0164,17495.76,WALLET,failed,timeout,4,0,48,13,13,1.0,1,3,0,retry_payment,0,0.0
TX01339,C0885,28433.11,UPI,success,none,0,0,346,4,2,0.5,1,7,0,none,1,28433.11
TX01340,C1871,42501.62,NETBANKING,success,none,0,0,362,12,3,0.25,1,0,0,none,1,42501.62
TX01341,C0196,16360.72,NETBANKING,failed,bank_error,1,0,581,18,10,0.56,1,7,0,payment_link,0,0.0
TX01342,C2048,42860.99,NETBANKING,success,none,0,0,561,8,5,0.62,1,0,0,none,1,42860.99
TX01343,C0371,32044.7,NETBANKING,success,none,0,0,200,13,3,0.23,1,15,0,none,1,32044.7
TX01344,C1989,17659.58,WALLET,failed,bank_error,1,0,340,1,0,0.0,0,0,2,payment_link,0,0.0
TX01345,C2296,14950.94,CARD,success,none,0,0,87,7,1,0.14,0,0,0,none,1,14950.94
TX01346,C2450,45751.93,WALLET,failed,bank_error,2,0,555,12,6,0.5,0,0,0,payment_link,0,0.0
TX01347,C1204,30748.32,UPI,success,none,0,0,240,15,1,0.07,0,0,0,none,1,30748.32
TX01348,C2245,7919.59,NETBANKING,success,none,0,0,239,8,3,0.38,0,0,0,none,1,7919.59
TX01349,C1804,32465.17,CARD,success,none,0,0,313,8,0,0.0,1,7,0,none,1,32465.17
TX01350,C1698,27904.85,CARD,success,none,0,0,541,19,12,0.63,1,3,0,none,1,27904.85
TX01351,C1491,40210.62,NETBANKING,success,none,0,0,383,8,5,0.62,1,0,0,none,1,40210.62
TX01352,C0551,16218.8,CARD,failed,timeout,1,0,108,17,15,0.88,1,0,0,retry_payment,0,0.0
TX01353,C1427,35934.71,CARD,success,none,0,0,598,2,1,0.5,1,0,0,none,1,35934.71
TX01354,C1787,3419.96,CARD,success,none,0,0,469,18,1,0.06,1,0,0,none,1,3419.96
TX01355,C0606,3376.09,NETBANKING,success,none,0,0,292,19,8,0.42,0,0,0,none,1,3376.09
TX01356,C2449,24642.33,CARD,abandoned,checkout_dropoff,1,1,472,10,8,0.8,1,0,2,send_reminder,1,24642.33
TX01357,C2404,15860.04,UPI,abandoned,checkout_dropoff,0,1,376,19,3,0.16,0,0,2,payment_link,0,0.0
TX01358,C0661,36681.31,CARD,abandoned,checkout_dropoff,1,1,195,1,1,1.0,0,0,1,send_reminder,1,36681.31
TX01359,C2352,35106.24,WALLET,failed,technical_error,3,0,151,11,2,0.18,0,0,0,payment_link,1,35106.24
TX01360,C1763,43977.41,WALLET,success,none,0,0,276,13,3,0.23,0,0,0,none,1,43977.41
TX01361,C1439,49284.67,UPI,success,none,0,0,106,17,8,0.47,0,0,0,none,1,49284.67
TX01362,C2483,3232.86,UPI,failed,network_error,1,0,11,17,0,0.0,0,0,1,retry_payment,1,3232.86
TX01363,C0114,40041.9,NETBANKING,failed,bank_error,1,0,520,6,4,0.67,0,0,0,payment_link,0,0.0
TX01364,C0634,30065.97,CARD,failed,bank_error,4,0,162,15,0,0.0,0,0,0,payment_link,0,0.0
TX01365,C1277,46764.62,UPI,success,none,0,0,194,19,16,0.84,0,0,0,none,1,46764.62
TX01366,C0409,24983.02,CARD,abandoned,checkout_dropoff,2,1,475,18,12,0.67,1,30,1,payment_link,1,24983.02
TX01367,C0580,12124.68,WALLET,success,none,0,0,423,2,1,0.5,0,0,0,none,1,12124.68
TX01368,C1968,40583.19,UPI,failed,network_error,2,0,549,19,18,0.95,1,7,2,retry_payment,0,0.0
TX01369,C0824,14271.57,CARD,success,none,0,0,212,10,10,1.0,1,0,0,none,1,14271.57
TX01370,C1545,4302.97,UPI,success,none,0,0,339,18,15,0.83,1,0,0,none,1,4302.97
TX01371,C1177,38587.97,UPI,success,none,0,0,52,7,1,0.14,1,15,0,none,1,38587.97
TX01372,C2340,27230.79,NETBANKING,failed,timeout,0,0,58,10,6,0.6,0,0,2,retry_payment,1,27230.79
TX01373,C0215,41222.56,WALLET,failed,timeout,1,0,530,12,10,0.83,0,0,0,retry_payment,0,0.0
TX01374,C1873,47508.22,CARD,failed,network_error,1,0,517,7,0,0.0,0,0,0,retry_payment,0,0.0
TX01375,C0477,46230.75,UPI,abandoned,checkout_dropoff,2,1,191,13,13,1.0,0,0,1,send_reminder,0,0.0
TX01376,C0184,7965.26,CARD,success,none,0,0,274,14,10,0.71,1,0,0,none,1,7965.26
TX01377,C1117,20578.33,UPI,success,none,0,0,433,13,4,0.31,0,0,0,none,1,20578.33
TX01378,C2000,12820.59,UPI,success,none,0,0,414,2,2,1.0,1,0,0,none,1,12820.59
TX01379,C0914,3712.11,UPI,success,none,0,0,510,3,1,0.33,1,0,0,none,1,3712.11
TX01380,C1051,47774.8,WALLET,success,none,0,0,303,10,9,0.9,1,0,0,none,1,47774.8
TX01381,C0490,19866.33,CARD,abandoned,checkout_dropoff,4,1,519,7,2,0.29,0,0,0,send_reminder,1,19866.33
TX01382,C0937,2093.96,WALLET,success,none,0,0,79,8,6,0.75,1,0,0,none,1,2093.96
TX01383,C0585,22212.79,UPI,failed,timeout,1,0,225,11,0,0.0,0,0,1,retry_payment,0,0.0
TX01384,C1028,46107.62,NETBANKING,success,none,0,0,67,13,6,0.46,0,0,0,none,1,46107.62
TX01385,C1196,25378.61,CARD,success,none,0,0,209,11,10,0.91,1,0,0,none,1,25378.61
TX01386,C1805,3655.27,CARD,success,none,0,0,304,18,5,0.28,0,0,0,none,1,3655.27
TX01387,C2242,48215.99,UPI,success,none,0,0,76,14,8,0.57,0,0,0,none,1,48215.99
TX01388,C0696,36259.15,NETBANKING,success,none,0,0,156,4,1,0.25,0,0,0,none,1,36259.15
TX01389,C1562,370.36,UPI,failed,timeout,0,0,239,2,2,1.0,0,0,1,retry_payment,1,370.36
TX01390,C2341,32310.55,NETBANKING,failed,technical_error,3,0,253,16,8,0.5,1,30,1,payment_link,0,0.0
TX01391,C0628,22820.32,NETBANKING,success,none,0,0,303,6,3,0.5,1,15,0,none,1,22820.32
TX01392,C1508,37052.28,WALLET,failed,bank_error,0,0,480,14,11,0.79,0,0,0,payment_link,0,0.0
TX01393,C1446,10563.43,WALLET,success,none,0,0,437,15,14,0.93,1,30,0,none,1,10563.43
TX01394,C1899,18305.3,NETBANKING,failed,bank_error,4,0,220,8,3,0.38,0,0,2,payment_link,0,0.0
TX01395,C1489,45037.65,WALLET,success,none,0,0,324,7,6,0.86,0,0,0,none,1,45037.65
TX01396,C1927,5610.78,WALLET,success,none,0,0,432,2,0,0.0,0,0,0,none,1,5610.78
TX01397,C1384,27674.32,CARD,failed,timeout,3,0,194,15,0,0.0,0,0,1,retry_payment,0,0.0
TX01398,C2325,33416.28,NETBANKING,abandoned,checkout_dropoff,4,1,169,13,9,0.69,0,0,1,payment_link,1,33416.28
TX01399,C1007,43427.9,CARD,failed,technical_error,2,0,553,2,2,1.0,0,0,0,payment_link,0,0.0
TX01400,C0088,631.7,UPI,success,none,0,0,102,11,5,0.45,0,0,0,none,1,631.7
TX01401,C0617,47906.24,NETBANKING,failed,insufficient_funds,4,0,333,19,14,0.74,1,0,1,send_reminder,1,47906.24
TX01402,C0416,40156.33,CARD,abandoned,checkout_dropoff,1,1,177,14,1,0.07,1,0,1,send_reminder,0,0.0
TX01403,C1022,48811.01,CARD,abandoned,checkout_dropoff,0,1,50,5,3,0.6,1,0,2,payment_link,0,0.0
TX01404,C1485,46560.92,CARD,success,none,0,0,30,16,11,0.69,1,30,0,none,1,46560.92
TX01405,C1516,3630.72,CARD,success,none,0,0,413,5,0,0.0,0,0,0,none,1,3630.72
TX01406,C1314,14759.0,UPI,success,none,0,0,516,1,1,1.0,0,0,0,none,1,14759.0
TX01407,C1496,42592.39,CARD,success,none,0,0,542,1,1,1.0,1,15,0,none,1,42592.39
TX01408,C0214,32540.37,NETBANKING,success,none,0,0,453,11,0,0.0,1,3,0,none,1,32540.37
TX01409,C1877,33038.64,NETBANKING,success,none,0,0,143,20,0,0.0,0,0,0,none,1,33038.64
TX01410,C1240,19157.42,WALLET,success,none,0,0,46,9,6,0.67,1,0,0,none,1,19157.42
TX01411,C2100,42710.61,WALLET,success,none,0,0,360,5,2,0.4,1,1,0,none,1,42710.61
TX01412,C2003,14225.73,UPI,abandoned,checkout_dropoff,0,1,336,17,3,0.18,0,0,0,payment_link,0,0.0
TX01413,C0996,3905.85,NETBANKING,success,none,0,0,595,8,1,0.12,0,0,0,none,1,3905.85
TX01414,C0040,36210.73,NETBANKING,failed,timeout,0,0,169,19,14,0.74,1,7,0,retry_payment,1,36210.73
TX01415,C0231,35266.55,CARD,abandoned,checkout_dropoff,0,1,200,3,0,0.0,0,0,0,send_reminder,0,0.0
TX01416,C0862,2689.93,UPI,success,none,0,0,552,7,7,1.0,0,0,0,none,1,2689.93
TX01417,C2029,30351.8,CARD,success,none,0,0,72,15,5,0.33,0,0,0,none,1,30351.8
TX01418,C0326,8957.38,CARD,success,none,0,0,565,19,6,0.32,0,0,0,none,1,8957.38
TX01419,C0311,9572.29,NETBANKING,failed,bank_error,1,0,414,19,9,0.47,1,1,1,payment_link,1,9572.29
TX01420,C1028,41258.53,CARD,success,none,0,0,267,10,2,0.2,0,0,0,none,1,41258.53
TX01421,C0253,3326.59,NETBANKING,abandoned,checkout_dropoff,0,1,450,3,3,1.0,0,0,1,payment_link,1,3326.59
TX01422,C2481,33974.14,UPI,success,none,0,0,336,15,11,0.73,1,0,0,none,1,33974.14
TX01423,C1230,38217.94,NETBANKING,success,none,0,0,204,8,2,0.25,0,0,0,none,1,38217.94
TX01424,C1446,20604.67,WALLET,success,none,0,0,422,15,14,0.93,1,0,0,none,1,20604.67
TX01425,C1580,21095.94,UPI,failed,insufficient_funds,3,0,162,13,5,0.38,0,0,2,send_reminder,1,21095.94
TX01426,C0708,7721.72,CARD,success,none,0,0,26,13,7,0.54,0,0,0,none,1,7721.72
TX01427,C1110,16998.3,UPI,success,none,0,0,172,10,8,0.8,1,0,0,none,1,16998.3
TX01428,C1993,30419.88,WALLET,success,none,0,0,173,16,1,0.06,1,30,0,none,1,30419.88
TX01429,C0275,47656.93,WALLET,success,none,0,0,154,8,8,1.0,1,7,0,none,1,47656.93
TX01430,C1706,24627.24,NETBANKING,success,none,0,0,356,10,10,1.0,1,1,0,none,1,24627.24
TX01431,C2454,6645.52,NETBANKING,success,none,0,0,392,5,2,0.4,1,0,0,none,1,6645.52
TX01432,C1832,18626.42,CARD,success,none,0,0,344,8,5,0.62,1,7,0,none,1,18626.42
TX01433,C2274,17169.72,NETBANKING,failed,bank_error,2,0,596,8,3,0.38,0,0,1,payment_link,0,0.0
TX01434,C0080,15810.31,UPI,success,none,0,0,161,20,10,0.5,0,0,0,none,1,15810.31
TX01435,C2168,24648.84,NETBANKING,success,none,0,0,408,7,4,0.57,0,0,0,none,1,24648.84
TX01436,C1491,42419.08,UPI,success,none,0,0,238,1,1,1.0,1,7,0,none,1,42419.08
TX01437,C1977,28181.52,NETBANKING,abandoned,checkout_dropoff,3,1,331,20,17,0.85,0,0,2,payment_link,0,0.0
TX01438,C2479,6194.05,UPI,failed,bank_error,4,0,526,10,3,0.3,1,0,0,payment_link,0,0.0
TX01439,C1222,13197.2,CARD,success,none,0,0,39,14,1,0.07,1,0,0,none,1,13197.2
TX01440,C0605,22444.92,WALLET,success,none,0,0,464,11,1,0.09,1,0,0,none,1,22444.92
TX01441,C0811,35373.58,WALLET,success,none,0,0,141,11,0,0.0,0,0,0,none,1,35373.58
TX01442,C0215,43413.34,WALLET,success,none,0,0,332,13,8,0.62,0,0,0,none,1,43413.34
TX01443,C1779,32387.15,WALLET,success,none,0,0,45,10,5,0.5,0,0,0,none,1,32387.15
TX01444,C2096,2981.79,CARD,success,none,0,0,79,5,1,0.2,0,0,0,none,1,2981.79
TX01445,C2142,8336.41,CARD,success,none,0,0,378,12,5,0.42,0,0,0,none,1,8336.41
TX01446,C1691,17309.94,UPI,success,none,0,0,568,2,2,1.0,1,1,0,none,1,17309.94
TX01447,C1622,34790.41,UPI,failed,technical_error,1,0,128,9,3,0.33,0,0,2,payment_link,1,34790.41
TX01448,C2285,1406.41,CARD,success,none,0,0,53,8,3,0.38,0,0,0,none,1,1406.41
TX01449,C0564,25129.08,NETBANKING,success,none,0,0,415,1,1,1.0,1,0,0,none,1,25129.08
TX01450,C1700,27591.55,UPI,success,none,0,0,46,7,3,0.43,1,0,0,none,1,27591.55
TX01451,C0331,29162.84,NETBANKING,success,none,0,0,178,13,3,0.23,0,0,0,none,1,29162.84
TX01452,C2197,566.03,NETBANKING,success,none,0,0,393,17,12,0.71,0,0,0,none,1,566.03
TX01453,C0826,37757.74,NETBANKING,success,none,0,0,344,9,6,0.67,0,0,0,none,1,37757.74
TX01454,C1169,22692.16,WALLET,success,none,0,0,534,13,3,0.23,0,0,0,none,1,22692.16
TX01455,C0462,2274.67,UPI,failed,bank_error,1,0,593,10,10,1.0,0,0,1,payment_link,0,0.0
TX01456,C1479,23296.23,CARD,success,none,0,0,268,7,0,0.0,1,0,0,none,1,23296.23
TX01457,C0742,43045.83,CARD,success,none,0,0,407,11,7,0.64,1,1,0,none,1,43045.83
TX01458,C0677,46056.78,WALLET,success,none,0,0,302,8,1,0.12,0,0,0,none,1,46056.78
TX01459,C0002,42663.53,UPI,failed,insufficient_funds,0,0,320,15,12,0.8,0,0,1,send_reminder,1,42663.53
TX01460,C0882,32359.45,WALLET,failed,insufficient_funds,0,0,296,14,10,0.71,0,0,0,send_reminder,1,32359.45
TX01461,C0492,15242.1,NETBANKING,success,none,0,0,219,4,0,0.0,1,0,0,none,1,15242.1
TX01462,C0462,4487.54,CARD,success,none,0,0,580,9,4,0.44,0,0,0,none,1,4487.54
TX01463,C2307,24090.3,CARD,success,none,0,0,417,13,0,0.0,0,0,0,none,1,24090.3
TX01464,C2038,21737.88,WALLET,success,none,0,0,23,19,1,0.05,0,0,0,none,1,21737.88
TX01465,C1151,35553.11,WALLET,success,none,0,0,283,1,1,1.0,0,0,0,none,1,35553.11
TX01466,C0962,34545.82,UPI,abandoned,checkout_dropoff,0,1,586,14,8,0.57,1,7,0,payment_link,1,34545.82
TX01467,C2450,18491.4,WALLET,success,none,0,0,392,12,11,0.92,0,0,0,none,1,18491.4
TX01468,C1314,36812.71,NETBANKING,success,none,0,0,421,12,7,0.58,1,7,0,none,1,36812.71
TX01469,C0605,40748.53,WALLET,failed,technical_error,2,0,452,3,2,0.67,0,0,1,payment_link,1,40748.53
TX01470,C1912,22648.28,CARD,failed,insufficient_funds,4,0,158,20,10,0.5,0,0,2,send_reminder,0,0.0
TX01471,C0572,48866.15,CARD,failed,technical_error,0,0,439,4,4,1.0,0,0,2,payment_link,1,48866.15
TX01472,C0017,12884.91,CARD,failed,insufficient_funds,3,0,129,11,11,1.0,1,1,2,send_reminder,1,12884.91
TX01473,C1609,11109.76,NETBANKING,failed,network_error,1,0,474,5,5,1.0,0,0,2,retry_payment,0,0.0
TX01474,C0442,24861.11,UPI,failed,insufficient_funds,1,0,425,10,3,0.3,0,0,0,send_reminder,0,0.0
TX01475,C0097,1007.76,NETBANKING,success,none,0,0,200,3,0,0.0,1,0,0,none,1,1007.76
TX01476,C0488,21211.49,NETBANKING,failed,network_error,4,0,317,11,6,0.55,1,0,1,retry_payment,0,0.0
TX01477,C2416,45993.87,UPI,failed,network_error,3,0,337,12,0,0.0,1,3,1,retry_payment,0,0.0
TX01478,C2208,38535.41,WALLET,failed,timeout,2,0,512,1,1,1.0,0,0,1,retry_payment,0,0.0
TX01479,C0356,23848.61,UPI,success,none,0,0,106,15,12,0.8,1,0,0,none,1,23848.61
TX01480,C1923,1910.24,NETBANKING,success,none,0,0,472,7,6,0.86,0,0,0,none,1,1910.24
TX01481,C0043,34254.42,UPI,abandoned,checkout_dropoff,3,1,80,17,5,0.29,1,0,2,send_reminder,0,0.0
TX01482,C0200,12809.57,UPI,failed,technical_error,1,0,472,10,2,0.2,0,0,1,payment_link,1,12809.57
TX01483,C1748,5661.79,CARD,abandoned,checkout_dropoff,0,1,213,16,15,0.94,0,0,2,payment_link,1,5661.79
TX01484,C0724,38668.64,UPI,success,none,0,0,238,11,10,0.91,1,0,0,none,1,38668.64
TX01485,C1822,40459.24,UPI,success,none,0,0,152,5,5,1.0,0,0,0,none,1,40459.24
TX01486,C1795,24908.05,WALLET,success,none,0,0,547,12,10,0.83,0,0,0,none,1,24908.05
TX01487,C1715,23788.17,NETBANKING,success,none,0,0,442,3,0,0.0,0,0,0,none,1,23788.17
TX01488,C1077,43913.5,NETBANKING,success,none,0,0,529,8,2,0.25,0,0,0,none,1,43913.5
TX01489,C0099,8267.37,CARD,failed,technical_error,4,0,392,18,8,0.44,1,0,0,payment_link,0,0.0
TX01490,C2385,20780.14,UPI,success,none,0,0,160,10,2,0.2,1,0,0,none,1,20780.14
TX01491,C0246,25607.76,UPI,success,none,0,0,282,19,16,0.84,0,0,0,none,1,25607.76
TX01492,C1243,44043.16,CARD,success,none,0,0,259,16,6,0.38,0,0,0,none,1,44043.16
TX01493,C1945,24018.12,CARD,success,none,0,0,407,18,17,0.94,0,0,0,none,1,24018.12
TX01494,C0599,33420.7,CARD,failed,network_error,3,0,535,3,1,0.33,0,0,2,retry_payment,0,0.0
TX01495,C1694,42020.59,NETBANKING,abandoned,checkout_dropoff,2,1,426,2,1,0.5,0,0,0,send_reminder,0,0.0
TX01496,C0789,33648.47,NETBANKING,success,none,0,0,240,5,3,0.6,1,1,0,none,1,33648.47
TX01497,C0645,12218.76,NETBANKING,success,none,0,0,86,14,9,0.64,0,0,0,none,1,12218.76
TX01498,C1710,3503.43,UPI,failed,bank_error,0,0,388,9,6,0.67,1,0,1,payment_link,0,0.0
TX01499,C1244,41848.96,NETBANKING,abandoned,checkout_dropoff,3,1,533,16,12,0.75,0,0,2,send_reminder,1,41848.96
TX01500,C2006,48766.29,UPI,success,none,0,0,284,9,4,0.44,0,0,0,none,1,48766.29
TX01501,C1283,46355.63,NETBANKING,abandoned,checkout_dropoff,4,1,205,12,4,0.33,0,0,1,send_reminder,0,0.0
TX01502,C1141,13342.73,WALLET,failed,bank_error,4,0,152,10,3,0.3,1,3,0,payment_link,0,0.0
TX01503,C1896,29171.1,CARD,success,none,0,0,308,8,3,0.38,1,0,0,none,1,29171.1
TX01504,C2036,18874.93,WALLET,success,none,0,0,287,19,14,0.74,1,0,0,none,1,18874.93
TX01505,C2483,3788.1,UPI,abandoned,checkout_dropoff,4,1,412,1,0,0.0,0,0,1,send_reminder,0,0.0
TX01506,C2256,29262.46,NETBANKING,success,none,0,0,440,7,4,0.57,0,0,0,none,1,29262.46
TX01507,C1752,31480.01,WALLET,success,none,0,0,497,14,6,0.43,1,0,0,none,1,31480.01
TX01508,C0742,6321.25,UPI,success,none,0,0,81,9,1,0.11,1,0,0,none,1,6321.25
TX01509,C0393,46302.24,WALLET,success,none,0,0,590,2,0,0.0,0,0,0,none,1,46302.24
TX01510,C1383,48846.45,NETBANKING,success,none,0,0,256,8,3,0.38,1,15,0,none,1,48846.45
TX01511,C1449,42070.25,CARD,success,none,0,0,334,8,2,0.25,1,0,0,none,1,42070.25
TX01512,C0072,47732.77,UPI,success,none,0,0,286,16,3,0.19,0,0,0,none,1,47732.77
TX01513,C1009,42300.04,CARD,success,none,0,0,179,6,1,0.17,1,0,0,none,1,42300.04
TX01514,C0979,33623.85,WALLET,success,none,0,0,405,15,6,0.4,0,0,0,none,1,33623.85
TX01515,C0412,42394.65,WALLET,failed,technical_error,1,0,403,20,12,0.6,0,0,1,payment_link,1,42394.65
TX01516,C0841,44113.95,WALLET,success,none,0,0,546,11,5,0.45,0,0,0,none,1,44113.95
TX01517,C2045,25476.45,WALLET,failed,timeout,1,0,391,5,5,1.0,0,0,2,retry_payment,1,25476.45
TX01518,C1547,8585.41,WALLET,success,none,0,0,331,12,6,0.5,1,0,0,none,1,8585.41
TX01519,C1191,44942.94,WALLET,success,none,0,0,490,1,0,0.0,0,0,0,none,1,44942.94
TX01520,C1853,35710.87,UPI,success,none,0,0,363,12,6,0.5,0,0,0,none,1,35710.87
TX01521,C2011,21927.33,WALLET,abandoned,checkout_dropoff,0,1,457,9,5,0.56,0,0,1,send_reminder,1,21927.33
TX01522,C1961,8073.29,CARD,failed,timeout,4,0,553,7,0,0.0,1,0,0,retry_payment,0,0.0
TX01523,C0369,35413.81,CARD,success,none,0,0,576,2,1,0.5,0,0,0,none,1,35413.81
TX01524,C2152,46614.1,WALLET,success,none,0,0,155,14,4,0.29,0,0,0,none,1,46614.1
TX01525,C0939,20591.33,CARD,success,none,0,0,247,3,0,0.0,0,0,0,none,1,20591.33
TX01526,C1181,27487.34,WALLET,failed,bank_error,0,0,210,20,2,0.1,0,0,1,payment_link,0,0.0
TX01527,C0733,26790.88,WALLET,success,none,0,0,387,6,1,0.17,0,0,0,none,1,26790.88
TX01528,C1007,39388.04,NETBANKING,failed,insufficient_funds,4,0,31,17,16,0.94,0,0,0,send_reminder,1,39388.04
TX01529,C0199,23559.53,CARD,success,none,0,0,386,19,8,0.42,1,0,0,none,1,23559.53
TX01530,C0718,35568.42,CARD,success,none,0,0,53,3,3,1.0,0,0,0,none,1,35568.42
TX01531,C0003,14502.68,WALLET,failed,technical_error,4,0,564,13,8,0.62,1,30,1,payment_link,0,0.0
TX01532,C2481,28958.1,WALLET,failed,timeout,3,0,180,17,15,0.88,0,0,0,retry_payment,0,0.0
TX01533,C0848,3856.17,NETBANKING,failed,network_error,4,0,432,13,6,0.46,1,0,1,retry_payment,0,0.0
TX01534,C1996,10095.4,UPI,success,none,0,0,160,15,4,0.27,1,0,0,none,1,10095.4
TX01535,C0583,1015.63,CARD,abandoned,checkout_dropoff,2,1,508,13,7,0.54,1,0,1,payment_link,0,0.0
TX01536,C0211,12419.23,CARD,failed,network_error,2,0,393,2,1,0.5,1,15,2,retry_payment,0,0.0
TX01537,C1776,4090.55,NETBANKING,success,none,0,0,534,18,15,0.83,0,0,0,none,1,4090.55
TX01538,C1964,3574.23,NETBANKING,success,none,0,0,528,6,0,0.0,0,0,0,none,1,3574.23
TX01539,C0598,37268.02,NETBANKING,success,none,0,0,531,7,5,0.71,0,0,0,none,1,37268.02
TX01540,C1837,20289.92,WALLET,success,none,0,0,344,10,5,0.5,0,0,0,none,1,20289.92
TX01541,C2118,29363.93,WALLET,failed,technical_error,4,0,47,18,18,1.0,0,0,0,payment_link,0,0.0
TX01542,C1548,16641.57,WALLET,failed,insufficient_funds,1,0,155,7,1,0.14,1,0,0,send_reminder,1,16641.57
TX01543,C1241,803.31,CARD,success,none,0,0,592,7,6,0.86,0,0,0,none,1,803.31
TX01544,C1749,27443.39,NETBANKING,abandoned,checkout_dropoff,1,1,10,3,1,0.33,0,0,0,send_reminder,0,0.0
TX01545,C0898,23521.67,CARD,abandoned,checkout_dropoff,3,1,126,3,3,1.0,1,1,1,send_reminder,0,0.0
TX01546,C2364,28016.72,NETBANKING,success,none,0,0,344,17,4,0.24,1,7,0,none,1,28016.72
TX01547,C1005,11464.7,UPI,success,none,0,0,288,11,8,0.73,1,0,0,none,1,11464.7
TX01548,C1658,2754.07,NETBANKING,failed,insufficient_funds,0,0,161,18,7,0.39,0,0,0,send_reminder,0,0.0
TX01549,C1902,45277.7,UPI,failed,timeout,2,0,432,13,6,0.46,1,0,0,retry_payment,0,0.0
TX01550,C0666,31228.3,UPI,failed,network_error,3,0,425,14,2,0.14,1,0,0,retry_payment,0,0.0
TX01551,C1368,46892.18,UPI,success,none,0,0,508,16,12,0.75,0,0,0,none,1,46892.18
TX01552,C1661,21619.26,CARD,success,none,0,0,178,11,2,0.18,1,1,0,none,1,21619.26
TX01553,C0340,5212.86,UPI,failed,network_error,1,0,563,14,7,0.5,0,0,2,retry_payment,0,0.0
TX01554,C0623,49593.5,UPI,success,none,0,0,43,5,2,0.4,1,3,0,none,1,49593.5
TX01555,C1464,33369.7,UPI,success,none,0,0,327,11,1,0.09,0,0,0,none,1,33369.7
TX01556,C2388,4300.82,UPI,success,none,0,0,206,6,3,0.5,1,0,0,none,1,4300.82
TX01557,C2431,14713.14,UPI,failed,insufficient_funds,1,0,76,15,8,0.53,0,0,2,send_reminder,0,0.0
TX01558,C2109,4986.79,CARD,failed,network_error,3,0,356,6,5,0.83,1,7,1,retry_payment,0,0.0
TX01559,C2085,15458.66,WALLET,success,none,0,0,250,10,10,1.0,1,0,0,none,1,15458.66
TX01560,C1890,7606.3,CARD,success,none,0,0,70,19,3,0.16,0,0,0,none,1,7606.3
TX01561,C0442,49911.64,CARD,success,none,0,0,85,10,5,0.5,1,1,0,none,1,49911.64
TX01562,C1973,21879.67,UPI,abandoned,checkout_dropoff,4,1,319,7,7,1.0,0,0,0,send_reminder,1,21879.67
TX01563,C1414,3489.56,UPI,failed,insufficient_funds,3,0,201,16,14,0.88,1,7,1,send_reminder,0,0.0
TX01564,C0545,40825.9,WALLET,failed,timeout,1,0,17,6,2,0.33,1,0,1,retry_payment,0,0.0
TX01565,C0607,2292.87,CARD,success,none,0,0,517,9,3,0.33,0,0,0,none,1,2292.87
TX01566,C1712,2114.76,UPI,success,none,0,0,361,20,11,0.55,1,0,0,none,1,2114.76
TX01567,C1978,38624.09,CARD,success,none,0,0,350,17,8,0.47,1,15,0,none,1,38624.09
TX01568,C2419,30700.7,CARD,success,none,0,0,50,15,9,0.6,1,0,0,none,1,30700.7
TX01569,C1363,1092.16,UPI,success,none,0,0,437,15,7,0.47,1,7,0,none,1,1092.16
TX01570,C0913,22573.71,NETBANKING,failed,network_error,1,0,270,13,4,0.31,0,0,0,retry_payment,1,22573.71
TX01571,C0909,47610.03,WALLET,success,none,0,0,12,14,0,0.0,0,0,0,none,1,47610.03
TX01572,C1121,26855.83,WALLET,success,none,0,0,323,20,1,0.05,1,30,0,none,1,26855.83
TX01573,C0875,26797.68,NETBANKING,failed,bank_error,3,0,584,11,2,0.18,0,0,1,payment_link,1,26797.68
TX01574,C0327,16572.99,CARD,abandoned,checkout_dropoff,0,1,111,5,5,1.0,1,0,1,send_reminder,0,0.0
TX01575,C0663,45316.54,CARD,failed,insufficient_funds,0,0,305,10,8,0.8,0,0,0,send_reminder,1,45316.54
TX01576,C0498,42680.91,UPI,abandoned,checkout_dropoff,0,1,286,6,0,0.0,1,0,1,send_reminder,0,0.0
TX01577,C1140,39317.75,NETBANKING,failed,insufficient_funds,1,0,407,7,4,0.57,0,0,2,send_reminder,0,0.0
TX01578,C0354,49607.72,CARD,success,none,0,0,174,17,17,1.0,0,0,0,none,1,49607.72
TX01579,C1961,49557.45,NETBANKING,success,none,0,0,408,14,1,0.07,1,0,0,none,1,49557.45
TX01580,C0779,31129.54,WALLET,failed,network_error,1,0,516,18,14,0.78,1,0,0,retry_payment,1,31129.54
TX01581,C0150,22754.89,UPI,success,none,0,0,27,12,10,0.83,1,0,0,none,1,22754.89
TX01582,C0031,48485.27,WALLET,success,none,0,0,108,20,16,0.8,0,0,0,none,1,48485.27
TX01583,C2429,6961.36,WALLET,success,none,0,0,574,11,1,0.09,0,0,0,none,1,6961.36
TX01584,C1299,12452.67,WALLET,success,none,0,0,119,2,1,0.5,0,0,0,none,1,12452.67
TX01585,C1058,40821.53,CARD,success,none,0,0,431,3,2,0.67,0,0,0,none,1,40821.53
TX01586,C2041,15557.58,NETBANKING,success,none,0,0,36,10,5,0.5,0,0,0,none,1,15557.58
TX01587,C0382,43501.34,UPI,success,none,0,0,107,9,5,0.56,1,15,0,none,1,43501.34
TX01588,C0749,28905.29,UPI,success,none,0,0,293,10,8,0.8,0,0,0,none,1,28905.29
TX01589,C2249,46773.42,NETBANKING,abandoned,checkout_dropoff,2,1,112,13,12,0.92,0,0,1,send_reminder,0,0.0
TX01590,C0381,32963.3,NETBANKING,failed,bank_error,0,0,106,19,0,0.0,0,0,0,payment_link,0,0.0
TX01591,C1922,40513.13,WALLET,success,none,0,0,280,6,4,0.67,0,0,0,none,1,40513.13
TX01592,C0336,16836.33,CARD,success,none,0,0,592,4,0,0.0,1,0,0,none,1,16836.33
TX01593,C0519,8634.61,CARD,abandoned,checkout_dropoff,0,1,545,9,9,1.0,0,0,0,send_reminder,0,0.0
TX01594,C1761,10708.17,WALLET,success,none,0,0,550,10,5,0.5,0,0,0,none,1,10708.17
TX01595,C1657,48691.33,WALLET,abandoned,checkout_dropoff,2,1,285,8,1,0.12,1,0,0,send_reminder,1,48691.33
TX01596,C1662,29618.72,NETBANKING,failed,timeout,1,0,132,8,2,0.25,0,0,0,retry_payment,1,29618.72
TX01597,C0191,36616.37,WALLET,success,none,0,0,233,9,1,0.11,0,0,0,none,1,36616.37
TX01598,C0861,35918.38,UPI,success,none,0,0,359,7,7,1.0,0,0,0,none,1,35918.38
TX01599,C0603,36270.85,UPI,failed,insufficient_funds,3,0,397,17,8,0.47,1,3,0,send_reminder,0,0.0
TX01600,C0847,19582.71,CARD,failed,bank_error,3,0,510,9,6,0.67,0,0,1,payment_link,1,19582.71
TX01601,C1899,8098.53,UPI,failed,timeout,2,0,218,14,1,0.07,1,0,1,retry_payment,0,0.0
TX01602,C0726,21422.38,UPI,success,none,0,0,552,3,3,1.0,1,0,0,none,1,21422.38
TX01603,C0919,22577.28,NETBANKING,failed,technical_error,2,0,174,16,7,0.44,1,15,0,payment_link,1,22577.28
TX01604,C1991,19352.17,CARD,success,none,0,0,389,17,8,0.47,0,0,0,none,1,19352.17
TX01605,C1114,43127.72,NETBANKING,failed,network_error,0,0,590,4,1,0.25,1,0,2,retry_payment,1,43127.72
TX01606,C2278,42821.34,CARD,success,none,0,0,551,1,0,0.0,0,0,0,none,1,42821.34
TX01607,C1341,38470.96,WALLET,success,none,0,0,11,16,6,0.38,0,0,0,none,1,38470.96
TX01608,C0445,36684.42,WALLET,success,none,0,0,288,19,6,0.32,1,3,0,none,1,36684.42
TX01609,C2465,28347.74,NETBANKING,success,none,0,0,493,20,6,0.3,0,0,0,none,1,28347.74
TX01610,C1331,2481.01,NETBANKING,success,none,0,0,256,18,10,0.56,1,0,0,none,1,2481.01
TX01611,C2304,1018.28,UPI,success,none,0,0,150,8,6,0.75,0,0,0,none,1,1018.28
TX01612,C0840,23460.73,UPI,success,none,0,0,571,15,4,0.27,0,0,0,none,1,23460.73
TX01613,C0879,11079.83,UPI,success,none,0,0,21,19,13,0.68,0,0,0,none,1,11079.83
TX01614,C1149,32222.36,WALLET,failed,network_error,2,0,252,20,3,0.15,0,0,1,retry_payment,0,0.0
TX01615,C2451,26937.18,CARD,success,none,0,0,293,18,5,0.28,0,0,0,none,1,26937.18
TX01616,C2006,40889.86,CARD,failed,insufficient_funds,0,0,100,17,7,0.41,1,0,1,send_reminder,0,0.0
TX01617,C1853,27903.09,CARD,success,none,0,0,109,19,0,0.0,1,0,0,none,1,27903.09
TX01618,C0643,11864.13,UPI,failed,bank_error,1,0,212,5,2,0.4,1,0,2,payment_link,0,0.0
TX01619,C0551,1768.25,CARD,success,none,0,0,316,14,2,0.14,0,0,0,none,1,1768.25
TX01620,C0652,23791.76,UPI,success,none,0,0,45,18,5,0.28,1,0,0,none,1,23791.76
TX01621,C0646,10746.9,CARD,success,none,0,0,455,8,2,0.25,1,3,0,none,1,10746.9
TX01622,C2274,44214.67,NETBANKING,failed,bank_error,4,0,555,19,6,0.32,1,0,1,payment_link,0,0.0
TX01623,C1144,15923.36,CARD,abandoned,checkout_dropoff,0,1,210,13,4,0.31,1,7,2,send_reminder,0,0.0
TX01624,C0473,39870.77,CARD,abandoned,checkout_dropoff,1,1,556,4,4,1.0,1,0,0,payment_link,1,39870.77
TX01625,C2208,43814.79,CARD,success,none,0,0,61,17,17,1.0,0,0,0,none,1,43814.79
TX01626,C0990,27042.34,UPI,success,none,0,0,560,3,2,0.67,1,0,0,none,1,27042.34
TX01627,C0558,41439.88,UPI,success,none,0,0,220,5,1,0.2,0,0,0,none,1,41439.88
TX01628,C2122,7561.55,WALLET,success,none,0,0,569,3,2,0.67,1,0,0,none,1,7561.55
TX01629,C1132,49639.04,NETBANKING,success,none,0,0,21,1,0,0.0,0,0,0,none,1,49639.04
TX01630,C0343,16260.33,UPI,success,none,0,0,204,16,3,0.19,1,7,0,none,1,16260.33
TX01631,C2208,32447.88,UPI,failed,timeout,0,0,163,12,5,0.42,1,3,2,retry_payment,0,0.0
TX01632,C1188,37675.96,NETBANKING,success,none,0,0,568,5,4,0.8,1,0,0,none,1,37675.96
TX01633,C2140,45530.63,UPI,success,none,0,0,305,17,1,0.06,1,0,0,none,1,45530.63
TX01634,C0166,25455.76,WALLET,success,none,0,0,60,1,1,1.0,0,0,0,none,1,25455.76
TX01635,C1548,17398.54,NETBANKING,success,none,0,0,538,9,8,0.89,0,0,0,none,1,17398.54
TX01636,C1660,19010.51,UPI,success,none,0,0,162,9,8,0.89,0,0,0,none,1,19010.51
TX01637,C1318,18604.4,UPI,success,none,0,0,184,19,12,0.63,0,0,0,none,1,18604.4
TX01638,C2264,35771.55,WALLET,success,none,0,0,222,8,6,0.75,1,1,0,none,1,35771.55
TX01639,C0070,38663.85,CARD,success,none,0,0,72,9,0,0.0,0,0,0,none,1,38663.85
TX01640,C1605,12790.19,UPI,failed,timeout,0,0,277,9,2,0.22,1,0,2,retry_payment,0,0.0
TX01641,C0795,19028.78,CARD,success,none,0,0,75,13,4,0.31,0,0,0,none,1,19028.78
TX01642,C0635,33715.39,CARD,failed,timeout,2,0,184,17,9,0.53,1,0,0,retry_payment,0,0.0
TX01643,C0995,43996.42,CARD,success,none,0,0,551,14,3,0.21,0,0,0,none,1,43996.42
TX01644,C1269,48046.53,NETBANKING,success,none,0,0,51,13,4,0.31,1,0,0,none,1,48046.53
TX01645,C1531,37931.37,UPI,success,none,0,0,244,12,5,0.42,0,0,0,none,1,37931.37
TX01646,C1204,9745.27,UPI,failed,technical_error,3,0,325,14,12,0.86,1,15,2,payment_link,1,9745.27
TX01647,C2070,45830.47,UPI,failed,network_error,2,0,257,18,16,0.89,0,0,1,retry_payment,0,0.0
TX01648,C1359,36329.63,CARD,success,none,0,0,73,11,0,0.0,1,3,0,none,1,36329.63
TX01649,C0236,49657.68,NETBANKING,success,none,0,0,231,7,5,0.71,0,0,0,none,1,49657.68
TX01650,C2156,13034.31,NETBANKING,failed,network_error,3,0,237,5,0,0.0,0,0,0,retry_payment,0,0.0
TX01651,C2458,22846.25,WALLET,failed,network_error,4,0,59,20,6,0.3,0,0,2,retry_payment,0,0.0
TX01652,C0375,31617.51,CARD,success,none,0,0,147,13,10,0.77,1,30,0,none,1,31617.51
TX01653,C0161,44142.66,UPI,failed,network_error,4,0,527,16,10,0.62,1,0,2,retry_payment,0,0.0
TX01654,C1668,38989.88,UPI,success,none,0,0,199,7,0,0.0,0,0,0,none,1,38989.88
TX01655,C2401,5515.94,WALLET,success,none,0,0,140,20,16,0.8,0,0,0,none,1,5515.94
TX01656,C1002,34482.16,NETBANKING,success,none,0,0,519,9,4,0.44,0,0,0,none,1,34482.16
TX01657,C1702,45850.27,CARD,success,none,0,0,364,5,0,0.0,0,0,0,none,1,45850.27
TX01658,C1275,30263.83,UPI,failed,timeout,2,0,121,18,9,0.5,0,0,0,retry_payment,0,0.0
TX01659,C1627,26588.45,NETBANKING,failed,timeout,1,0,427,7,2,0.29,0,0,2,retry_payment,0,0.0
TX01660,C2466,25391.46,UPI,success,none,0,0,291,11,5,0.45,1,0,0,none,1,25391.46
TX01661,C1046,46702.14,NETBANKING,success,none,0,0,558,14,11,0.79,0,0,0,none,1,46702.14
TX01662,C1503,31597.8,NETBANKING,success,none,0,0,414,14,6,0.43,0,0,0,none,1,31597.8
TX01663,C2128,34745.58,UPI,failed,technical_error,0,0,53,7,0,0.0,0,0,1,payment_link,0,0.0
TX01664,C2489,4601.31,UPI,success,none,0,0,476,3,2,0.67,0,0,0,none,1,4601.31
TX01665,C0410,47648.78,CARD,success,none,0,0,358,12,0,0.0,1,1,0,none,1,47648.78
TX01666,C0752,21924.77,UPI,success,none,0,0,506,14,12,0.86,0,0,0,none,1,21924.77
TX01667,C0864,49199.21,NETBANKING,success,none,0,0,51,4,1,0.25,1,15,0,none,1,49199.21
TX01668,C0021,39731.81,WALLET,failed,insufficient_funds,2,0,253,16,16,1.0,0,0,0,send_reminder,1,39731.81
TX01669,C0958,32327.75,UPI,success,none,0,0,389,15,0,0.0,0,0,0,none,1,32327.75
TX01670,C2079,18538.49,UPI,failed,insufficient_funds,4,0,196,1,1,1.0,1,1,2,send_reminder,1,18538.49
TX01671,C2347,31264.02,WALLET,failed,timeout,3,0,313,18,14,0.78,0,0,2,retry_payment,0,0.0
TX01672,C1211,7430.02,NETBANKING,success,none,0,0,592,8,2,0.25,1,1,0,none,1,7430.02
TX01673,C1206,1259.41,NETBANKING,success,none,0,0,209,6,1,0.17,0,0,0,none,1,1259.41
TX01674,C0758,41991.48,CARD,success,none,0,0,154,14,6,0.43,0,0,0,none,1,41991.48
TX01675,C1671,31186.45,UPI,abandoned,checkout_dropoff,3,1,168,13,10,0.77,0,0,0,send_reminder,0,0.0
TX01676,C1811,8860.95,CARD,success,none,0,0,243,17,7,0.41,1,3,0,none,1,8860.95
TX01677,C2468,45411.43,CARD,failed,timeout,1,0,584,1,1,1.0,0,0,1,retry_payment,0,0.0
TX01678,C0483,49083.58,WALLET,success,none,0,0,572,5,3,0.6,1,1,0,none,1,49083.58
TX01679,C0601,21820.45,NETBANKING,success,none,0,0,573,13,9,0.69,1,0,0,none,1,21820.45
TX01680,C0299,46188.38,CARD,success,none,0,0,503,14,1,0.07,0,0,0,none,1,46188.38
TX01681,C0780,40400.18,NETBANKING,success,none,0,0,133,9,3,0.33,1,0,0,none,1,40400.18
TX01682,C0611,12181.92,NETBANKING,failed,insufficient_funds,0,0,40,6,3,0.5,0,0,2,send_reminder,1,12181.92
TX01683,C2105,21825.56,WALLET,abandoned,checkout_dropoff,3,1,74,2,0,0.0,1,1,0,payment_link,1,21825.56
TX01684,C1372,41213.32,UPI,success,none,0,0,77,13,8,0.62,0,0,0,none,1,41213.32
TX01685,C1144,4189.2,UPI,failed,insufficient_funds,0,0,474,14,12,0.86,0,0,2,send_reminder,0,0.0
TX01686,C0803,43617.66,WALLET,success,none,0,0,157,2,2,1.0,1,0,0,none,1,43617.66
TX01687,C1147,13652.05,WALLET,success,none,0,0,298,13,2,0.15,0,0,0,none,1,13652.05
TX01688,C1840,44294.69,WALLET,failed,technical_error,1,0,150,12,0,0.0,0,0,1,payment_link,0,0.0
TX01689,C1943,46156.88,UPI,abandoned,checkout_dropoff,4,1,78,9,0,0.0,1,30,0,send_reminder,1,46156.88
TX01690,C0813,10292.79,CARD,success,none,0,0,145,11,5,0.45,0,0,0,none,1,10292.79
TX01691,C0830,17368.11,WALLET,success,none,0,0,567,3,3,1.0,0,0,0,none,1,17368.11
TX01692,C0840,42507.37,CARD,failed,network_error,4,0,177,1,1,1.0,0,0,0,retry_payment,0,0.0
TX01693,C1729,12051.05,NETBANKING,success,none,0,0,517,18,18,1.0,1,0,0,none,1,12051.05
TX01694,C0780,11069.04,UPI,failed,timeout,2,0,324,9,9,1.0,0,0,2,retry_payment,0,0.0
TX01695,C0691,43254.99,NETBANKING,success,none,0,0,415,10,8,0.8,0,0,0,none,1,43254.99
TX01696,C0388,21671.76,NETBANKING,abandoned,checkout_dropoff,1,1,472,7,4,0.57,0,0,0,send_reminder,1,21671.76
TX01697,C0581,45271.13,WALLET,failed,bank_error,1,0,86,1,0,0.0,0,0,2,payment_link,0,0.0
TX01698,C2197,41400.67,UPI,success,none,0,0,277,17,13,0.76,0,0,0,none,1,41400.67
TX01699,C2346,27397.03,WALLET,failed,timeout,3,0,249,14,13,0.93,0,0,2,retry_payment,0,0.0
TX01700,C0996,43856.82,CARD,success,none,0,0,336,14,0,0.0,1,0,0,none,1,43856.82
TX01701,C1842,47996.42,UPI,success,none,0,0,567,14,6,0.43,0,0,0,none,1,47996.42
TX01702,C1858,24020.4,UPI,success,none,0,0,518,8,6,0.75,0,0,0,none,1,24020.4
TX01703,C0064,18381.3,UPI,success,none,0,0,157,3,1,0.33,0,0,0,none,1,18381.3
TX01704,C0918,31532.91,NETBANKING,failed,network_error,3,0,384,1,1,1.0,1,30,2,retry_payment,0,0.0
TX01705,C1086,20365.75,CARD,failed,timeout,1,0,84,19,4,0.21,1,1,2,retry_payment,0,0.0
TX01706,C0162,27964.82,NETBANKING,success,none,0,0,564,10,8,0.8,0,0,0,none,1,27964.82
TX01707,C0649,6518.33,UPI,failed,network_error,4,0,245,18,13,0.72,1,1,1,retry_payment,0,0.0
TX01708,C0533,15047.24,NETBANKING,failed,timeout,4,0,576,3,0,0.0,1,0,2,retry_payment,0,0.0
TX01709,C2236,25475.24,UPI,failed,technical_error,0,0,375,6,1,0.17,1,0,2,payment_link,0,0.0
TX01710,C0765,1505.65,WALLET,success,none,0,0,89,20,2,0.1,1,0,0,none,1,1505.65
TX01711,C2180,24725.06,CARD,failed,timeout,3,0,527,16,4,0.25,0,0,1,retry_payment,0,0.0
TX01712,C2115,28924.85,WALLET,abandoned,checkout_dropoff,0,1,554,11,10,0.91,0,0,2,send_reminder,0,0.0
TX01713,C0973,18560.31,NETBANKING,failed,insufficient_funds,3,0,400,20,10,0.5,1,1,0,send_reminder,1,18560.31
TX01714,C0688,14123.93,CARD,failed,insufficient_funds,2,0,284,9,2,0.22,1,0,0,send_reminder,1,14123.93
TX01715,C1446,41358.13,NETBANKING,success,none,0,0,262,5,5,1.0,1,7,0,none,1,41358.13
TX01716,C0911,43341.35,CARD,success,none,0,0,596,4,2,0.5,1,0,0,none,1,43341.35
TX01717,C0327,34286.57,NETBANKING,success,none,0,0,355,16,5,0.31,1,0,0,none,1,34286.57
TX01718,C2358,8758.49,CARD,failed,bank_error,2,0,552,20,11,0.55,0,0,2,payment_link,1,8758.49
TX01719,C0436,28084.69,WALLET,success,none,0,0,36,16,16,1.0,1,30,0,none,1,28084.69
TX01720,C2289,16353.94,NETBANKING,failed,insufficient_funds,2,0,239,1,0,0.0,1,1,2,send_reminder,1,16353.94
TX01721,C2099,41251.56,UPI,abandoned,checkout_dropoff,0,1,502,20,15,0.75,0,0,2,payment_link,1,41251.56
TX01722,C1367,29182.45,NETBANKING,failed,network_error,2,0,225,13,4,0.31,0,0,1,retry_payment,0,0.0
TX01723,C1203,22793.1,NETBANKING,failed,bank_error,0,0,231,6,2,0.33,0,0,1,payment_link,0,0.0
TX01724,C2149,5049.42,WALLET,success,none,0,0,334,2,0,0.0,1,30,0,none,1,5049.42
TX01725,C0614,34916.87,UPI,success,none,0,0,99,2,1,0.5,0,0,0,none,1,34916.87
TX01726,C1871,19270.03,UPI,failed,timeout,3,0,584,2,2,1.0,0,0,1,retry_payment,0,0.0
TX01727,C0028,13729.76,CARD,success,none,0,0,536,17,17,1.0,1,0,0,none,1,13729.76
TX01728,C0561,46771.66,WALLET,success,none,0,0,342,19,16,0.84,1,7,0,none,1,46771.66
TX01729,C1843,27037.96,NETBANKING,success,none,0,0,181,5,3,0.6,1,1,0,none,1,27037.96
TX01730,C1146,27159.2,NETBANKING,failed,technical_error,2,0,334,20,9,0.45,0,0,1,payment_link,0,0.0
TX01731,C0487,48388.19,WALLET,abandoned,checkout_dropoff,0,1,149,1,0,0.0,0,0,1,payment_link,0,0.0
TX01732,C0941,29399.3,CARD,success,none,0,0,252,5,5,1.0,0,0,0,none,1,29399.3
TX01733,C1336,43450.56,UPI,success,none,0,0,341,11,7,0.64,0,0,0,none,1,43450.56
TX01734,C2138,10363.75,WALLET,success,none,0,0,196,4,2,0.5,1,0,0,none,1,10363.75
TX01735,C2130,26334.64,WALLET,success,none,0,0,512,5,3,0.6,0,0,0,none,1,26334.64
TX01736,C1733,22560.42,WALLET,failed,insufficient_funds,3,0,163,1,0,0.0,1,7,2,send_reminder,0,0.0
TX01737,C0687,45978.21,NETBANKING,success,none,0,0,81,17,6,0.35,0,0,0,none,1,45978.21
TX01738,C2226,40424.91,UPI,failed,bank_error,0,0,139,7,2,0.29,0,0,2,payment_link,0,0.0
TX01739,C0380,3137.43,UPI,failed,timeout,1,0,435,9,7,0.78,0,0,2,retry_payment,1,3137.43
TX01740,C1898,17381.35,CARD,failed,technical_error,4,0,99,15,5,0.33,0,0,1,payment_link,0,0.0
TX01741,C1902,16178.27,NETBANKING,success,none,0,0,282,16,4,0.25,1,0,0,none,1,16178.27
TX01742,C2340,47118.46,NETBANKING,success,none,0,0,102,17,14,0.82,1,15,0,none,1,47118.46
TX01743,C2269,12206.23,UPI,success,none,0,0,572,6,5,0.83,1,30,0,none,1,12206.23
TX01744,C1921,8942.34,WALLET,failed,bank_error,3,0,232,19,18,0.95,0,0,0,payment_link,0,0.0
TX01745,C1335,9253.11,CARD,success,none,0,0,590,20,6,0.3,1,15,0,none,1,9253.11
TX01746,C0413,36693.7,NETBANKING,failed,timeout,0,0,320,8,8,1.0,0,0,0,retry_payment,1,36693.7
TX01747,C1332,32735.32,CARD,failed,timeout,1,0,337,18,9,0.5,1,0,2,retry_payment,1,32735.32
TX01748,C1897,36908.32,WALLET,success,none,0,0,412,10,3,0.3,0,0,0,none,1,36908.32
TX01749,C2339,16764.68,NETBANKING,success,none,0,0,520,20,3,0.15,0,0,0,none,1,16764.68
TX01750,C1831,30259.65,WALLET,success,none,0,0,594,6,3,0.5,0,0,0,none,1,30259.65
TX01751,C0664,2960.79,CARD,failed,timeout,3,0,549,16,3,0.19,0,0,1,retry_payment,0,0.0
TX01752,C1339,7086.11,CARD,success,none,0,0,38,4,1,0.25,1,0,0,none,1,7086.11
TX01753,C0223,27489.38,CARD,success,none,0,0,55,9,8,0.89,1,1,0,none,1,27489.38
TX01754,C1908,26027.48,WALLET,success,none,0,0,225,12,10,0.83,1,0,0,none,1,26027.48
TX01755,C2192,19838.42,UPI,failed,network_error,1,0,27,9,4,0.44,0,0,2,retry_payment,0,0.0
TX01756,C0336,40770.7,NETBANKING,success,none,0,0,78,12,2,0.17,0,0,0,none,1,40770.7
TX01757,C2337,44947.28,UPI,success,none,0,0,162,19,5,0.26,1,3,0,none,1,44947.28
TX01758,C0379,15278.97,WALLET,success,none,0,0,533,7,0,0.0,0,0,0,none,1,15278.97
TX01759,C0021,28912.15,WALLET,success,none,0,0,521,3,0,0.0,0,0,0,none,1,28912.15
TX01760,C1630,2611.14,CARD,failed,network_error,1,0,171,4,3,0.75,1,0,0,retry_payment,1,2611.14
TX01761,C0472,30370.7,UPI,success,none,0,0,401,13,1,0.08,0,0,0,none,1,30370.7
TX01762,C0741,2284.19,UPI,success,none,0,0,361,17,14,0.82,0,0,0,none,1,2284.19
TX01763,C0811,46289.05,CARD,success,none,0,0,595,7,6,0.86,1,0,0,none,1,46289.05
TX01764,C2197,867.77,CARD,success,none,0,0,318,17,3,0.18,0,0,0,none,1,867.77
TX01765,C1156,8971.63,UPI,success,none,0,0,581,13,10,0.77,0,0,0,none,1,8971.63
TX01766,C1381,43020.22,NETBANKING,abandoned,checkout_dropoff,1,1,303,13,2,0.15,0,0,1,payment_link,0,0.0
TX01767,C1434,36134.4,UPI,failed,network_error,1,0,592,20,11,0.55,0,0,2,retry_payment,0,0.0
TX01768,C2034,41209.98,UPI,success,none,0,0,474,4,1,0.25,1,0,0,none,1,41209.98
TX01769,C1471,27574.81,NETBANKING,success,none,0,0,143,7,0,0.0,1,30,0,none,1,27574.81
TX01770,C0640,1477.15,WALLET,abandoned,checkout_dropoff,3,1,136,12,9,0.75,0,0,1,send_reminder,1,1477.15
TX01771,C1139,3203.39,UPI,success,none,0,0,97,14,6,0.43,0,0,0,none,1,3203.39
TX01772,C1689,11564.42,CARD,failed,timeout,0,0,360,11,4,0.36,0,0,2,retry_payment,0,0.0
TX01773,C0032,11247.48,NETBANKING,success,none,0,0,70,4,0,0.0,1,15,0,none,1,11247.48
TX01774,C1662,47838.14,WALLET,success,none,0,0,325,20,2,0.1,1,0,0,none,1,47838.14
TX01775,C1426,18724.1,WALLET,failed,bank_error,2,0,501,4,1,0.25,1,0,0,payment_link,1,18724.1
TX01776,C2274,3158.04,UPI,failed,timeout,0,0,49,7,0,0.0,1,1,1,retry_payment,1,3158.04
TX01777,C1132,38219.52,UPI,success,none,0,0,443,17,1,0.06,0,0,0,none,1,38219.52
TX01778,C2118,5051.93,NETBANKING,success,none,0,0,161,19,0,0.0,0,0,0,none,1,5051.93
TX01779,C1404,35274.33,WALLET,success,none,0,0,530,2,1,0.5,1,0,0,none,1,35274.33
TX01780,C0221,23204.92,CARD,success,none,0,0,58,10,5,0.5,1,0,0,none,1,23204.92
TX01781,C0818,40091.13,CARD,success,none,0,0,211,1,0,0.0,1,0,0,none,1,40091.13
TX01782,C2178,42998.35,NETBANKING,success,none,0,0,449,20,8,0.4,1,0,0,none,1,42998.35
TX01783,C0494,28150.64,NETBANKING,success,none,0,0,215,20,12,0.6,0,0,0,none,1,28150.64
TX01784,C1801,46114.07,WALLET,failed,technical_error,1,0,90,12,9,0.75,0,0,0,payment_link,1,46114.07
TX01785,C1946,1145.23,UPI,abandoned,checkout_dropoff,3,1,434,14,1,0.07,1,30,0,payment_link,0,0.0
TX01786,C0208,22457.18,WALLET,failed,network_error,2,0,48,1,1,1.0,0,0,2,retry_payment,0,0.0
TX01787,C2262,3583.65,NETBANKING,success,none,0,0,332,8,1,0.12,1,7,0,none,1,3583.65
TX01788,C0174,12924.98,UPI,failed,insufficient_funds,4,0,518,13,12,0.92,1,1,0,send_reminder,0,0.0
TX01789,C1898,29597.79,UPI,failed,technical_error,4,0,579,10,1,0.1,1,15,0,payment_link,0,0.0
TX01790,C0886,24350.78,UPI,success,none,0,0,594,9,3,0.33,0,0,0,none,1,24350.78
TX01791,C0714,38157.32,WALLET,success,none,0,0,537,19,19,1.0,1,1,0,none,1,38157.32
TX01792,C0467,49784.39,WALLET,failed,network_error,2,0,179,14,13,0.93,0,0,0,retry_payment,0,0.0
TX01793,C0878,23469.97,WALLET,failed,timeout,1,0,118,3,3,1.0,0,0,2,retry_payment,0,0.0
TX01794,C0113,31615.07,NETBANKING,success,none,0,0,568,3,1,0.33,1,3,0,none,1,31615.07
TX01795,C2342,25745.17,WALLET,abandoned,checkout_dropoff,0,1,95,15,0,0.0,1,15,0,payment_link,0,0.0
TX01796,C2239,46418.17,NETBANKING,success,none,0,0,151,6,6,1.0,0,0,0,none,1,46418.17
TX01797,C1849,47350.8,NETBANKING,success,none,0,0,248,19,14,0.74,1,0,0,none,1,47350.8
TX01798,C0048,27047.17,UPI,failed,insufficient_funds,4,0,57,14,7,0.5,1,0,0,send_reminder,1,27047.17
TX01799,C0774,19136.45,UPI,success,none,0,0,422,3,0,0.0,0,0,0,none,1,19136.45
TX01800,C2093,44571.3,NETBANKING,failed,timeout,3,0,583,17,4,0.24,1,3,1,retry_payment,0,0.0
TX01801,C2370,47174.85,WALLET,failed,network_error,2,0,54,19,11,0.58,0,0,2,retry_payment,0,0.0
TX01802,C0483,13080.84,UPI,failed,technical_error,0,0,373,14,0,0.0,1,15,0,payment_link,0,0.0
TX01803,C1997,14349.05,CARD,success,none,0,0,396,12,1,0.08,1,1,0,none,1,14349.05
TX01804,C1631,9249.92,UPI,failed,technical_error,2,0,395,13,8,0.62,0,0,2,payment_link,0,0.0
TX01805,C1759,1475.93,WALLET,success,none,0,0,165,3,3,1.0,0,0,0,none,1,1475.93
TX01806,C0627,28129.49,UPI,success,none,0,0,173,12,9,0.75,0,0,0,none,1,28129.49
TX01807,C1666,13905.82,CARD,success,none,0,0,597,8,4,0.5,1,1,0,none,1,13905.82
TX01808,C2056,11552.01,UPI,failed,bank_error,2,0,414,16,4,0.25,1,1,0,payment_link,1,11552.01
TX01809,C0260,4641.26,UPI,success,none,0,0,125,19,7,0.37,1,3,0,none,1,4641.26
TX01810,C2457,32076.83,CARD,abandoned,checkout_dropoff,1,1,427,4,1,0.25,0,0,0,send_reminder,0,0.0
TX01811,C1400,9491.7,CARD,success,none,0,0,270,11,8,0.73,0,0,0,none,1,9491.7
TX01812,C1641,16756.05,UPI,abandoned,checkout_dropoff,2,1,295,10,7,0.7,0,0,0,send_reminder,1,16756.05
TX01813,C1757,16030.61,UPI,failed,insufficient_funds,2,0,38,19,13,0.68,1,7,2,send_reminder,0,0.0
TX01814,C1984,44849.47,UPI,failed,bank_error,2,0,561,19,17,0.89,0,0,2,payment_link,1,44849.47
TX01815,C0012,43341.68,WALLET,failed,bank_error,0,0,288,3,3,1.0,1,0,0,payment_link,0,0.0
TX01816,C0928,42018.78,CARD,abandoned,checkout_dropoff,3,1,281,18,13,0.72,0,0,2,send_reminder,0,0.0
TX01817,C1804,15718.47,WALLET,success,none,0,0,102,11,5,0.45,1,30,0,none,1,15718.47
TX01818,C0202,5710.17,CARD,failed,bank_error,0,0,499,12,3,0.25,1,15,0,payment_link,1,5710.17
TX01819,C0289,23829.15,WALLET,failed,network_error,1,0,560,18,12,0.67,0,0,0,retry_payment,1,23829.15
TX01820,C1683,48798.04,CARD,success,none,0,0,276,11,5,0.45,0,0,0,none,1,48798.04
TX01821,C1553,24378.3,UPI,success,none,0,0,596,10,2,0.2,1,1,0,none,1,24378.3
TX01822,C2378,12660.84,UPI,success,none,0,0,395,13,10,0.77,1,7,0,none,1,12660.84
TX01823,C2281,30746.85,WALLET,success,none,0,0,61,11,6,0.55,1,0,0,none,1,30746.85
TX01824,C1273,15874.43,NETBANKING,success,none,0,0,463,11,8,0.73,0,0,0,none,1,15874.43
TX01825,C2340,22640.94,NETBANKING,failed,bank_error,1,0,528,20,0,0.0,1,0,1,payment_link,0,0.0
TX01826,C1058,39986.71,WALLET,failed,bank_error,3,0,354,10,0,0.0,0,0,1,payment_link,0,0.0
TX01827,C2473,30490.36,CARD,abandoned,checkout_dropoff,0,1,445,6,6,1.0,0,0,1,payment_link,1,30490.36
TX01828,C0742,48171.29,WALLET,success,none,0,0,499,16,9,0.56,1,0,0,none,1,48171.29
TX01829,C1295,30741.0,WALLET,success,none,0,0,90,6,2,0.33,0,0,0,none,1,30741.0
TX01830,C0379,18750.96,NETBANKING,success,none,0,0,539,13,0,0.0,0,0,0,none,1,18750.96
TX01831,C2199,947.7,WALLET,success,none,0,0,415,16,15,0.94,0,0,0,none,1,947.7
TX01832,C0803,43756.02,CARD,success,none,0,0,376,15,0,0.0,1,0,0,none,1,43756.02
TX01833,C1674,39667.91,CARD,success,none,0,0,445,3,1,0.33,0,0,0,none,1,39667.91
TX01834,C0675,2862.87,NETBANKING,success,none,0,0,500,11,3,0.27,1,0,0,none,1,2862.87
TX01835,C2412,36528.91,UPI,success,none,0,0,368,6,2,0.33,1,30,0,none,1,36528.91
TX01836,C0717,15626.19,UPI,failed,bank_error,4,0,342,9,5,0.56,1,0,1,payment_link,0,0.0
TX01837,C1043,15414.05,NETBANKING,success,none,0,0,488,11,11,1.0,0,0,0,none,1,15414.05
TX01838,C0807,42306.4,UPI,success,none,0,0,208,5,5,1.0,1,0,0,none,1,42306.4
TX01839,C2201,30815.88,WALLET,failed,timeout,0,0,471,15,12,0.8,0,0,1,retry_payment,1,30815.88
TX01840,C0682,24566.4,UPI,success,none,0,0,578,18,12,0.67,0,0,0,none,1,24566.4
TX01841,C0299,44907.41,NETBANKING,failed,timeout,0,0,78,20,12,0.6,0,0,1,retry_payment,0,0.0
TX01842,C1348,35794.96,CARD,success,none,0,0,245,11,11,1.0,0,0,0,none,1,35794.96
TX01843,C1093,31281.62,CARD,success,none,0,0,245,10,0,0.0,0,0,0,none,1,31281.62
TX01844,C0426,25832.17,WALLET,success,none,0,0,527,10,8,0.8,0,0,0,none,1,25832.17
TX01845,C1741,17397.95,CARD,success,none,0,0,270,12,4,0.33,1,0,0,none,1,17397.95
TX01846,C2178,10671.25,NETBANKING,failed,technical_error,4,0,232,15,3,0.2,0,0,2,payment_link,0,0.0
TX01847,C1313,12197.99,UPI,success,none,0,0,477,17,16,0.94,1,15,0,none,1,12197.99
TX01848,C1582,40234.47,WALLET,abandoned,checkout_dropoff,4,1,536,5,5,1.0,0,0,1,send_reminder,0,0.0
TX01849,C1972,29023.0,CARD,failed,network_error,2,0,470,5,2,0.4,1,0,0,retry_payment,0,0.0
TX01850,C2451,27114.26,WALLET,failed,bank_error,2,0,145,7,3,0.43,1,0,2,payment_link,1,27114.26
TX01851,C0423,7717.2,UPI,abandoned,checkout_dropoff,4,1,521,1,1,1.0,0,0,2,payment_link,0,0.0
TX01852,C2109,46222.86,CARD,success,none,0,0,134,2,0,0.0,0,0,0,none,1,46222.86
TX01853,C0759,11654.97,UPI,success,none,0,0,544,13,7,0.54,1,0,0,none,1,11654.97
TX01854,C0186,45520.03,WALLET,failed,network_error,0,0,570,3,2,0.67,0,0,0,retry_payment,1,45520.03
TX01855,C1183,3273.25,CARD,failed,insufficient_funds,2,0,259,3,0,0.0,1,0,2,send_reminder,0,0.0
TX01856,C0567,9910.37,NETBANKING,success,none,0,0,333,4,0,0.0,0,0,0,none,1,9910.37
TX01857,C0814,36720.1,UPI,success,none,0,0,423,6,0,0.0,1,7,0,none,1,36720.1
TX01858,C1143,47184.23,WALLET,success,none,0,0,86,11,0,0.0,0,0,0,none,1,47184.23
TX01859,C1786,21755.97,WALLET,success,none,0,0,104,3,0,0.0,1,15,0,none,1,21755.97
TX01860,C1226,43401.69,UPI,failed,bank_error,2,0,11,15,10,0.67,0,0,2,payment_link,1,43401.69
TX01861,C1102,38666.81,WALLET,success,none,0,0,25,12,12,1.0,0,0,0,none,1,38666.81
TX01862,C1761,21100.58,CARD,success,none,0,0,154,13,8,0.62,1,0,0,none,1,21100.58
TX01863,C2486,23063.84,UPI,success,none,0,0,562,14,8,0.57,0,0,0,none,1,23063.84
TX01864,C1936,26551.1,WALLET,failed,network_error,2,0,41,12,12,1.0,1,0,1,retry_payment,0,0.0
TX01865,C0318,28553.61,WALLET,success,none,0,0,252,5,0,0.0,0,0,0,none,1,28553.61
TX01866,C0544,21694.33,NETBANKING,success,none,0,0,544,19,17,0.89,0,0,0,none,1,21694.33
TX01867,C1558,931.69,UPI,success,none,0,0,15,19,11,0.58,0,0,0,none,1,931.69
TX01868,C0299,39241.46,NETBANKING,success,none,0,0,331,4,3,0.75,1,0,0,none,1,39241.46
TX01869,C0370,33614.02,CARD,success,none,0,0,404,20,5,0.25,0,0,0,none,1,33614.02
TX01870,C0396,27182.17,CARD,success,none,0,0,422,5,3,0.6,1,0,0,none,1,27182.17
TX01871,C0578,30237.3,WALLET,success,none,0,0,86,15,1,0.07,1,3,0,none,1,30237.3
TX01872,C1501,13466.77,CARD,success,none,0,0,576,12,10,0.83,1,0,0,none,1,13466.77
TX01873,C0186,16084.23,CARD,success,none,0,0,154,5,2,0.4,1,7,0,none,1,16084.23
TX01874,C2354,1099.48,UPI,success,none,0,0,418,8,5,0.62,1,0,0,none,1,1099.48
TX01875,C0217,23076.04,CARD,failed,insufficient_funds,3,0,191,17,5,0.29,1,15,1,send_reminder,0,0.0
TX01876,C0021,3108.86,WALLET,success,none,0,0,539,6,1,0.17,1,3,0,none,1,3108.86
TX01877,C0985,4686.46,WALLET,success,none,0,0,565,12,0,0.0,1,0,0,none,1,4686.46
TX01878,C1440,47159.96,UPI,success,none,0,0,598,12,0,0.0,0,0,0,none,1,47159.96
TX01879,C1900,44318.25,UPI,abandoned,checkout_dropoff,0,1,332,6,3,0.5,0,0,0,payment_link,0,0.0
TX01880,C1805,2851.36,CARD,success,none,0,0,43,15,2,0.13,1,1,0,none,1,2851.36
TX01881,C0061,429.25,WALLET,success,none,0,0,98,17,9,0.53,1,3,0,none,1,429.25
TX01882,C0930,40574.26,CARD,failed,timeout,3,0,433,19,17,0.89,0,0,1,retry_payment,0,0.0
TX01883,C1412,6748.95,NETBANKING,success,none,0,0,493,4,3,0.75,0,0,0,none,1,6748.95
TX01884,C2109,46299.63,WALLET,success,none,0,0,328,18,2,0.11,0,0,0,none,1,46299.63
TX01885,C0290,1968.98,NETBANKING,success,none,0,0,370,18,12,0.67,0,0,0,none,1,1968.98
TX01886,C0751,3622.29,NETBANKING,success,none,0,0,378,15,8,0.53,0,0,0,none,1,3622.29
TX01887,C1382,43593.58,CARD,success,none,0,0,71,13,13,1.0,1,30,0,none,1,43593.58
TX01888,C1784,2138.11,WALLET,success,none,0,0,571,8,4,0.5,1,30,0,none,1,2138.11
TX01889,C2062,9922.55,NETBANKING,abandoned,checkout_dropoff,2,1,243,13,12,0.92,1,0,1,payment_link,1,9922.55
TX01890,C1369,2843.03,WALLET,abandoned,checkout_dropoff,0,1,412,12,7,0.58,1,0,0,send_reminder,0,0.0
TX01891,C0844,28315.64,UPI,success,none,0,0,563,11,5,0.45,0,0,0,none,1,28315.64
TX01892,C0175,24770.55,NETBANKING,failed,timeout,0,0,249,4,0,0.0,0,0,2,retry_payment,1,24770.55
TX01893,C1589,4918.79,UPI,success,none,0,0,312,15,12,0.8,0,0,0,none,1,4918.79
TX01894,C0726,8575.87,UPI,success,none,0,0,389,8,5,0.62,1,3,0,none,1,8575.87
TX01895,C0341,34192.88,UPI,failed,bank_error,1,0,458,11,9,0.82,1,15,0,payment_link,1,34192.88
TX01896,C1711,38025.42,UPI,success,none,0,0,123,11,3,0.27,0,0,0,none,1,38025.42
TX01897,C1422,48337.3,NETBANKING,success,none,0,0,357,2,1,0.5,1,0,0,none,1,48337.3
TX01898,C2017,5174.67,WALLET,failed,bank_error,3,0,573,2,1,0.5,1,1,2,payment_link,0,0.0
TX01899,C0270,2597.6,WALLET,success,none,0,0,231,10,0,0.0,0,0,0,none,1,2597.6
TX01900,C2372,6102.17,NETBANKING,success,none,0,0,42,7,6,0.86,0,0,0,none,1,6102.17
TX01901,C2075,30656.42,NETBANKING,success,none,0,0,565,10,10,1.0,0,0,0,none,1,30656.42
TX01902,C0907,49526.19,NETBANKING,failed,timeout,1,0,568,12,5,0.42,0,0,2,retry_payment,0,0.0
TX01903,C2323,17155.29,UPI,success,none,0,0,82,2,0,0.0,1,30,0,none,1,17155.29
TX01904,C2333,47040.4,UPI,success,none,0,0,417,19,13,0.68,0,0,0,none,1,47040.4
TX01905,C0302,27427.42,WALLET,success,none,0,0,55,8,7,0.88,1,3,0,none,1,27427.42
TX01906,C0514,35889.49,CARD,failed,timeout,2,0,324,19,11,0.58,0,0,0,retry_payment,0,0.0
TX01907,C0012,19753.0,WALLET,success,none,0,0,170,11,5,0.45,0,0,0,none,1,19753.0
TX01908,C0893,8201.87,NETBANKING,failed,network_error,3,0,227,13,5,0.38,1,0,1,retry_payment,0,0.0
TX01909,C0753,14436.28,WALLET,success,none,0,0,198,19,1,0.05,0,0,0,none,1,14436.28
TX01910,C2346,35182.33,CARD,success,none,0,0,236,10,5,0.5,0,0,0,none,1,35182.33
TX01911,C0286,958.62,UPI,success,none,0,0,441,2,1,0.5,0,0,0,none,1,958.62
TX01912,C0024,31932.89,WALLET,success,none,0,0,258,1,0,0.0,0,0,0,none,1,31932.89
TX01913,C0363,19324.5,WALLET,success,none,0,0,149,20,0,0.0,1,15,0,none,1,19324.5
TX01914,C1371,47892.85,WALLET,success,none,0,0,586,18,17,0.94,1,0,0,none,1,47892.85
TX01915,C2317,43063.05,UPI,success,none,0,0,443,10,2,0.2,1,0,0,none,1,43063.05
TX01916,C0985,21070.2,CARD,failed,bank_error,3,0,388,12,8,0.67,0,0,1,payment_link,1,21070.2
TX01917,C1898,44518.42,CARD,success,none,0,0,465,4,0,0.0,1,7,0,none,1,44518.42
TX01918,C0925,35741.97,UPI,success,none,0,0,451,6,0,0.0,0,0,0,none,1,35741.97
TX01919,C0277,17758.07,UPI,success,none,0,0,510,1,1,1.0,0,0,0,none,1,17758.07
TX01920,C1777,5499.52,UPI,success,none,0,0,226,18,11,0.61,1,1,0,none,1,5499.52
TX01921,C0335,36570.44,NETBANKING,success,none,0,0,484,16,5,0.31,0,0,0,none,1,36570.44
TX01922,C1564,27889.45,UPI,failed,insufficient_funds,1,0,500,18,6,0.33,0,0,1,send_reminder,0,0.0
TX01923,C2494,47141.72,WALLET,failed,timeout,2,0,349,10,0,0.0,0,0,2,retry_payment,0,0.0
TX01924,C0566,8572.44,WALLET,success,none,0,0,65,6,4,0.67,0,0,0,none,1,8572.44
TX01925,C1207,26925.4,CARD,success,none,0,0,169,2,1,0.5,0,0,0,none,1,26925.4
TX01926,C1137,14081.48,NETBANKING,failed,bank_error,4,0,122,3,3,1.0,1,1,2,payment_link,0,0.0
TX01927,C0042,33721.69,UPI,success,none,0,0,222,2,1,0.5,0,0,0,none,1,33721.69
TX01928,C0898,42648.29,CARD,failed,technical_error,2,0,140,4,1,0.25,1,3,0,payment_link,1,42648.29
TX01929,C2062,4858.15,NETBANKING,failed,technical_error,2,0,415,7,0,0.0,0,0,2,payment_link,1,4858.15
TX01930,C0946,46758.16,WALLET,success,none,0,0,374,13,9,0.69,0,0,0,none,1,46758.16
TX01931,C2201,11367.4,UPI,failed,bank_error,4,0,101,14,10,0.71,0,0,1,payment_link,1,11367.4
TX01932,C2491,2235.66,CARD,success,none,0,0,553,7,1,0.14,0,0,0,none,1,2235.66
TX01933,C1080,12547.49,NETBANKING,success,none,0,0,406,13,2,0.15,0,0,0,none,1,12547.49
TX01934,C2325,4241.76,CARD,abandoned,checkout_dropoff,3,1,508,1,0,0.0,1,0,1,send_reminder,0,0.0
TX01935,C1611,23133.13,UPI,success,none,0,0,413,5,0,0.0,1,0,0,none,1,23133.13
TX01936,C0248,15299.2,NETBANKING,failed,insufficient_funds,2,0,47,15,13,0.87,1,30,2,send_reminder,0,0.0
TX01937,C0773,35920.53,WALLET,success,none,0,0,319,20,12,0.6,0,0,0,none,1,35920.53
TX01938,C1859,9650.68,CARD,success,none,0,0,454,4,0,0.0,1,30,0,none,1,9650.68
TX01939,C1048,10978.82,WALLET,failed,insufficient_funds,4,0,338,9,2,0.22,0,0,2,send_reminder,0,0.0
TX01940,C0161,26783.29,WALLET,abandoned,checkout_dropoff,4,1,110,20,13,0.65,0,0,2,payment_link,0,0.0
TX01941,C0347,32969.15,WALLET,success,none,0,0,215,18,10,0.56,0,0,0,none,1,32969.15
TX01942,C0549,36064.24,NETBANKING,abandoned,checkout_dropoff,1,1,384,2,1,0.5,0,0,0,payment_link,1,36064.24
TX01943,C0143,40484.06,CARD,success,none,0,0,384,17,15,0.88,1,0,0,none,1,40484.06
TX01944,C1094,18615.79,WALLET,failed,technical_error,4,0,285,16,10,0.62,1,0,2,payment_link,0,0.0
TX01945,C1099,36142.94,NETBANKING,abandoned,checkout_dropoff,2,1,255,14,5,0.36,1,30,2,send_reminder,0,0.0
TX01946,C2436,38890.65,WALLET,abandoned,checkout_dropoff,0,1,451,7,4,0.57,0,0,1,payment_link,1,38890.65
TX01947,C1516,1301.88,UPI,success,none,0,0,323,17,2,0.12,1,0,0,none,1,1301.88
TX01948,C1635,29878.04,NETBANKING,failed,insufficient_funds,4,0,400,13,4,0.31,1,0,0,send_reminder,0,0.0
TX01949,C0056,22769.38,NETBANKING,success,none,0,0,386,19,3,0.16,1,0,0,none,1,22769.38
TX01950,C0502,46669.63,NETBANKING,success,none,0,0,281,18,18,1.0,0,0,0,none,1,46669.63
TX01951,C1016,39673.4,CARD,abandoned,checkout_dropoff,0,1,318,11,4,0.36,0,0,1,payment_link,0,0.0
TX01952,C0902,32957.72,WALLET,success,none,0,0,28,1,0,0.0,1,30,0,none,1,32957.72
TX01953,C1460,46003.68,CARD,abandoned,checkout_dropoff,0,1,387,18,14,0.78,0,0,0,send_reminder,1,46003.68
TX01954,C1486,40819.14,NETBANKING,failed,bank_error,3,0,527,15,8,0.53,1,7,2,payment_link,0,0.0
TX01955,C2041,2620.75,WALLET,success,none,0,0,177,1,1,1.0,1,15,0,none,1,2620.75
TX01956,C0605,11283.71,WALLET,success,none,0,0,145,19,13,0.68,1,3,0,none,1,11283.71
TX01957,C1666,9577.35,WALLET,success,none,0,0,295,2,2,1.0,0,0,0,none,1,9577.35
TX01958,C1463,40801.5,WALLET,abandoned,checkout_dropoff,0,1,35,12,5,0.42,0,0,0,payment_link,1,40801.5
TX01959,C1982,42845.48,CARD,failed,network_error,2,0,200,11,7,0.64,0,0,0,retry_payment,0,0.0
TX01960,C1743,1518.19,NETBANKING,success,none,0,0,597,4,1,0.25,1,1,0,none,1,1518.19
TX01961,C0356,24819.98,CARD,abandoned,checkout_dropoff,1,1,134,7,6,0.86,1,0,1,payment_link,1,24819.98
TX01962,C0721,45342.91,UPI,success,none,0,0,200,19,15,0.79,0,0,0,none,1,45342.91
TX01963,C1409,6565.46,NETBANKING,abandoned,checkout_dropoff,2,1,228,8,2,0.25,0,0,1,payment_link,0,0.0
TX01964,C0930,35025.66,CARD,failed,timeout,4,0,188,1,1,1.0,1,15,2,retry_payment,0,0.0
TX01965,C0910,39136.56,CARD,success,none,0,0,443,14,1,0.07,1,30,0,none,1,39136.56
TX01966,C1924,19975.38,UPI,success,none,0,0,480,2,2,1.0,0,0,0,none,1,19975.38
TX01967,C1594,30435.29,UPI,failed,bank_error,1,0,400,2,0,0.0,0,0,0,payment_link,0,0.0
TX01968,C1624,5168.88,CARD,failed,timeout,4,0,197,3,3,1.0,1,15,1,retry_payment,0,0.0
TX01969,C2188,43004.56,WALLET,success,none,0,0,342,15,8,0.53,0,0,0,none,1,43004.56
TX01970,C0595,10649.05,CARD,abandoned,checkout_dropoff,1,1,155,6,5,0.83,0,0,1,payment_link,0,0.0
TX01971,C1040,49857.49,NETBANKING,success,none,0,0,589,5,5,1.0,0,0,0,none,1,49857.49
TX01972,C0732,36765.77,NETBANKING,success,none,0,0,396,6,6,1.0,1,0,0,none,1,36765.77
TX01973,C0202,45030.87,CARD,failed,technical_error,1,0,78,4,4,1.0,0,0,2,payment_link,1,45030.87
TX01974,C2015,13933.83,CARD,success,none,0,0,332,8,8,1.0,1,7,0,none,1,13933.83
TX01975,C2301,16333.15,UPI,failed,network_error,1,0,404,6,3,0.5,0,0,1,retry_payment,1,16333.15
TX01976,C1636,11616.08,WALLET,failed,technical_error,0,0,331,9,7,0.78,0,0,1,payment_link,1,11616.08
TX01977,C2330,3821.53,CARD,abandoned,checkout_dropoff,0,1,387,3,3,1.0,1,0,1,send_reminder,1,3821.53
TX01978,C0070,28564.86,UPI,success,none,0,0,394,19,6,0.32,1,0,0,none,1,28564.86
TX01979,C2035,18016.08,CARD,success,none,0,0,10,5,0,0.0,1,0,0,none,1,18016.08
TX01980,C0649,33399.84,UPI,success,none,0,0,518,4,1,0.25,0,0,0,none,1,33399.84
TX01981,C0614,15512.55,CARD,success,none,0,0,450,20,12,0.6,1,1,0,none,1,15512.55
TX01982,C1860,20417.98,WALLET,success,none,0,0,178,14,7,0.5,1,0,0,none,1,20417.98
TX01983,C2466,49257.48,CARD,success,none,0,0,408,1,1,1.0,1,3,0,none,1,49257.48
TX01984,C2173,26831.3,WALLET,success,none,0,0,440,12,3,0.25,0,0,0,none,1,26831.3
TX01985,C2342,45025.44,NETBANKING,success,none,0,0,103,13,5,0.38,1,0,0,none,1,45025.44
TX01986,C2100,33671.25,NETBANKING,success,none,0,0,137,5,0,0.0,0,0,0,none,1,33671.25
TX01987,C0496,29387.46,NETBANKING,failed,insufficient_funds,3,0,397,9,4,0.44,1,7,0,send_reminder,0,0.0
TX01988,C0205,259.29,WALLET,abandoned,checkout_dropoff,3,1,415,10,4,0.4,1,0,2,send_reminder,0,0.0
TX01989,C1844,46183.19,UPI,success,none,0,0,216,13,5,0.38,1,3,0,none,1,46183.19
TX01990,C0139,12995.19,NETBANKING,success,none,0,0,426,8,5,0.62,1,3,0,none,1,12995.19
TX01991,C1927,10119.16,WALLET,abandoned,checkout_dropoff,4,1,446,20,5,0.25,1,0,2,payment_link,0,0.0
TX01992,C1467,7040.19,WALLET,success,none,0,0,220,2,2,1.0,1,1,0,none,1,7040.19
TX01993,C0033,9126.46,NETBANKING,success,none,0,0,551,6,3,0.5,1,3,0,none,1,9126.46
TX01994,C1748,15125.54,UPI,failed,timeout,2,0,547,20,17,0.85,1,1,1,retry_payment,0,0.0
TX01995,C1154,20814.59,WALLET,success,none,0,0,348,9,4,0.44,0,0,0,none,1,20814.59
TX01996,C1260,35510.03,UPI,failed,insufficient_funds,4,0,134,13,9,0.69,0,0,0,send_reminder,0,0.0
TX01997,C1059,13934.24,WALLET,success,none,0,0,598,9,6,0.67,1,0,0,none,1,13934.24
TX01998,C2300,8732.6,CARD,success,none,0,0,346,17,13,0.76,0,0,0,none,1,8732.6
TX01999,C2480,36202.91,CARD,abandoned,checkout_dropoff,4,1,544,19,8,0.42,0,0,0,payment_link,1,36202.91
TX02000,C2339,22388.04,UPI,failed,network_error,3,0,54,16,10,0.62,1,15,2,retry_payment,0,0.0
TX02001,C1425,9797.28,WALLET,success,none,0,0,493,19,4,0.21,0,0,0,none,1,9797.28
TX02002,C0153,12372.81,UPI,success,none,0,0,590,14,13,0.93,1,0,0,none,1,12372.81
TX02003,C0263,7589.41,CARD,success,none,0,0,38,5,5,1.0,1,0,0,none,1,7589.41
TX02004,C0471,10361.2,WALLET,success,none,0,0,412,12,8,0.67,1,0,0,none,1,10361.2
TX02005,C2386,17001.61,WALLET,abandoned,checkout_dropoff,4,1,450,3,1,0.33,0,0,2,send_reminder,0,0.0
TX02006,C1223,9619.8,NETBANKING,success,none,0,0,236,3,0,0.0,0,0,0,none,1,9619.8
TX02007,C2221,27626.36,UPI,failed,insufficient_funds,1,0,205,14,2,0.14,0,0,0,send_reminder,1,27626.36
TX02008,C0799,15639.36,NETBANKING,success,none,0,0,426,7,1,0.14,0,0,0,none,1,15639.36
TX02009,C1234,11753.14,WALLET,failed,technical_error,4,0,415,18,0,0.0,0,0,2,payment_link,0,0.0
TX02010,C1286,35595.63,CARD,success,none,0,0,297,13,12,0.92,0,0,0,none,1,35595.63
TX02011,C0627,44328.82,UPI,success,none,0,0,508,15,9,0.6,0,0,0,none,1,44328.82
TX02012,C1908,13322.1,UPI,success,none,0,0,336,2,0,0.0,0,0,0,none,1,13322.1
TX02013,C2198,39738.17,NETBANKING,abandoned,checkout_dropoff,1,1,175,18,8,0.44,1,0,1,payment_link,0,0.0
TX02014,C0654,10108.72,CARD,success,none,0,0,166,20,7,0.35,0,0,0,none,1,10108.72
TX02015,C0559,1008.84,NETBANKING,success,none,0,0,120,7,3,0.43,0,0,0,none,1,1008.84
TX02016,C0941,1293.93,CARD,success,none,0,0,489,15,2,0.13,0,0,0,none,1,1293.93
TX02017,C1753,39209.0,NETBANKING,abandoned,checkout_dropoff,0,1,458,14,2,0.14,1,1,1,send_reminder,0,0.0
TX02018,C1021,44952.52,UPI,success,none,0,0,389,7,0,0.0,0,0,0,none,1,44952.52
TX02019,C0709,45529.71,NETBANKING,failed,bank_error,1,0,39,7,4,0.57,0,0,2,payment_link,1,45529.71
TX02020,C1213,23030.94,UPI,success,none,0,0,176,6,5,0.83,0,0,0,none,1,23030.94
TX02021,C1199,2795.54,NETBANKING,success,none,0,0,433,9,8,0.89,1,3,0,none,1,2795.54
TX02022,C0417,41618.51,WALLET,success,none,0,0,517,11,4,0.36,1,0,0,none,1,41618.51
TX02023,C2461,46798.62,CARD,abandoned,checkout_dropoff,0,1,405,12,10,0.83,0,0,2,send_reminder,1,46798.62
TX02024,C1922,31520.33,NETBANKING,success,none,0,0,75,6,1,0.17,1,1,0,none,1,31520.33
TX02025,C2396,39140.67,NETBANKING,success,none,0,0,556,10,4,0.4,0,0,0,none,1,39140.67
TX02026,C1014,24376.3,CARD,success,none,0,0,88,6,0,0.0,0,0,0,none,1,24376.3
TX02027,C0347,4480.44,UPI,success,none,0,0,478,17,1,0.06,0,0,0,none,1,4480.44
TX02028,C1420,49129.51,WALLET,failed,timeout,0,0,85,15,1,0.07,1,0,2,retry_payment,1,49129.51
TX02029,C0924,29993.56,NETBANKING,success,none,0,0,267,12,2,0.17,1,3,0,none,1,29993.56
TX02030,C0449,24800.79,CARD,success,none,0,0,514,13,11,0.85,1,0,0,none,1,24800.79
TX02031,C2284,22829.29,CARD,success,none,0,0,306,5,1,0.2,0,0,0,none,1,22829.29
TX02032,C1539,8972.15,NETBANKING,failed,insufficient_funds,4,0,401,7,3,0.43,0,0,0,send_reminder,0,0.0
TX02033,C0829,48812.87,NETBANKING,success,none,0,0,28,10,8,0.8,1,1,0,none,1,48812.87
TX02034,C2377,46137.94,UPI,success,none,0,0,31,6,0,0.0,1,1,0,none,1,46137.94
TX02035,C1547,38344.57,NETBANKING,success,none,0,0,330,7,7,1.0,1,0,0,none,1,38344.57
TX02036,C0745,19983.6,CARD,success,none,0,0,334,14,3,0.21,1,0,0,none,1,19983.6
TX02037,C2040,23813.43,CARD,success,none,0,0,377,19,4,0.21,0,0,0,none,1,23813.43
TX02038,C1714,4211.56,WALLET,success,none,0,0,95,5,4,0.8,0,0,0,none,1,4211.56
TX02039,C0114,32775.17,CARD,success,none,0,0,302,4,0,0.0,1,15,0,none,1,32775.17
TX02040,C1682,11074.64,CARD,success,none,0,0,333,19,12,0.63,0,0,0,none,1,11074.64
TX02041,C1786,12369.31,CARD,success,none,0,0,186,20,9,0.45,0,0,0,none,1,12369.31
TX02042,C0176,21686.93,UPI,success,none,0,0,275,20,16,0.8,0,0,0,none,1,21686.93
TX02043,C2258,17114.19,CARD,success,none,0,0,119,8,8,1.0,0,0,0,none,1,17114.19
TX02044,C0179,13776.05,CARD,failed,bank_error,0,0,95,6,6,1.0,0,0,0,payment_link,1,13776.05
TX02045,C0313,18731.24,NETBANKING,success,none,0,0,125,12,8,0.67,0,0,0,none,1,18731.24
TX02046,C1784,27263.31,WALLET,abandoned,checkout_dropoff,2,1,18,4,4,1.0,0,0,2,send_reminder,1,27263.31
TX02047,C0240,19595.28,NETBANKING,failed,network_error,0,0,407,6,4,0.67,1,0,0,retry_payment,1,19595.28
TX02048,C1285,26134.89,WALLET,success,none,0,0,298,13,11,0.85,1,7,0,none,1,26134.89
TX02049,C0487,29870.51,CARD,success,none,0,0,194,4,4,1.0,0,0,0,none,1,29870.51
TX02050,C1787,40471.43,CARD,success,none,0,0,197,1,1,1.0,0,0,0,none,1,40471.43
TX02051,C0187,14359.24,NETBANKING,success,none,0,0,125,10,7,0.7,0,0,0,none,1,14359.24
TX02052,C0369,23658.76,WALLET,success,none,0,0,426,19,19,1.0,1,1,0,none,1,23658.76
TX02053,C2158,5007.45,CARD,success,none,0,0,213,4,4,1.0,0,0,0,none,1,5007.45
TX02054,C0234,11123.14,WALLET,success,none,0,0,31,6,5,0.83,0,0,0,none,1,11123.14
TX02055,C0256,468.06,CARD,failed,timeout,2,0,208,18,12,0.67,0,0,0,retry_payment,0,0.0
TX02056,C0016,16223.92,UPI,success,none,0,0,193,9,3,0.33,0,0,0,none,1,16223.92
TX02057,C2253,35547.26,NETBANKING,success,none,0,0,175,14,13,0.93,0,0,0,none,1,35547.26
TX02058,C2313,38411.86,UPI,success,none,0,0,417,18,13,0.72,0,0,0,none,1,38411.86
TX02059,C1874,37863.07,CARD,failed,bank_error,4,0,221,17,12,0.71,0,0,1,payment_link,1,37863.07
TX02060,C1670,45026.39,UPI,success,none,0,0,126,18,12,0.67,0,0,0,none,1,45026.39
TX02061,C1629,22852.81,CARD,success,none,0,0,322,4,0,0.0,0,0,0,none,1,22852.81
TX02062,C0778,7921.62,CARD,success,none,0,0,241,20,4,0.2,0,0,0,none,1,7921.62
TX02063,C2215,42487.6,CARD,success,none,0,0,201,15,2,0.13,1,0,0,none,1,42487.6
TX02064,C0082,20421.82,WALLET,success,none,0,0,107,2,1,0.5,1,7,0,none,1,20421.82
TX02065,C0685,512.44,UPI,failed,insufficient_funds,1,0,86,20,4,0.2,1,1,0,send_reminder,0,0.0
TX02066,C1887,45927.4,UPI,success,none,0,0,439,19,17,0.89,0,0,0,none,1,45927.4
TX02067,C2217,34700.4,NETBANKING,failed,bank_error,0,0,164,13,6,0.46,1,3,2,payment_link,0,0.0
TX02068,C1575,38233.22,NETBANKING,success,none,0,0,106,5,2,0.4,1,0,0,none,1,38233.22
TX02069,C2078,29740.2,CARD,success,none,0,0,238,20,8,0.4,1,1,0,none,1,29740.2
TX02070,C0037,38247.01,NETBANKING,failed,timeout,4,0,33,15,8,0.53,1,0,2,retry_payment,0,0.0
TX02071,C1688,21267.96,NETBANKING,success,none,0,0,458,19,19,1.0,1,0,0,none,1,21267.96
TX02072,C2304,391.59,WALLET,success,none,0,0,519,9,8,0.89,1,3,0,none,1,391.59
TX02073,C2339,14354.49,NETBANKING,success,none,0,0,531,7,4,0.57,0,0,0,none,1,14354.49
TX02074,C1684,23209.76,NETBANKING,failed,timeout,2,0,221,13,11,0.85,0,0,1,retry_payment,0,0.0
TX02075,C1200,38865.01,UPI,success,none,0,0,333,1,0,0.0,1,15,0,none,1,38865.01
TX02076,C1339,48249.66,UPI,failed,network_error,1,0,418,5,3,0.6,0,0,1,retry_payment,1,48249.66
TX02077,C2265,30171.1,UPI,success,none,0,0,567,6,2,0.33,1,0,0,none,1,30171.1
TX02078,C0428,38554.59,UPI,success,none,0,0,562,19,17,0.89,0,0,0,none,1,38554.59
TX02079,C0169,16628.02,NETBANKING,failed,timeout,4,0,252,20,19,0.95,1,0,2,retry_payment,0,0.0
TX02080,C0435,27755.94,WALLET,abandoned,checkout_dropoff,1,1,24,5,3,0.6,1,15,0,payment_link,1,27755.94
TX02081,C1413,36066.15,WALLET,success,none,0,0,374,7,0,0.0,1,0,0,none,1,36066.15
TX02082,C0398,27986.32,CARD,failed,timeout,2,0,452,15,1,0.07,1,15,0,retry_payment,0,0.0
TX02083,C0485,26634.81,CARD,success,none,0,0,45,1,0,0.0,0,0,0,none,1,26634.81
TX02084,C1752,18743.59,UPI,success,none,0,0,287,10,4,0.4,1,0,0,none,1,18743.59
TX02085,C2439,46919.5,WALLET,success,none,0,0,361,14,8,0.57,1,7,0,none,1,46919.5
TX02086,C1533,8408.77,UPI,success,none,0,0,139,4,2,0.5,1,1,0,none,1,8408.77
TX02087,C1787,43637.69,CARD,success,none,0,0,445,6,1,0.17,0,0,0,none,1,43637.69
TX02088,C0512,30527.62,NETBANKING,success,none,0,0,311,15,0,0.0,1,0,0,none,1,30527.62
TX02089,C1968,45058.18,NETBANKING,success,none,0,0,343,12,9,0.75,0,0,0,none,1,45058.18
TX02090,C2461,21966.26,CARD,success,none,0,0,247,18,7,0.39,1,0,0,none,1,21966.26
TX02091,C0336,48478.57,NETBANKING,success,none,0,0,366,7,1,0.14,0,0,0,none,1,48478.57
TX02092,C2441,3006.56,CARD,success,none,0,0,199,3,0,0.0,1,0,0,none,1,3006.56
TX02093,C0587,31738.71,WALLET,success,none,0,0,445,9,8,0.89,0,0,0,none,1,31738.71
TX02094,C1420,27873.12,NETBANKING,success,none,0,0,185,6,4,0.67,1,0,0,none,1,27873.12
TX02095,C1419,7169.17,NETBANKING,success,none,0,0,128,17,10,0.59,1,0,0,none,1,7169.17
TX02096,C0345,22541.61,UPI,success,none,0,0,63,17,1,0.06,1,0,0,none,1,22541.61
TX02097,C0380,13064.65,WALLET,success,none,0,0,492,8,5,0.62,0,0,0,none,1,13064.65
TX02098,C1461,38664.39,NETBANKING,success,none,0,0,551,10,1,0.1,1,0,0,none,1,38664.39
TX02099,C2379,15153.96,WALLET,success,none,0,0,306,20,6,0.3,0,0,0,none,1,15153.96
TX02100,C1366,11722.13,UPI,success,none,0,0,137,17,6,0.35,1,0,0,none,1,11722.13
TX02101,C0282,34481.37,CARD,failed,timeout,4,0,196,14,14,1.0,0,0,2,retry_payment,0,0.0
TX02102,C1944,25400.17,CARD,failed,timeout,0,0,371,6,3,0.5,1,0,2,retry_payment,1,25400.17
TX02103,C1781,9360.93,UPI,success,none,0,0,135,15,9,0.6,1,0,0,none,1,9360.93
TX02104,C0872,46343.79,CARD,success,none,0,0,534,2,0,0.0,0,0,0,none,1,46343.79
TX02105,C1460,21357.82,WALLET,success,none,0,0,295,13,7,0.54,0,0,0,none,1,21357.82
TX02106,C1963,22246.12,WALLET,abandoned,checkout_dropoff,4,1,417,19,2,0.11,1,0,2,send_reminder,1,22246.12
TX02107,C2358,12996.24,WALLET,success,none,0,0,450,9,5,0.56,0,0,0,none,1,12996.24
TX02108,C2497,29459.59,UPI,failed,network_error,0,0,555,20,17,0.85,1,0,2,retry_payment,1,29459.59
TX02109,C0959,41666.48,NETBANKING,success,none,0,0,97,18,13,0.72,1,15,0,none,1,41666.48
TX02110,C0698,32597.44,WALLET,success,none,0,0,536,17,9,0.53,1,1,0,none,1,32597.44
TX02111,C1795,8700.69,NETBANKING,failed,technical_error,2,0,594,12,12,1.0,0,0,2,payment_link,0,0.0
TX02112,C0456,42160.83,UPI,success,none,0,0,83,15,14,0.93,0,0,0,none,1,42160.83
TX02113,C0564,15102.14,CARD,success,none,0,0,472,3,3,1.0,0,0,0,none,1,15102.14
TX02114,C1345,37580.52,NETBANKING,abandoned,checkout_dropoff,2,1,346,4,2,0.5,0,0,0,send_reminder,1,37580.52
TX02115,C2143,49746.71,UPI,success,none,0,0,232,1,0,0.0,1,7,0,none,1,49746.71
TX02116,C2197,5881.03,UPI,success,none,0,0,513,18,2,0.11,1,30,0,none,1,5881.03
TX02117,C1379,28906.6,UPI,failed,timeout,4,0,180,4,3,0.75,1,1,1,retry_payment,0,0.0
TX02118,C1293,7560.79,WALLET,abandoned,checkout_dropoff,4,1,222,8,5,0.62,0,0,2,send_reminder,0,0.0
TX02119,C0085,37776.3,WALLET,abandoned,checkout_dropoff,0,1,336,7,2,0.29,1,0,0,payment_link,1,37776.3
TX02120,C2395,4175.05,CARD,abandoned,checkout_dropoff,4,1,138,19,15,0.79,1,0,0,send_reminder,1,4175.05
TX02121,C1748,2304.67,UPI,failed,insufficient_funds,4,0,113,17,3,0.18,0,0,0,send_reminder,1,2304.67
TX02122,C0556,15106.98,WALLET,success,none,0,0,81,11,11,1.0,1,0,0,none,1,15106.98
TX02123,C1647,7165.07,WALLET,success,none,0,0,367,17,12,0.71,0,0,0,none,1,7165.07
TX02124,C0857,17790.85,UPI,failed,insufficient_funds,4,0,339,14,1,0.07,1,1,2,send_reminder,1,17790.85
TX02125,C1009,4480.22,NETBANKING,failed,technical_error,1,0,509,19,5,0.26,1,0,0,payment_link,0,0.0
TX02126,C1556,14650.83,WALLET,abandoned,checkout_dropoff,4,1,53,5,4,0.8,0,0,1,send_reminder,1,14650.83
TX02127,C0116,42791.96,WALLET,abandoned,checkout_dropoff,3,1,429,1,1,1.0,0,0,0,send_reminder,1,42791.96
TX02128,C1548,40400.45,NETBANKING,success,none,0,0,432,3,0,0.0,0,0,0,none,1,40400.45
TX02129,C1892,47953.2,NETBANKING,success,none,0,0,219,11,8,0.73,1,0,0,none,1,47953.2
TX02130,C1088,2334.11,NETBANKING,abandoned,checkout_dropoff,0,1,203,18,17,0.94,0,0,0,payment_link,1,2334.11
TX02131,C0034,13350.13,WALLET,success,none,0,0,442,5,4,0.8,0,0,0,none,1,13350.13
TX02132,C1079,31761.25,NETBANKING,success,none,0,0,551,19,7,0.37,1,7,0,none,1,31761.25
TX02133,C0089,28852.15,UPI,success,none,0,0,421,9,9,1.0,0,0,0,none,1,28852.15
TX02134,C2334,8850.28,NETBANKING,abandoned,checkout_dropoff,4,1,475,9,5,0.56,1,0,1,payment_link,0,0.0
TX02135,C2203,37481.11,WALLET,success,none,0,0,512,4,3,0.75,1,15,0,none,1,37481.11
TX02136,C0088,32161.81,WALLET,failed,timeout,0,0,118,13,13,1.0,1,7,0,retry_payment,0,0.0
TX02137,C0832,15392.33,CARD,success,none,0,0,545,3,3,1.0,0,0,0,none,1,15392.33
TX02138,C2247,23600.69,NETBANKING,abandoned,checkout_dropoff,1,1,249,7,6,0.86,1,7,1,send_reminder,1,23600.69
TX02139,C0387,11780.9,UPI,success,none,0,0,125,12,3,0.25,1,30,0,none,1,11780.9
TX02140,C0764,27338.57,WALLET,success,none,0,0,280,6,0,0.0,1,0,0,none,1,27338.57
TX02141,C0698,43145.35,CARD,failed,timeout,0,0,374,15,14,0.93,0,0,1,retry_payment,1,43145.35
TX02142,C0272,1180.08,WALLET,failed,insufficient_funds,0,0,588,7,2,0.29,1,0,2,send_reminder,0,0.0
TX02143,C0309,3162.96,WALLET,failed,insufficient_funds,0,0,157,5,2,0.4,1,0,2,send_reminder,0,0.0
TX02144,C1945,7720.96,WALLET,abandoned,checkout_dropoff,4,1,426,7,2,0.29,0,0,1,send_reminder,1,7720.96
TX02145,C1223,39713.86,CARD,success,none,0,0,281,7,2,0.29,1,0,0,none,1,39713.86
TX02146,C2186,41456.17,UPI,success,none,0,0,322,13,8,0.62,1,0,0,none,1,41456.17
TX02147,C1563,10912.59,WALLET,success,none,0,0,569,13,7,0.54,0,0,0,none,1,10912.59
TX02148,C0230,46725.66,CARD,failed,network_error,4,0,353,8,6,0.75,1,3,0,retry_payment,0,0.0
TX02149,C2340,18147.47,WALLET,abandoned,checkout_dropoff,4,1,41,1,1,1.0,1,0,0,send_reminder,1,18147.47
TX02150,C2028,12321.07,NETBANKING,abandoned,checkout_dropoff,4,1,22,1,1,1.0,0,0,0,send_reminder,1,12321.07
TX02151,C1850,8748.93,UPI,success,none,0,0,563,13,9,0.69,0,0,0,none,1,8748.93
TX02152,C2087,23736.18,UPI,failed,technical_error,1,0,200,4,0,0.0,1,0,1,payment_link,0,0.0
TX02153,C1670,39658.89,WALLET,success,none,0,0,181,18,2,0.11,1,7,0,none,1,39658.89
TX02154,C1863,12990.4,CARD,success,none,0,0,158,8,4,0.5,1,15,0,none,1,12990.4
TX02155,C0540,9346.62,CARD,success,none,0,0,416,1,0,0.0,1,0,0,none,1,9346.62
TX02156,C2408,13639.93,UPI,success,none,0,0,27,19,8,0.42,1,3,0,none,1,13639.93
TX02157,C1828,39932.25,WALLET,failed,technical_error,4,0,33,7,2,0.29,1,1,0,payment_link,0,0.0
TX02158,C0921,46162.87,WALLET,success,none,0,0,486,20,9,0.45,0,0,0,none,1,46162.87
TX02159,C0549,13663.35,NETBANKING,failed,insufficient_funds,4,0,563,12,1,0.08,1,0,2,send_reminder,1,13663.35
TX02160,C0453,16119.52,UPI,success,none,0,0,450,18,12,0.67,1,3,0,none,1,16119.52
TX02161,C2195,44267.83,NETBANKING,success,none,0,0,448,17,13,0.76,0,0,0,none,1,44267.83
TX02162,C0877,23287.73,UPI,abandoned,checkout_dropoff,4,1,548,9,4,0.44,1,0,2,payment_link,0,0.0
TX02163,C2284,48825.8,UPI,success,none,0,0,512,10,9,0.9,0,0,0,none,1,48825.8
TX02164,C0352,21971.72,UPI,success,none,0,0,594,17,6,0.35,1,1,0,none,1,21971.72
TX02165,C0524,41713.57,NETBANKING,abandoned,checkout_dropoff,2,1,563,9,8,0.89,1,0,0,payment_link,1,41713.57
TX02166,C0918,28789.4,WALLET,success,none,0,0,452,6,1,0.17,0,0,0,none,1,28789.4
TX02167,C0689,3482.72,CARD,success,none,0,0,513,5,0,0.0,1,15,0,none,1,3482.72
TX02168,C0007,43956.73,CARD,success,none,0,0,31,1,1,1.0,0,0,0,none,1,43956.73
TX02169,C1195,37240.08,WALLET,success,none,0,0,123,20,0,0.0,0,0,0,none,1,37240.08
TX02170,C2115,26150.4,UPI,success,none,0,0,131,13,12,0.92,0,0,0,none,1,26150.4
TX02171,C0095,29066.32,UPI,success,none,0,0,165,8,2,0.25,1,0,0,none,1,29066.32
TX02172,C1871,37159.8,WALLET,failed,timeout,0,0,407,1,1,1.0,1,1,0,retry_payment,0,0.0
TX02173,C2244,21377.82,NETBANKING,success,none,0,0,51,2,0,0.0,1,3,0,none,1,21377.82
TX02174,C1021,21841.19,UPI,failed,bank_error,3,0,94,4,4,1.0,0,0,2,payment_link,1,21841.19
TX02175,C2475,27853.74,NETBANKING,failed,insufficient_funds,4,0,154,19,9,0.47,0,0,0,send_reminder,0,0.0
TX02176,C1065,40285.01,UPI,success,none,0,0,218,11,3,0.27,1,0,0,none,1,40285.01
TX02177,C0123,22434.59,WALLET,abandoned,checkout_dropoff,4,1,266,10,9,0.9,1,15,2,send_reminder,0,0.0
TX02178,C0220,4955.43,CARD,success,none,0,0,26,5,5,1.0,0,0,0,none,1,4955.43
TX02179,C2077,7779.94,CARD,failed,timeout,3,0,305,1,0,0.0,1,0,2,retry_payment,0,0.0
TX02180,C1420,25139.7,UPI,success,none,0,0,342,5,3,0.6,0,0,0,none,1,25139.7
TX02181,C1469,31931.24,CARD,success,none,0,0,173,8,5,0.62,1,0,0,none,1,31931.24
TX02182,C1207,4542.06,UPI,abandoned,checkout_dropoff,4,1,152,18,10,0.56,0,0,0,payment_link,0,0.0
TX02183,C0724,39357.83,NETBANKING,success,none,0,0,28,10,10,1.0,1,0,0,none,1,39357.83
TX02184,C0130,3229.45,CARD,success,none,0,0,280,14,6,0.43,0,0,0,none,1,3229.45
TX02185,C0221,4445.6,CARD,success,none,0,0,479,3,0,0.0,0,0,0,none,1,4445.6
TX02186,C0720,10185.09,CARD,success,none,0,0,447,3,2,0.67,0,0,0,none,1,10185.09
TX02187,C0513,1662.38,NETBANKING,abandoned,checkout_dropoff,2,1,21,16,13,0.81,1,7,2,payment_link,0,0.0
TX02188,C1060,15740.42,UPI,abandoned,checkout_dropoff,2,1,191,5,3,0.6,1,30,0,send_reminder,0,0.0
TX02189,C0439,31177.55,NETBANKING,success,none,0,0,384,16,6,0.38,1,0,0,none,1,31177.55
TX02190,C0610,13121.75,NETBANKING,success,none,0,0,441,3,3,1.0,1,1,0,none,1,13121.75
TX02191,C0669,47022.02,UPI,failed,bank_error,3,0,197,13,7,0.54,0,0,1,payment_link,0,0.0
TX02192,C1587,46760.38,WALLET,abandoned,checkout_dropoff,1,1,292,3,3,1.0,1,15,1,send_reminder,0,0.0
TX02193,C1202,23770.59,UPI,failed,timeout,0,0,222,12,0,0.0,0,0,0,retry_payment,1,23770.59
TX02194,C2091,15304.74,WALLET,abandoned,checkout_dropoff,1,1,138,8,5,0.62,1,7,2,send_reminder,1,15304.74
TX02195,C1718,43959.52,WALLET,success,none,0,0,123,5,0,0.0,1,7,0,none,1,43959.52
TX02196,C1773,42205.14,NETBANKING,success,none,0,0,272,19,5,0.26,0,0,0,none,1,42205.14
TX02197,C1638,33064.26,NETBANKING,failed,network_error,0,0,113,20,15,0.75,0,0,0,retry_payment,1,33064.26
TX02198,C2176,7508.24,CARD,success,none,0,0,449,8,4,0.5,0,0,0,none,1,7508.24
TX02199,C1382,33922.98,NETBANKING,success,none,0,0,524,6,5,0.83,0,0,0,none,1,33922.98
TX02200,C2164,25937.5,WALLET,success,none,0,0,424,13,4,0.31,0,0,0,none,1,25937.5
TX02201,C1423,42367.76,UPI,abandoned,checkout_dropoff,1,1,103,6,6,1.0,1,0,2,send_reminder,1,42367.76
TX02202,C0764,12507.3,UPI,success,none,0,0,421,2,1,0.5,1,0,0,none,1,12507.3
TX02203,C0982,24934.23,UPI,failed,timeout,3,0,64,2,0,0.0,0,0,0,retry_payment,0,0.0
TX02204,C0826,5430.72,WALLET,success,none,0,0,60,3,0,0.0,1,0,0,none,1,5430.72
TX02205,C0055,10650.86,WALLET,failed,bank_error,0,0,518,4,4,1.0,1,7,0,payment_link,1,10650.86
TX02206,C0430,44254.38,WALLET,failed,bank_error,2,0,62,17,8,0.47,0,0,1,payment_link,0,0.0
TX02207,C1912,41109.49,NETBANKING,failed,network_error,0,0,88,7,7,1.0,1,0,2,retry_payment,1,41109.49
TX02208,C0489,1327.16,CARD,success,none,0,0,464,17,0,0.0,1,0,0,none,1,1327.16
TX02209,C1917,30017.47,UPI,failed,technical_error,0,0,435,4,3,0.75,0,0,2,payment_link,1,30017.47
TX02210,C0455,39004.02,WALLET,abandoned,checkout_dropoff,1,1,142,7,6,0.86,1,0,1,payment_link,1,39004.02
TX02211,C1388,41907.56,UPI,success,none,0,0,439,18,3,0.17,0,0,0,none,1,41907.56
TX02212,C0746,39953.79,UPI,failed,timeout,2,0,370,15,1,0.07,0,0,0,retry_payment,0,0.0
TX02213,C1053,33522.66,NETBANKING,success,none,0,0,148,7,6,0.86,0,0,0,none,1,33522.66
TX02214,C0665,48519.84,UPI,success,none,0,0,48,13,9,0.69,1,1,0,none,1,48519.84
TX02215,C1868,13127.16,WALLET,success,none,0,0,463,12,1,0.08,1,1,0,none,1,13127.16
TX02216,C0485,12446.21,NETBANKING,failed,bank_error,0,0,339,2,2,1.0,0,0,1,payment_link,0,0.0
TX02217,C0595,19542.08,UPI,success,none,0,0,19,7,3,0.43,1,0,0,none,1,19542.08
TX02218,C2141,38388.82,CARD,success,none,0,0,226,4,4,1.0,0,0,0,none,1,38388.82
TX02219,C2368,7020.29,NETBANKING,success,none,0,0,235,1,0,0.0,1,15,0,none,1,7020.29
TX02220,C1742,30114.21,UPI,failed,insufficient_funds,1,0,57,5,0,0.0,1,15,2,send_reminder,0,0.0
TX02221,C1494,38229.8,WALLET,failed,technical_error,1,0,246,20,10,0.5,0,0,0,payment_link,1,38229.8
TX02222,C0383,356.39,UPI,failed,insufficient_funds,3,0,440,9,2,0.22,1,1,1,send_reminder,0,0.0
TX02223,C0501,16138.85,CARD,success,none,0,0,338,4,1,0.25,0,0,0,none,1,16138.85
TX02224,C1840,45398.85,NETBANKING,failed,bank_error,1,0,391,19,15,0.79,0,0,1,payment_link,1,45398.85
TX02225,C0634,18943.75,UPI,failed,timeout,3,0,174,8,6,0.75,0,0,0,retry_payment,0,0.0
TX02226,C1211,39381.04,WALLET,failed,insufficient_funds,2,0,442,15,14,0.93,0,0,0,send_reminder,1,39381.04
TX02227,C1809,5266.93,WALLET,success,none,0,0,522,15,3,0.2,1,0,0,none,1,5266.93
TX02228,C1080,37784.0,WALLET,success,none,0,0,245,16,1,0.06,0,0,0,none,1,37784.0
TX02229,C0401,24436.46,NETBANKING,abandoned,checkout_dropoff,4,1,26,6,3,0.5,1,7,1,send_reminder,0,0.0
TX02230,C1881,33651.6,WALLET,success,none,0,0,586,6,2,0.33,1,7,0,none,1,33651.6
TX02231,C1616,34325.51,WALLET,abandoned,checkout_dropoff,3,1,200,18,16,0.89,1,30,1,send_reminder,0,0.0
TX02232,C0558,712.22,WALLET,failed,bank_error,3,0,79,7,5,0.71,0,0,1,payment_link,0,0.0
TX02233,C1950,20994.93,CARD,success,none,0,0,138,7,6,0.86,1,1,0,none,1,20994.93
TX02234,C1665,44816.86,UPI,failed,timeout,4,0,412,19,7,0.37,0,0,0,retry_payment,0,0.0
TX02235,C1371,39052.57,CARD,success,none,0,0,365,1,0,0.0,1,0,0,none,1,39052.57
TX02236,C1713,37161.74,NETBANKING,success,none,0,0,470,14,4,0.29,0,0,0,none,1,37161.74
TX02237,C1288,9754.23,NETBANKING,success,none,0,0,69,16,16,1.0,1,0,0,none,1,9754.23
TX02238,C1389,17344.24,CARD,success,none,0,0,88,19,0,0.0,0,0,0,none,1,17344.24
TX02239,C2159,13131.66,CARD,success,none,0,0,422,5,3,0.6,0,0,0,none,1,13131.66
TX02240,C0739,3169.89,CARD,success,none,0,0,160,16,3,0.19,0,0,0,none,1,3169.89
TX02241,C0308,41828.65,NETBANKING,failed,technical_error,3,0,133,16,3,0.19,1,0,0,payment_link,0,0.0
TX02242,C2225,18723.06,NETBANKING,success,none,0,0,575,13,9,0.69,0,0,0,none,1,18723.06
TX02243,C0133,18864.89,UPI,failed,timeout,0,0,222,19,5,0.26,0,0,0,retry_payment,1,18864.89
TX02244,C1693,49746.11,UPI,success,none,0,0,282,6,5,0.83,1,0,0,none,1,49746.11
TX02245,C0318,3215.39,UPI,failed,technical_error,3,0,29,7,1,0.14,1,15,0,payment_link,0,0.0
TX02246,C1403,34325.49,UPI,success,none,0,0,213,7,2,0.29,1,7,0,none,1,34325.49
TX02247,C0752,12839.5,NETBANKING,success,none,0,0,239,4,3,0.75,0,0,0,none,1,12839.5
TX02248,C2307,14076.13,WALLET,success,none,0,0,257,18,0,0.0,0,0,0,none,1,14076.13
TX02249,C2306,1819.06,WALLET,failed,insufficient_funds,2,0,72,6,2,0.33,1,0,2,send_reminder,0,0.0
TX02250,C2477,11398.34,WALLET,failed,technical_error,1,0,563,3,1,0.33,0,0,0,payment_link,0,0.0
TX02251,C1426,32680.43,NETBANKING,abandoned,checkout_dropoff,4,1,449,2,0,0.0,1,3,1,send_reminder,1,32680.43
TX02252,C0704,22790.14,CARD,success,none,0,0,321,12,3,0.25,1,0,0,none,1,22790.14
TX02253,C2402,18807.01,WALLET,failed,timeout,4,0,455,10,0,0.0,1,3,1,retry_payment,0,0.0
TX02254,C1691,42355.08,UPI,success,none,0,0,568,1,0,0.0,0,0,0,none,1,42355.08
TX02255,C2438,2513.58,CARD,failed,insufficient_funds,2,0,253,20,1,0.05,1,0,0,send_reminder,0,0.0
TX02256,C2396,11413.49,CARD,success,none,0,0,207,8,3,0.38,0,0,0,none,1,11413.49
TX02257,C0027,47878.74,CARD,success,none,0,0,51,5,2,0.4,1,0,0,none,1,47878.74
TX02258,C0244,5853.4,CARD,abandoned,checkout_dropoff,2,1,346,2,0,0.0,1,1,0,send_reminder,0,0.0
TX02259,C0794,37801.64,CARD,success,none,0,0,176,10,3,0.3,1,15,0,none,1,37801.64
TX02260,C2426,21452.39,UPI,failed,network_error,2,0,587,18,7,0.39,0,0,0,retry_payment,0,0.0
TX02261,C1104,37682.4,UPI,success,none,0,0,68,15,10,0.67,1,0,0,none,1,37682.4
TX02262,C2463,30816.45,UPI,success,none,0,0,258,16,12,0.75,0,0,0,none,1,30816.45
TX02263,C0309,24159.88,NETBANKING,success,none,0,0,294,6,0,0.0,0,0,0,none,1,24159.88
TX02264,C1573,9276.17,NETBANKING,success,none,0,0,589,7,7,1.0,1,1,0,none,1,9276.17
TX02265,C0401,29380.65,CARD,success,none,0,0,87,8,1,0.12,1,0,0,none,1,29380.65
TX02266,C1642,6579.82,WALLET,failed,insufficient_funds,3,0,336,5,5,1.0,1,0,0,send_reminder,1,6579.82
TX02267,C0105,44539.74,WALLET,success,none,0,0,244,1,0,0.0,0,0,0,none,1,44539.74
TX02268,C2184,45138.81,NETBANKING,failed,insufficient_funds,0,0,205,6,5,0.83,0,0,2,send_reminder,1,45138.81
TX02269,C0944,43030.98,NETBANKING,success,none,0,0,106,9,3,0.33,0,0,0,none,1,43030.98
TX02270,C0412,29177.96,UPI,success,none,0,0,60,17,14,0.82,1,15,0,none,1,29177.96
TX02271,C1889,31958.02,NETBANKING,success,none,0,0,139,12,11,0.92,1,15,0,none,1,31958.02
TX02272,C0629,48543.24,CARD,failed,insufficient_funds,2,0,562,4,4,1.0,0,0,0,send_reminder,0,0.0
TX02273,C1240,38628.71,WALLET,success,none,0,0,451,16,12,0.75,0,0,0,none,1,38628.71
TX02274,C0856,44055.26,CARD,success,none,0,0,581,14,5,0.36,0,0,0,none,1,44055.26
TX02275,C1467,43655.83,UPI,success,none,0,0,488,18,9,0.5,1,0,0,none,1,43655.83
TX02276,C2129,16810.47,NETBANKING,failed,timeout,1,0,564,6,6,1.0,1,3,1,retry_payment,0,0.0
TX02277,C0553,20345.63,CARD,success,none,0,0,530,9,6,0.67,1,0,0,none,1,20345.63
TX02278,C2395,38990.15,NETBANKING,success,none,0,0,231,11,11,1.0,1,0,0,none,1,38990.15
TX02279,C2399,19711.15,CARD,success,none,0,0,368,1,0,0.0,0,0,0,none,1,19711.15
TX02280,C1445,36520.94,WALLET,success,none,0,0,317,15,5,0.33,1,0,0,none,1,36520.94
TX02281,C1032,44064.43,UPI,success,none,0,0,183,6,1,0.17,1,0,0,none,1,44064.43
TX02282,C2334,28755.2,UPI,failed,timeout,3,0,413,6,6,1.0,1,0,1,retry_payment,0,0.0
TX02283,C1633,212.29,NETBANKING,failed,network_error,4,0,379,14,3,0.21,0,0,0,retry_payment,0,0.0
TX02284,C1955,41830.5,UPI,success,none,0,0,247,20,2,0.1,0,0,0,none,1,41830.5
TX02285,C0346,28831.06,CARD,success,none,0,0,215,18,5,0.28,0,0,0,none,1,28831.06
TX02286,C0657,15034.36,WALLET,success,none,0,0,237,13,13,1.0,0,0,0,none,1,15034.36
TX02287,C0192,21109.63,UPI,abandoned,checkout_dropoff,1,1,482,16,1,0.06,1,0,2,send_reminder,1,21109.63
TX02288,C1713,41581.48,UPI,success,none,0,0,456,5,3,0.6,1,0,0,none,1,41581.48
TX02289,C2154,35718.77,NETBANKING,success,none,0,0,596,11,3,0.27,1,0,0,none,1,35718.77
TX02290,C1112,21298.23,WALLET,failed,bank_error,1,0,123,7,3,0.43,1,0,2,payment_link,0,0.0
TX02291,C1061,14299.09,UPI,abandoned,checkout_dropoff,2,1,150,7,1,0.14,1,0,2,send_reminder,1,14299.09
TX02292,C0806,23096.38,WALLET,success,none,0,0,407,17,11,0.65,1,30,0,none,1,23096.38
TX02293,C0130,21215.09,CARD,failed,timeout,2,0,194,20,1,0.05,1,15,0,retry_payment,0,0.0
TX02294,C1939,16524.13,NETBANKING,success,none,0,0,573,15,0,0.0,0,0,0,none,1,16524.13
TX02295,C2026,31062.18,CARD,success,none,0,0,197,2,0,0.0,1,1,0,none,1,31062.18
TX02296,C1824,15521.09,NETBANKING,success,none,0,0,518,6,1,0.17,1,0,0,none,1,15521.09
TX02297,C1374,39847.3,WALLET,success,none,0,0,469,19,0,0.0,0,0,0,none,1,39847.3
TX02298,C1471,43732.49,NETBANKING,failed,technical_error,1,0,438,18,18,1.0,0,0,1,payment_link,1,43732.49
TX02299,C0709,10053.43,WALLET,failed,insufficient_funds,0,0,22,1,1,1.0,0,0,1,send_reminder,0,0.0
TX02300,C1282,24189.1,NETBANKING,success,none,0,0,410,9,3,0.33,1,7,0,none,1,24189.1
TX02301,C2472,996.97,UPI,success,none,0,0,235,16,2,0.12,1,3,0,none,1,996.97
TX02302,C0205,15375.29,WALLET,failed,insufficient_funds,1,0,476,17,16,0.94,1,0,1,send_reminder,1,15375.29
TX02303,C1537,4301.25,WALLET,failed,insufficient_funds,3,0,272,14,13,0.93,1,0,0,send_reminder,0,0.0
TX02304,C1656,27761.94,UPI,success,none,0,0,314,3,2,0.67,0,0,0,none,1,27761.94
TX02305,C0245,7627.81,WALLET,abandoned,checkout_dropoff,1,1,600,4,0,0.0,1,0,2,send_reminder,0,0.0
TX02306,C1578,1217.61,CARD,success,none,0,0,448,2,1,0.5,0,0,0,none,1,1217.61
TX02307,C0934,35353.22,WALLET,success,none,0,0,445,19,16,0.84,0,0,0,none,1,35353.22
TX02308,C0866,1547.08,WALLET,success,none,0,0,226,1,1,1.0,1,3,0,none,1,1547.08
TX02309,C0493,27490.08,CARD,success,none,0,0,197,14,6,0.43,1,15,0,none,1,27490.08
TX02310,C1152,38849.86,UPI,failed,technical_error,4,0,529,14,5,0.36,0,0,1,payment_link,0,0.0
TX02311,C2449,40455.24,UPI,success,none,0,0,220,19,13,0.68,0,0,0,none,1,40455.24
TX02312,C1248,34050.92,CARD,failed,timeout,4,0,503,13,0,0.0,1,7,2,retry_payment,0,0.0
TX02313,C1322,42438.39,NETBANKING,success,none,0,0,152,4,3,0.75,0,0,0,none,1,42438.39
TX02314,C1075,32466.0,WALLET,failed,network_error,4,0,421,15,0,0.0,1,0,0,retry_payment,0,0.0
TX02315,C0251,38174.32,WALLET,failed,timeout,0,0,495,7,2,0.29,0,0,2,retry_payment,1,38174.32
TX02316,C2198,46538.34,WALLET,success,none,0,0,167,14,11,0.79,1,30,0,none,1,46538.34
TX02317,C0836,38676.23,CARD,success,none,0,0,478,1,1,1.0,1,1,0,none,1,38676.23
TX02318,C0703,20380.21,NETBANKING,success,none,0,0,221,19,17,0.89,0,0,0,none,1,20380.21
TX02319,C0357,33793.68,CARD,abandoned,checkout_dropoff,2,1,29,4,2,0.5,1,7,1,send_reminder,0,0.0
TX02320,C2453,9145.68,NETBANKING,failed,technical_error,1,0,12,12,4,0.33,0,0,1,payment_link,0,0.0
TX02321,C0951,28158.28,NETBANKING,failed,bank_error,0,0,160,3,3,1.0,0,0,2,payment_link,1,28158.28
TX02322,C0023,19440.96,WALLET,abandoned,checkout_dropoff,2,1,237,4,2,0.5,0,0,1,payment_link,0,0.0
TX02323,C2380,46066.2,CARD,abandoned,checkout_dropoff,4,1,105,11,0,0.0,0,0,0,send_reminder,0,0.0
TX02324,C1950,2909.08,CARD,success,none,0,0,315,2,1,0.5,0,0,0,none,1,2909.08
TX02325,C0834,1748.17,UPI,success,none,0,0,77,15,5,0.33,1,0,0,none,1,1748.17
TX02326,C0679,30111.79,WALLET,success,none,0,0,313,10,8,0.8,1,7,0,none,1,30111.79
TX02327,C0124,33093.57,UPI,success,none,0,0,538,17,10,0.59,0,0,0,none,1,33093.57
TX02328,C1913,31641.02,UPI,success,none,0,0,562,1,1,1.0,0,0,0,none,1,31641.02
TX02329,C2457,44251.0,WALLET,failed,bank_error,3,0,425,13,2,0.15,0,0,2,payment_link,0,0.0
TX02330,C0547,42065.46,CARD,success,none,0,0,477,2,2,1.0,0,0,0,none,1,42065.46
TX02331,C1726,9891.99,NETBANKING,success,none,0,0,233,11,9,0.82,1,1,0,none,1,9891.99
TX02332,C0754,32167.87,NETBANKING,abandoned,checkout_dropoff,3,1,16,3,1,0.33,0,0,2,send_reminder,0,0.0
TX02333,C0585,15053.18,NETBANKING,success,none,0,0,29,19,2,0.11,0,0,0,none,1,15053.18
TX02334,C0913,23034.76,CARD,success,none,0,0,574,9,9,1.0,1,0,0,none,1,23034.76
TX02335,C0241,12646.29,WALLET,success,none,0,0,469,1,0,0.0,1,0,0,none,1,12646.29
TX02336,C1304,6821.29,NETBANKING,success,none,0,0,373,8,6,0.75,1,1,0,none,1,6821.29
TX02337,C0325,35055.63,WALLET,failed,insufficient_funds,0,0,258,13,13,1.0,1,7,2,send_reminder,0,0.0
TX02338,C0602,6119.05,WALLET,abandoned,checkout_dropoff,1,1,540,12,4,0.33,1,0,0,payment_link,0,0.0
TX02339,C1753,2114.33,WALLET,failed,timeout,4,0,551,14,4,0.29,0,0,0,retry_payment,0,0.0
TX02340,C1528,29157.55,WALLET,abandoned,checkout_dropoff,1,1,148,2,1,0.5,0,0,1,send_reminder,1,29157.55
TX02341,C2309,31070.15,UPI,success,none,0,0,417,3,3,1.0,1,0,0,none,1,31070.15
TX02342,C1413,18972.38,CARD,success,none,0,0,571,8,3,0.38,1,7,0,none,1,18972.38
TX02343,C1956,43285.03,WALLET,success,none,0,0,485,16,14,0.88,0,0,0,none,1,43285.03
TX02344,C1525,45834.95,WALLET,success,none,0,0,134,8,4,0.5,0,0,0,none,1,45834.95
TX02345,C0201,26258.21,NETBANKING,failed,bank_error,0,0,345,7,3,0.43,0,0,0,payment_link,1,26258.21
TX02346,C1649,690.21,UPI,failed,insufficient_funds,2,0,60,15,12,0.8,0,0,2,send_reminder,0,0.0
TX02347,C0276,47837.88,NETBANKING,failed,bank_error,0,0,301,19,2,0.11,0,0,0,payment_link,1,47837.88
TX02348,C0837,25925.99,WALLET,success,none,0,0,566,16,4,0.25,0,0,0,none,1,25925.99
TX02349,C2423,30722.3,WALLET,success,none,0,0,402,10,2,0.2,0,0,0,none,1,30722.3
TX02350,C1216,45447.82,NETBANKING,success,none,0,0,164,2,2,1.0,0,0,0,none,1,45447.82
TX02351,C0957,16974.31,CARD,success,none,0,0,506,14,6,0.43,0,0,0,none,1,16974.31
TX02352,C1070,28023.23,WALLET,success,none,0,0,592,18,1,0.06,1,0,0,none,1,28023.23
TX02353,C0540,43991.47,UPI,success,none,0,0,383,8,0,0.0,1,1,0,none,1,43991.47
TX02354,C1676,5205.1,WALLET,success,none,0,0,501,5,5,1.0,1,7,0,none,1,5205.1
TX02355,C0028,15619.08,NETBANKING,success,none,0,0,133,6,2,0.33,0,0,0,none,1,15619.08
TX02356,C0298,32901.09,WALLET,failed,insufficient_funds,3,0,109,1,0,0.0,1,0,0,send_reminder,1,32901.09
TX02357,C0301,24917.19,NETBANKING,success,none,0,0,439,3,1,0.33,0,0,0,none,1,24917.19
TX02358,C0601,34811.49,UPI,success,none,0,0,538,16,6,0.38,0,0,0,none,1,34811.49
TX02359,C1883,2207.68,NETBANKING,failed,insufficient_funds,2,0,291,15,9,0.6,0,0,1,send_reminder,0,0.0
TX02360,C1767,1478.5,WALLET,failed,bank_error,2,0,77,1,1,1.0,1,0,2,payment_link,0,0.0
TX02361,C0293,39364.09,UPI,abandoned,checkout_dropoff,4,1,375,3,3,1.0,0,0,2,payment_link,0,0.0
TX02362,C1422,4107.16,NETBANKING,success,none,0,0,271,2,2,1.0,0,0,0,none,1,4107.16
TX02363,C2287,39780.34,UPI,success,none,0,0,567,3,0,0.0,1,15,0,none,1,39780.34
TX02364,C1851,13176.49,WALLET,failed,bank_error,4,0,129,13,0,0.0,1,7,1,payment_link,1,13176.49
TX02365,C0047,29474.04,UPI,failed,insufficient_funds,2,0,130,18,8,0.44,0,0,0,send_reminder,0,0.0
TX02366,C2475,46171.35,CARD,success,none,0,0,562,1,0,0.0,1,0,0,none,1,46171.35
TX02367,C0657,38405.57,UPI,success,none,0,0,390,18,17,0.94,1,3,0,none,1,38405.57
TX02368,C1142,31491.43,UPI,failed,timeout,4,0,22,5,3,0.6,1,0,2,retry_payment,0,0.0
TX02369,C1385,4709.04,WALLET,success,none,0,0,457,20,6,0.3,0,0,0,none,1,4709.04
TX02370,C0970,17258.78,WALLET,success,none,0,0,66,7,7,1.0,1,0,0,none,1,17258.78
TX02371,C0085,25256.25,UPI,failed,technical_error,3,0,53,17,17,1.0,1,30,0,payment_link,1,25256.25
TX02372,C0169,48956.59,UPI,success,none,0,0,104,18,9,0.5,0,0,0,none,1,48956.59
TX02373,C0324,4775.4,CARD,failed,technical_error,0,0,108,11,8,0.73,1,1,1,payment_link,1,4775.4
TX02374,C0668,40057.06,CARD,success,none,0,0,132,4,4,1.0,1,0,0,none,1,40057.06
TX02375,C1863,39976.28,CARD,success,none,0,0,331,8,7,0.88,0,0,0,none,1,39976.28
TX02376,C1950,23974.87,NETBANKING,success,none,0,0,295,10,7,0.7,0,0,0,none,1,23974.87
TX02377,C2179,34009.03,CARD,abandoned,checkout_dropoff,1,1,91,15,2,0.13,1,0,2,payment_link,0,0.0
TX02378,C1389,36513.89,NETBANKING,success,none,0,0,507,13,6,0.46,0,0,0,none,1,36513.89
TX02379,C1669,9154.14,NETBANKING,failed,timeout,3,0,12,12,3,0.25,0,0,0,retry_payment,0,0.0
TX02380,C1575,3868.89,NETBANKING,success,none,0,0,392,16,14,0.88,0,0,0,none,1,3868.89
TX02381,C0886,45361.11,WALLET,success,none,0,0,63,13,3,0.23,0,0,0,none,1,45361.11
TX02382,C1623,19911.33,WALLET,failed,insufficient_funds,0,0,142,17,2,0.12,1,0,2,send_reminder,1,19911.33
TX02383,C2408,6210.01,CARD,success,none,0,0,131,6,0,0.0,0,0,0,none,1,6210.01
TX02384,C0119,7329.49,CARD,success,none,0,0,278,11,2,0.18,0,0,0,none,1,7329.49
TX02385,C1885,37897.41,WALLET,failed,insufficient_funds,1,0,124,19,5,0.26,1,0,2,send_reminder,0,0.0
TX02386,C1763,2341.3,WALLET,success,none,0,0,514,10,10,1.0,1,0,0,none,1,2341.3
TX02387,C1120,49077.83,CARD,success,none,0,0,302,18,9,0.5,1,15,0,none,1,49077.83
TX02388,C0923,25786.98,UPI,success,none,0,0,584,4,4,1.0,1,0,0,none,1,25786.98
TX02389,C1436,26563.75,NETBANKING,failed,insufficient_funds,2,0,417,13,2,0.15,0,0,2,send_reminder,0,0.0
TX02390,C1520,7640.52,WALLET,success,none,0,0,63,11,11,1.0,1,0,0,none,1,7640.52
TX02391,C0962,48481.47,WALLET,success,none,0,0,440,5,2,0.4,1,0,0,none,1,48481.47
TX02392,C0043,14957.37,CARD,failed,technical_error,0,0,144,7,5,0.71,0,0,1,payment_link,1,14957.37
TX02393,C0112,3736.11,CARD,failed,network_error,3,0,245,3,3,1.0,1,7,1,retry_payment,0,0.0
TX02394,C1734,2887.64,WALLET,success,none,0,0,392,5,1,0.2,1,0,0,none,1,2887.64
TX02395,C0857,12415.69,NETBANKING,success,none,0,0,590,9,0,0.0,1,30,0,none,1,12415.69
TX02396,C1497,10846.95,NETBANKING,failed,technical_error,4,0,65,11,11,1.0,1,0,0,payment_link,0,0.0
TX02397,C2150,31933.81,WALLET,success,none,0,0,317,13,9,0.69,0,0,0,none,1,31933.81
TX02398,C1760,16638.87,UPI,success,none,0,0,209,11,11,1.0,1,0,0,none,1,16638.87
TX02399,C2292,23108.3,UPI,success,none,0,0,489,2,0,0.0,0,0,0,none,1,23108.3
TX02400,C1959,42408.74,UPI,success,none,0,0,260,1,0,0.0,0,0,0,none,1,42408.74
TX02401,C0672,1471.57,NETBANKING,success,none,0,0,257,7,3,0.43,0,0,0,none,1,1471.57
TX02402,C2473,34990.43,CARD,failed,bank_error,1,0,589,13,4,0.31,1,0,0,payment_link,0,0.0
TX02403,C1320,12155.64,CARD,failed,technical_error,3,0,201,9,2,0.22,1,0,2,payment_link,1,12155.64
TX02404,C0654,11346.95,NETBANKING,failed,network_error,1,0,254,6,0,0.0,0,0,0,retry_payment,1,11346.95
TX02405,C0268,21279.34,CARD,success,none,0,0,189,17,8,0.47,1,0,0,none,1,21279.34
TX02406,C1217,24833.27,UPI,success,none,0,0,547,5,4,0.8,0,0,0,none,1,24833.27
TX02407,C1980,16703.69,NETBANKING,failed,insufficient_funds,2,0,360,5,3,0.6,0,0,1,send_reminder,0,0.0
TX02408,C1326,21933.59,UPI,success,none,0,0,236,4,0,0.0,0,0,0,none,1,21933.59
TX02409,C1612,39472.4,CARD,success,none,0,0,168,6,6,1.0,1,30,0,none,1,39472.4
TX02410,C0617,45697.83,WALLET,success,none,0,0,488,7,3,0.43,0,0,0,none,1,45697.83
TX02411,C1697,44357.8,UPI,abandoned,checkout_dropoff,3,1,315,16,0,0.0,1,0,1,send_reminder,1,44357.8
TX02412,C0142,16885.89,NETBANKING,success,none,0,0,525,10,2,0.2,1,0,0,none,1,16885.89
TX02413,C0154,32087.6,NETBANKING,failed,bank_error,3,0,286,1,1,1.0,1,7,0,payment_link,1,32087.6
TX02414,C1754,22781.47,CARD,success,none,0,0,12,14,13,0.93,0,0,0,none,1,22781.47
TX02415,C0057,42169.93,CARD,failed,bank_error,4,0,375,13,12,0.92,1,30,1,payment_link,0,0.0
TX02416,C2350,22501.27,NETBANKING,success,none,0,0,223,4,4,1.0,0,0,0,none,1,22501.27
TX02417,C2405,35009.34,WALLET,failed,timeout,2,0,89,9,9,1.0,1,0,2,retry_payment,0,0.0
TX02418,C1291,40730.61,UPI,failed,timeout,1,0,156,14,12,0.86,1,0,2,retry_payment,1,40730.61
TX02419,C0912,48772.91,NETBANKING,failed,network_error,1,0,113,6,5,0.83,0,0,0,retry_payment,1,48772.91
TX02420,C1350,30872.71,NETBANKING,success,none,0,0,26,1,0,0.0,0,0,0,none,1,30872.71
TX02421,C1845,21959.48,CARD,success,none,0,0,207,19,16,0.84,1,30,0,none,1,21959.48
TX02422,C1230,8796.72,CARD,success,none,0,0,482,17,15,0.88,0,0,0,none,1,8796.72
TX02423,C2103,38762.69,CARD,abandoned,checkout_dropoff,1,1,219,15,15,1.0,0,0,1,send_reminder,0,0.0
TX02424,C0277,19519.06,UPI,success,none,0,0,88,7,4,0.57,1,0,0,none,1,19519.06
TX02425,C1916,37430.15,NETBANKING,success,none,0,0,342,17,13,0.76,1,1,0,none,1,37430.15
TX02426,C2324,38797.21,WALLET,success,none,0,0,564,8,0,0.0,1,0,0,none,1,38797.21
TX02427,C1618,40238.45,UPI,failed,network_error,4,0,154,14,1,0.07,1,0,0,retry_payment,0,0.0
TX02428,C0406,21050.99,NETBANKING,abandoned,checkout_dropoff,3,1,528,14,4,0.29,1,0,1,send_reminder,1,21050.99
TX02429,C2022,17732.84,CARD,success,none,0,0,451,9,0,0.0,0,0,0,none,1,17732.84
TX02430,C0215,19443.46,WALLET,success,none,0,0,434,17,4,0.24,1,3,0,none,1,19443.46
TX02431,C1464,3750.3,WALLET,success,none,0,0,342,4,1,0.25,0,0,0,none,1,3750.3
TX02432,C1052,43106.43,NETBANKING,success,none,0,0,534,19,19,1.0,1,30,0,none,1,43106.43
TX02433,C0021,7357.27,CARD,success,none,0,0,426,18,13,0.72,0,0,0,none,1,7357.27
TX02434,C2100,38821.47,NETBANKING,failed,network_error,0,0,473,1,0,0.0,1,0,1,retry_payment,0,0.0
TX02435,C1097,7863.37,CARD,success,none,0,0,431,2,0,0.0,0,0,0,none,1,7863.37
TX02436,C1364,36619.84,CARD,success,none,0,0,294,3,1,0.33,1,3,0,none,1,36619.84
TX02437,C0050,29277.31,WALLET,success,none,0,0,497,20,15,0.75,1,0,0,none,1,29277.31
TX02438,C1118,16964.44,CARD,success,none,0,0,122,7,5,0.71,1,1,0,none,1,16964.44
TX02439,C2158,856.49,NETBANKING,abandoned,checkout_dropoff,3,1,219,12,12,1.0,1,7,2,send_reminder,0,0.0
TX02440,C0059,28737.24,WALLET,success,none,0,0,238,19,8,0.42,0,0,0,none,1,28737.24
TX02441,C1380,29307.0,UPI,success,none,0,0,452,1,0,0.0,1,0,0,none,1,29307.0
TX02442,C0182,40111.25,UPI,success,none,0,0,553,20,4,0.2,1,1,0,none,1,40111.25
TX02443,C0072,23538.46,NETBANKING,success,none,0,0,242,4,4,1.0,1,3,0,none,1,23538.46
TX02444,C1930,14428.0,WALLET,success,none,0,0,384,4,2,0.5,0,0,0,none,1,14428.0
TX02445,C2104,44987.83,NETBANKING,abandoned,checkout_dropoff,4,1,172,7,0,0.0,0,0,2,send_reminder,0,0.0
TX02446,C1624,34877.3,NETBANKING,success,none,0,0,440,6,1,0.17,0,0,0,none,1,34877.3
TX02447,C0690,48559.49,WALLET,success,none,0,0,379,18,12,0.67,1,0,0,none,1,48559.49
TX02448,C1721,41964.45,NETBANKING,abandoned,checkout_dropoff,1,1,111,15,6,0.4,0,0,2,send_reminder,1,41964.45
TX02449,C0876,32928.72,UPI,success,none,0,0,552,3,3,1.0,0,0,0,none,1,32928.72
TX02450,C1208,38991.18,WALLET,failed,insufficient_funds,4,0,329,14,9,0.64,0,0,0,send_reminder,0,0.0
TX02451,C0965,6849.17,CARD,success,none,0,0,495,4,3,0.75,0,0,0,none,1,6849.17
TX02452,C0621,44218.39,CARD,success,none,0,0,596,2,0,0.0,1,0,0,none,1,44218.39
TX02453,C1118,43671.47,WALLET,success,none,0,0,575,9,7,0.78,1,1,0,none,1,43671.47
TX02454,C1063,3715.95,WALLET,success,none,0,0,331,11,3,0.27,0,0,0,none,1,3715.95
TX02455,C2231,27131.19,UPI,failed,bank_error,3,0,536,3,2,0.67,0,0,2,payment_link,1,27131.19
TX02456,C0238,27979.75,NETBANKING,success,none,0,0,409,6,3,0.5,0,0,0,none,1,27979.75
TX02457,C2071,13326.01,WALLET,success,none,0,0,547,1,0,0.0,0,0,0,none,1,13326.01
TX02458,C1962,20049.97,CARD,success,none,0,0,418,4,1,0.25,0,0,0,none,1,20049.97
TX02459,C2469,1587.29,NETBANKING,failed,timeout,4,0,112,5,4,0.8,1,7,0,retry_payment,0,0.0
TX02460,C2093,38397.4,UPI,success,none,0,0,510,1,1,1.0,1,3,0,none,1,38397.4
TX02461,C2442,2025.07,UPI,success,none,0,0,145,8,7,0.88,0,0,0,none,1,2025.07
TX02462,C2415,27830.88,WALLET,success,none,0,0,246,8,4,0.5,1,3,0,none,1,27830.88
TX02463,C2489,45125.58,UPI,success,none,0,0,333,2,1,0.5,1,0,0,none,1,45125.58
TX02464,C2094,30786.33,CARD,abandoned,checkout_dropoff,1,1,356,12,11,0.92,1,0,2,send_reminder,1,30786.33
TX02465,C0416,38343.92,CARD,success,none,0,0,347,11,10,0.91,0,0,0,none,1,38343.92
TX02466,C1304,22110.92,UPI,success,none,0,0,105,17,15,0.88,0,0,0,none,1,22110.92
TX02467,C2116,13837.65,NETBANKING,success,none,0,0,328,12,8,0.67,0,0,0,none,1,13837.65
TX02468,C0429,48598.56,NETBANKING,success,none,0,0,504,2,2,1.0,0,0,0,none,1,48598.56
TX02469,C0625,46823.21,NETBANKING,failed,bank_error,3,0,558,15,3,0.2,1,1,2,payment_link,0,0.0
TX02470,C2465,3917.46,UPI,success,none,0,0,458,15,14,0.93,0,0,0,none,1,3917.46
TX02471,C0583,11759.61,NETBANKING,failed,insufficient_funds,2,0,446,17,9,0.53,1,0,1,send_reminder,1,11759.61
TX02472,C0102,45765.98,CARD,failed,technical_error,3,0,315,1,0,0.0,1,0,1,payment_link,1,45765.98
TX02473,C1966,11087.76,WALLET,success,none,0,0,223,4,2,0.5,1,0,0,none,1,11087.76
TX02474,C0657,30150.71,CARD,failed,bank_error,0,0,531,13,8,0.62,0,0,0,payment_link,0,0.0
TX02475,C2314,41527.34,NETBANKING,success,none,0,0,321,6,6,1.0,0,0,0,none,1,41527.34
TX02476,C0929,8917.51,UPI,success,none,0,0,391,3,2,0.67,1,1,0,none,1,8917.51
TX02477,C2389,21756.45,WALLET,success,none,0,0,487,7,4,0.57,1,7,0,none,1,21756.45
TX02478,C1929,35509.15,WALLET,success,none,0,0,135,12,11,0.92,1,1,0,none,1,35509.15
TX02479,C0338,46094.59,WALLET,success,none,0,0,127,14,1,0.07,1,0,0,none,1,46094.59
TX02480,C0054,47425.57,CARD,success,none,0,0,106,13,9,0.69,0,0,0,none,1,47425.57
TX02481,C1175,44583.77,UPI,success,none,0,0,317,9,7,0.78,1,3,0,none,1,44583.77
TX02482,C0240,35320.62,NETBANKING,failed,bank_error,3,0,470,10,0,0.0,0,0,2,payment_link,0,0.0
TX02483,C0514,26893.52,NETBANKING,failed,bank_error,1,0,39,5,3,0.6,1,30,2,payment_link,0,0.0
TX02484,C2397,19346.65,CARD,success,none,0,0,203,14,6,0.43,1,0,0,none,1,19346.65
TX02485,C2457,37363.49,WALLET,success,none,0,0,89,1,0,0.0,1,3,0,none,1,37363.49
TX02486,C0986,14038.67,UPI,success,none,0,0,141,5,5,1.0,0,0,0,none,1,14038.67
TX02487,C1101,30763.18,UPI,success,none,0,0,223,15,13,0.87,0,0,0,none,1,30763.18
TX02488,C1725,24513.46,UPI,success,none,0,0,473,20,2,0.1,1,0,0,none,1,24513.46
TX02489,C1247,13948.69,WALLET,success,none,0,0,310,1,0,0.0,0,0,0,none,1,13948.69
TX02490,C1005,38887.83,NETBANKING,success,none,0,0,321,13,5,0.38,1,15,0,none,1,38887.83
TX02491,C0574,43453.97,WALLET,failed,network_error,4,0,402,8,7,0.88,0,0,1,retry_payment,0,0.0
TX02492,C0894,3510.92,NETBANKING,failed,technical_error,4,0,352,12,9,0.75,0,0,1,payment_link,1,3510.92
TX02493,C1797,18906.33,NETBANKING,failed,insufficient_funds,4,0,56,1,0,0.0,1,0,1,send_reminder,1,18906.33
TX02494,C1407,3364.58,CARD,failed,insufficient_funds,2,0,271,18,12,0.67,1,0,2,send_reminder,0,0.0
TX02495,C0937,28718.61,NETBANKING,success,none,0,0,256,8,1,0.12,1,15,0,none,1,28718.61
TX02496,C1131,19022.93,UPI,success,none,0,0,503,10,9,0.9,0,0,0,none,1,19022.93
TX02497,C0610,18008.39,UPI,success,none,0,0,478,17,16,0.94,1,1,0,none,1,18008.39
TX02498,C1298,10840.08,CARD,failed,network_error,2,0,24,19,10,0.53,1,0,1,retry_payment,0,0.0
TX02499,C1784,21361.31,CARD,success,none,0,0,551,12,8,0.67,0,0,0,none,1,21361.31
TX02500,C0245,5175.28,WALLET,abandoned,checkout_dropoff,0,1,329,7,1,0.14,1,0,1,payment_link,1,5175.28
TX02501,C1972,26836.06,CARD,success,none,0,0,25,16,2,0.12,1,0,0,none,1,26836.06
TX02502,C1661,31616.92,NETBANKING,success,none,0,0,141,11,7,0.64,0,0,0,none,1,31616.92
TX02503,C1666,32187.28,UPI,success,none,0,0,448,19,6,0.32,0,0,0,none,1,32187.28
TX02504,C0296,18739.93,NETBANKING,success,none,0,0,210,1,1,1.0,0,0,0,none,1,18739.93
TX02505,C0217,9397.37,UPI,success,none,0,0,524,14,13,0.93,1,30,0,none,1,9397.37
TX02506,C1373,45515.69,UPI,failed,bank_error,1,0,305,4,0,0.0,1,7,1,payment_link,1,45515.69
TX02507,C1968,2026.08,NETBANKING,success,none,0,0,337,19,18,0.95,0,0,0,none,1,2026.08
TX02508,C0079,4953.33,WALLET,success,none,0,0,265,7,2,0.29,0,0,0,none,1,4953.33
TX02509,C0556,42673.45,NETBANKING,success,none,0,0,337,8,2,0.25,0,0,0,none,1,42673.45
TX02510,C0722,2550.14,WALLET,success,none,0,0,38,4,4,1.0,0,0,0,none,1,2550.14
TX02511,C0310,5870.82,CARD,success,none,0,0,324,7,3,0.43,0,0,0,none,1,5870.82
TX02512,C0789,11545.68,CARD,success,none,0,0,539,13,1,0.08,0,0,0,none,1,11545.68
TX02513,C0649,12314.2,NETBANKING,success,none,0,0,431,10,5,0.5,0,0,0,none,1,12314.2
TX02514,C0888,15353.11,WALLET,success,none,0,0,315,20,14,0.7,1,7,0,none,1,15353.11
TX02515,C0710,13332.7,WALLET,success,none,0,0,284,6,5,0.83,0,0,0,none,1,13332.7
TX02516,C2390,47547.63,CARD,success,none,0,0,474,16,7,0.44,1,3,0,none,1,47547.63
TX02517,C2254,31921.42,NETBANKING,success,none,0,0,493,8,5,0.62,1,7,0,none,1,31921.42
TX02518,C0378,16863.5,CARD,abandoned,checkout_dropoff,3,1,389,11,9,0.82,0,0,1,send_reminder,1,16863.5
TX02519,C0646,18612.65,CARD,failed,timeout,0,0,436,14,4,0.29,0,0,1,retry_payment,1,18612.65
TX02520,C0898,12610.84,NETBANKING,success,none,0,0,462,9,6,0.67,1,3,0,none,1,12610.84
TX02521,C0956,17035.58,WALLET,success,none,0,0,600,18,10,0.56,0,0,0,none,1,17035.58
TX02522,C0632,14623.88,WALLET,success,none,0,0,164,10,1,0.1,1,0,0,none,1,14623.88
TX02523,C0642,32119.49,WALLET,abandoned,checkout_dropoff,4,1,239,11,4,0.36,0,0,1,send_reminder,1,32119.49
TX02524,C2049,37504.33,CARD,failed,network_error,3,0,113,13,11,0.85,0,0,1,retry_payment,0,0.0
TX02525,C2317,23625.37,CARD,success,none,0,0,569,3,3,1.0,0,0,0,none,1,23625.37
TX02526,C1452,43050.12,UPI,success,none,0,0,537,7,7,1.0,0,0,0,none,1,43050.12
TX02527,C0120,12393.19,WALLET,failed,technical_error,1,0,398,2,1,0.5,0,0,0,payment_link,0,0.0
TX02528,C0391,13838.71,WALLET,failed,timeout,0,0,579,5,3,0.6,1,1,0,retry_payment,1,13838.71
TX02529,C1170,20031.95,CARD,success,none,0,0,314,15,12,0.8,0,0,0,none,1,20031.95
TX02530,C1325,32193.73,CARD,failed,bank_error,3,0,313,12,12,1.0,1,0,2,payment_link,0,0.0
TX02531,C0446,23108.47,NETBANKING,success,none,0,0,414,19,8,0.42,0,0,0,none,1,23108.47
TX02532,C0450,9239.8,WALLET,failed,technical_error,2,0,590,15,2,0.13,1,0,1,payment_link,0,0.0
TX02533,C2256,11364.98,NETBANKING,success,none,0,0,123,2,0,0.0,1,0,0,none,1,11364.98
TX02534,C1434,39306.31,UPI,success,none,0,0,262,19,19,1.0,1,3,0,none,1,39306.31
TX02535,C0139,38118.65,UPI,success,none,0,0,247,9,4,0.44,0,0,0,none,1,38118.65
TX02536,C1951,45898.57,WALLET,failed,bank_error,2,0,556,4,2,0.5,0,0,2,payment_link,0,0.0
TX02537,C1087,4612.82,UPI,abandoned,checkout_dropoff,3,1,515,20,6,0.3,0,0,2,payment_link,0,0.0
TX02538,C0374,5365.73,UPI,abandoned,checkout_dropoff,4,1,95,1,0,0.0,1,3,0,payment_link,0,0.0
TX02539,C0617,26575.91,WALLET,failed,network_error,3,0,567,2,2,1.0,0,0,2,retry_payment,0,0.0
TX02540,C2467,2169.86,NETBANKING,success,none,0,0,215,9,8,0.89,1,0,0,none,1,2169.86
TX02541,C1070,44430.13,UPI,success,none,0,0,212,3,3,1.0,0,0,0,none,1,44430.13
TX02542,C1959,28360.62,UPI,success,none,0,0,112,7,6,0.86,0,0,0,none,1,28360.62
TX02543,C0328,16331.49,WALLET,success,none,0,0,98,16,3,0.19,0,0,0,none,1,16331.49
TX02544,C0554,39178.01,UPI,success,none,0,0,326,1,0,0.0,1,15,0,none,1,39178.01
TX02545,C0018,8246.28,UPI,success,none,0,0,132,5,4,0.8,1,15,0,none,1,8246.28
TX02546,C1226,15992.27,WALLET,abandoned,checkout_dropoff,0,1,228,14,7,0.5,1,0,0,send_reminder,0,0.0
TX02547,C2479,3773.03,UPI,success,none,0,0,521,10,9,0.9,0,0,0,none,1,3773.03
TX02548,C1553,6281.29,NETBANKING,success,none,0,0,165,4,2,0.5,1,15,0,none,1,6281.29
TX02549,C0312,35557.33,UPI,abandoned,checkout_dropoff,1,1,349,2,1,0.5,1,30,1,payment_link,0,0.0
TX02550,C2245,12812.89,NETBANKING,success,none,0,0,340,6,6,1.0,1,3,0,none,1,12812.89
TX02551,C0308,300.43,NETBANKING,success,none,0,0,76,15,8,0.53,1,0,0,none,1,300.43
TX02552,C2477,14259.86,CARD,abandoned,checkout_dropoff,0,1,388,4,4,1.0,1,0,1,send_reminder,0,0.0
TX02553,C0853,18407.89,NETBANKING,failed,bank_error,3,0,98,15,4,0.27,1,0,1,payment_link,0,0.0
TX02554,C1660,18474.52,NETBANKING,success,none,0,0,18,16,0,0.0,0,0,0,none,1,18474.52
TX02555,C0340,14844.2,NETBANKING,success,none,0,0,237,1,1,1.0,1,15,0,none,1,14844.2
TX02556,C1068,2218.16,WALLET,failed,network_error,0,0,13,14,6,0.43,0,0,0,retry_payment,1,2218.16
TX02557,C1991,6951.67,CARD,success,none,0,0,427,6,1,0.17,0,0,0,none,1,6951.67
TX02558,C0499,17688.48,CARD,success,none,0,0,156,18,4,0.22,0,0,0,none,1,17688.48
TX02559,C0717,27892.11,NETBANKING,success,none,0,0,294,16,10,0.62,0,0,0,none,1,27892.11
TX02560,C2155,9791.72,NETBANKING,success,none,0,0,289,3,0,0.0,1,0,0,none,1,9791.72
TX02561,C0475,11563.02,UPI,failed,bank_error,2,0,40,11,3,0.27,1,30,0,payment_link,0,0.0
TX02562,C0675,38353.94,CARD,abandoned,checkout_dropoff,0,1,457,10,1,0.1,1,30,1,payment_link,0,0.0
TX02563,C2148,12165.15,CARD,abandoned,checkout_dropoff,0,1,84,1,1,1.0,0,0,2,send_reminder,0,0.0
TX02564,C1350,12280.72,UPI,success,none,0,0,139,17,3,0.18,1,0,0,none,1,12280.72
TX02565,C2277,20617.52,WALLET,success,none,0,0,141,18,1,0.06,0,0,0,none,1,20617.52
TX02566,C0349,32149.66,CARD,success,none,0,0,237,12,7,0.58,0,0,0,none,1,32149.66
TX02567,C0932,23340.03,UPI,failed,network_error,1,0,465,9,3,0.33,1,1,1,retry_payment,1,23340.03
TX02568,C2264,16293.51,NETBANKING,abandoned,checkout_dropoff,2,1,595,10,0,0.0,1,0,2,payment_link,0,0.0
TX02569,C1761,28408.65,UPI,failed,insufficient_funds,1,0,542,20,17,0.85,1,0,0,send_reminder,1,28408.65
TX02570,C1592,16711.66,WALLET,success,none,0,0,473,9,5,0.56,1,15,0,none,1,16711.66
TX02571,C0340,20073.85,CARD,success,none,0,0,105,8,6,0.75,0,0,0,none,1,20073.85
TX02572,C1225,29469.75,UPI,success,none,0,0,235,1,1,1.0,0,0,0,none,1,29469.75
TX02573,C1962,36199.72,CARD,success,none,0,0,417,10,4,0.4,1,0,0,none,1,36199.72
TX02574,C2044,43012.13,CARD,success,none,0,0,19,18,9,0.5,0,0,0,none,1,43012.13
TX02575,C0985,37248.54,NETBANKING,success,none,0,0,318,17,0,0.0,0,0,0,none,1,37248.54
TX02576,C1122,4184.82,CARD,success,none,0,0,348,11,3,0.27,1,1,0,none,1,4184.82
TX02577,C1342,26821.94,NETBANKING,success,none,0,0,39,13,2,0.15,1,1,0,none,1,26821.94
TX02578,C1552,944.33,NETBANKING,success,none,0,0,473,2,0,0.0,0,0,0,none,1,944.33
TX02579,C0908,32926.52,NETBANKING,failed,insufficient_funds,2,0,195,8,1,0.12,1,1,0,send_reminder,0,0.0
TX02580,C2152,19466.37,UPI,success,none,0,0,153,20,13,0.65,1,0,0,none,1,19466.37
TX02581,C2458,4714.16,CARD,success,none,0,0,312,6,4,0.67,0,0,0,none,1,4714.16
TX02582,C0537,1516.85,UPI,success,none,0,0,564,6,0,0.0,1,3,0,none,1,1516.85
TX02583,C2419,8969.43,WALLET,success,none,0,0,224,16,0,0.0,1,0,0,none,1,8969.43
TX02584,C0517,41006.45,UPI,abandoned,checkout_dropoff,0,1,246,19,5,0.26,0,0,1,send_reminder,0,0.0
TX02585,C0032,9410.34,UPI,success,none,0,0,59,4,4,1.0,0,0,0,none,1,9410.34
TX02586,C0998,10739.99,CARD,success,none,0,0,508,3,0,0.0,0,0,0,none,1,10739.99
TX02587,C0239,32377.16,CARD,failed,insufficient_funds,3,0,111,13,2,0.15,0,0,1,send_reminder,0,0.0
TX02588,C1151,35060.69,UPI,success,none,0,0,387,12,9,0.75,1,0,0,none,1,35060.69
TX02589,C1842,29052.48,CARD,success,none,0,0,302,12,11,0.92,0,0,0,none,1,29052.48
TX02590,C0560,37196.41,UPI,abandoned,checkout_dropoff,3,1,486,18,2,0.11,1,0,1,send_reminder,1,37196.41
TX02591,C1004,22308.11,UPI,success,none,0,0,371,7,1,0.14,0,0,0,none,1,22308.11
TX02592,C1849,48706.94,WALLET,abandoned,checkout_dropoff,3,1,358,2,1,0.5,0,0,1,send_reminder,0,0.0
TX02593,C0275,6426.08,CARD,success,none,0,0,338,16,1,0.06,1,3,0,none,1,6426.08
TX02594,C0246,7962.81,CARD,success,none,0,0,126,13,7,0.54,1,0,0,none,1,7962.81
TX02595,C1958,31704.03,CARD,success,none,0,0,148,5,1,0.2,1,0,0,none,1,31704.03
TX02596,C1458,29371.53,UPI,failed,technical_error,4,0,301,17,11,0.65,1,0,0,payment_link,1,29371.53
TX02597,C1172,42320.99,NETBANKING,success,none,0,0,51,1,0,0.0,1,7,0,none,1,42320.99
TX02598,C1007,28575.92,CARD,failed,network_error,1,0,156,9,6,0.67,1,1,1,retry_payment,1,28575.92
TX02599,C1557,30707.77,CARD,abandoned,checkout_dropoff,4,1,274,4,3,0.75,0,0,2,send_reminder,1,30707.77
TX02600,C0294,44142.76,NETBANKING,failed,timeout,1,0,52,4,0,0.0,1,3,1,retry_payment,1,44142.76
TX02601,C1447,8350.64,WALLET,success,none,0,0,198,14,7,0.5,0,0,0,none,1,8350.64
TX02602,C1511,3367.96,CARD,success,none,0,0,296,11,5,0.45,0,0,0,none,1,3367.96
TX02603,C1020,24552.65,NETBANKING,failed,insufficient_funds,3,0,490,14,4,0.29,1,1,0,send_reminder,0,0.0
TX02604,C0675,14078.37,NETBANKING,failed,network_error,0,0,324,14,10,0.71,0,0,1,retry_payment,1,14078.37
TX02605,C2370,6654.77,WALLET,success,none,0,0,556,11,1,0.09,0,0,0,none,1,6654.77
TX02606,C0223,43345.13,CARD,failed,technical_error,3,0,193,20,7,0.35,1,3,2,payment_link,0,0.0
TX02607,C0883,13018.55,NETBANKING,failed,network_error,1,0,599,4,2,0.5,1,15,0,retry_payment,1,13018.55
TX02608,C0763,7537.74,CARD,success,none,0,0,515,15,0,0.0,1,15,0,none,1,7537.74
TX02609,C2019,36207.37,WALLET,failed,bank_error,2,0,129,17,9,0.53,0,0,0,payment_link,0,0.0
TX02610,C0943,32556.56,CARD,success,none,0,0,473,18,4,0.22,0,0,0,none,1,32556.56
TX02611,C0791,22346.43,CARD,failed,timeout,2,0,334,3,3,1.0,1,0,2,retry_payment,0,0.0
TX02612,C1824,785.19,CARD,success,none,0,0,234,5,4,0.8,1,0,0,none,1,785.19
TX02613,C0463,3554.71,CARD,failed,bank_error,0,0,60,17,9,0.53,1,0,2,payment_link,0,0.0
TX02614,C0834,10388.72,CARD,success,none,0,0,472,19,12,0.63,0,0,0,none,1,10388.72
TX02615,C2087,8486.0,WALLET,success,none,0,0,97,7,6,0.86,0,0,0,none,1,8486.0
TX02616,C1375,32077.73,NETBANKING,success,none,0,0,302,14,14,1.0,0,0,0,none,1,32077.73
TX02617,C0099,28202.1,NETBANKING,abandoned,checkout_dropoff,2,1,591,2,0,0.0,0,0,1,payment_link,1,28202.1
TX02618,C0384,45423.22,CARD,success,none,0,0,10,3,0,0.0,1,0,0,none,1,45423.22
TX02619,C0450,23864.63,UPI,success,none,0,0,59,7,0,0.0,1,0,0,none,1,23864.63
TX02620,C0280,3250.31,UPI,success,none,0,0,75,12,6,0.5,1,15,0,none,1,3250.31
TX02621,C1393,3977.22,CARD,failed,bank_error,4,0,115,9,8,0.89,0,0,1,payment_link,1,3977.22
TX02622,C1310,17742.73,UPI,success,none,0,0,22,4,3,0.75,1,0,0,none,1,17742.73
TX02623,C1833,5677.49,WALLET,success,none,0,0,46,3,0,0.0,0,0,0,none,1,5677.49
TX02624,C1895,39557.43,UPI,success,none,0,0,549,18,6,0.33,1,3,0,none,1,39557.43
TX02625,C1786,4851.76,NETBANKING,success,none,0,0,408,14,12,0.86,1,0,0,none,1,4851.76
TX02626,C2330,28650.06,WALLET,success,none,0,0,543,7,3,0.43,0,0,0,none,1,28650.06
TX02627,C1696,3470.51,UPI,failed,network_error,2,0,559,7,5,0.71,0,0,1,retry_payment,0,0.0
TX02628,C1461,32252.47,UPI,success,none,0,0,442,11,7,0.64,0,0,0,none,1,32252.47
TX02629,C2235,18606.95,NETBANKING,abandoned,checkout_dropoff,1,1,531,6,2,0.33,0,0,0,send_reminder,1,18606.95
TX02630,C0387,23512.6,WALLET,success,none,0,0,54,3,2,0.67,1,15,0,none,1,23512.6
TX02631,C1753,27493.04,CARD,success,none,0,0,217,1,0,0.0,1,0,0,none,1,27493.04
TX02632,C1893,9102.72,WALLET,success,none,0,0,583,8,4,0.5,1,0,0,none,1,9102.72
TX02633,C1520,40588.11,UPI,success,none,0,0,138,17,11,0.65,1,0,0,none,1,40588.11
TX02634,C0978,420.03,WALLET,failed,network_error,4,0,587,16,4,0.25,0,0,2,retry_payment,0,0.0
TX02635,C1871,38323.18,CARD,success,none,0,0,180,16,15,0.94,1,0,0,none,1,38323.18
TX02636,C0475,6219.35,NETBANKING,success,none,0,0,141,16,16,1.0,1,0,0,none,1,6219.35
TX02637,C2469,3261.63,WALLET,abandoned,checkout_dropoff,1,1,84,2,0,0.0,1,0,1,send_reminder,0,0.0
TX02638,C0888,44444.71,UPI,success,none,0,0,505,15,15,1.0,0,0,0,none,1,44444.71
TX02639,C1750,46746.84,WALLET,success,none,0,0,383,20,13,0.65,1,7,0,none,1,46746.84
TX02640,C1650,38529.33,WALLET,success,none,0,0,396,17,7,0.41,0,0,0,none,1,38529.33
TX02641,C1178,38993.14,UPI,success,none,0,0,385,5,1,0.2,1,30,0,none,1,38993.14
TX02642,C1556,34171.11,NETBANKING,success,none,0,0,479,20,6,0.3,0,0,0,none,1,34171.11
TX02643,C0521,41921.87,UPI,failed,bank_error,4,0,23,15,0,0.0,1,3,0,payment_link,0,0.0
TX02644,C1726,2693.43,UPI,success,none,0,0,127,3,2,0.67,0,0,0,none,1,2693.43
TX02645,C0394,2384.04,WALLET,failed,bank_error,3,0,19,1,0,0.0,0,0,2,payment_link,0,0.0
TX02646,C2343,35944.84,NETBANKING,failed,insufficient_funds,4,0,476,18,6,0.33,0,0,2,send_reminder,1,35944.84
TX02647,C2050,35743.75,NETBANKING,success,none,0,0,101,20,5,0.25,0,0,0,none,1,35743.75
TX02648,C1162,28608.66,WALLET,success,none,0,0,268,13,3,0.23,1,30,0,none,1,28608.66
TX02649,C1587,42682.58,CARD,failed,network_error,1,0,103,16,4,0.25,1,0,2,retry_payment,1,42682.58
TX02650,C0582,15656.82,NETBANKING,success,none,0,0,180,16,4,0.25,1,0,0,none,1,15656.82
TX02651,C0141,34522.46,CARD,success,none,0,0,410,2,0,0.0,1,3,0,none,1,34522.46
TX02652,C1545,39537.55,NETBANKING,success,none,0,0,34,18,10,0.56,1,0,0,none,1,39537.55
TX02653,C0587,24876.26,UPI,success,none,0,0,217,2,2,1.0,0,0,0,none,1,24876.26
TX02654,C0961,16149.36,WALLET,failed,bank_error,3,0,215,1,0,0.0,0,0,0,payment_link,1,16149.36
TX02655,C2414,2810.28,CARD,success,none,0,0,464,17,3,0.18,0,0,0,none,1,2810.28
TX02656,C1269,42709.67,UPI,success,none,0,0,246,11,11,1.0,1,0,0,none,1,42709.67
TX02657,C2228,44062.9,CARD,success,none,0,0,61,20,7,0.35,0,0,0,none,1,44062.9
TX02658,C1076,35372.6,WALLET,success,none,0,0,100,8,6,0.75,1,0,0,none,1,35372.6
TX02659,C0102,25689.88,UPI,success,none,0,0,150,14,8,0.57,0,0,0,none,1,25689.88
TX02660,C1429,42681.87,NETBANKING,failed,insufficient_funds,3,0,13,12,11,0.92,0,0,0,send_reminder,1,42681.87
TX02661,C0149,48978.01,CARD,failed,bank_error,0,0,453,16,6,0.38,1,1,0,payment_link,1,48978.01
TX02662,C0388,27973.44,UPI,failed,bank_error,3,0,248,16,13,0.81,1,1,0,payment_link,0,0.0
TX02663,C1662,40652.27,WALLET,success,none,0,0,110,17,15,0.88,1,0,0,none,1,40652.27
TX02664,C0514,32978.46,CARD,success,none,0,0,251,14,8,0.57,1,0,0,none,1,32978.46
TX02665,C1625,43979.07,CARD,success,none,0,0,421,6,4,0.67,0,0,0,none,1,43979.07
TX02666,C0754,21370.69,WALLET,success,none,0,0,537,1,0,0.0,1,1,0,none,1,21370.69
TX02667,C0351,47490.2,NETBANKING,success,none,0,0,573,20,17,0.85,0,0,0,none,1,47490.2
TX02668,C1900,14713.41,CARD,failed,timeout,4,0,118,5,2,0.4,1,1,1,retry_payment,0,0.0
TX02669,C1905,7784.24,NETBANKING,abandoned,checkout_dropoff,3,1,399,10,0,0.0,0,0,2,send_reminder,0,0.0
TX02670,C0101,15990.97,UPI,abandoned,checkout_dropoff,2,1,137,15,3,0.2,1,0,0,payment_link,0,0.0
TX02671,C2418,47871.85,NETBANKING,failed,insufficient_funds,0,0,557,18,14,0.78,0,0,1,send_reminder,0,0.0
TX02672,C2153,21540.82,UPI,failed,insufficient_funds,0,0,14,20,5,0.25,1,0,0,send_reminder,0,0.0
TX02673,C2142,47405.13,WALLET,success,none,0,0,484,2,2,1.0,0,0,0,none,1,47405.13
TX02674,C0069,38742.28,CARD,success,none,0,0,114,5,2,0.4,0,0,0,none,1,38742.28
TX02675,C0262,32258.55,WALLET,failed,network_error,3,0,291,6,4,0.67,0,0,1,retry_payment,0,0.0
TX02676,C2461,17362.55,CARD,success,none,0,0,203,14,9,0.64,0,0,0,none,1,17362.55
TX02677,C0488,31772.6,UPI,success,none,0,0,52,1,1,1.0,0,0,0,none,1,31772.6
TX02678,C0082,47032.92,NETBANKING,failed,technical_error,3,0,152,9,9,1.0,1,0,2,payment_link,1,47032.92
TX02679,C1181,49708.29,NETBANKING,success,none,0,0,104,9,4,0.44,1,30,0,none,1,49708.29
TX02680,C2448,18500.43,WALLET,failed,technical_error,2,0,60,13,8,0.62,1,7,1,payment_link,1,18500.43
TX02681,C1037,46999.27,CARD,success,none,0,0,77,9,6,0.67,1,15,0,none,1,46999.27
TX02682,C2198,33200.47,WALLET,success,none,0,0,536,7,4,0.57,0,0,0,none,1,33200.47
TX02683,C1216,28165.9,CARD,failed,insufficient_funds,4,0,449,6,6,1.0,1,7,1,send_reminder,1,28165.9
TX02684,C1228,25975.74,CARD,success,none,0,0,481,16,11,0.69,1,0,0,none,1,25975.74
TX02685,C2081,45074.39,NETBANKING,success,none,0,0,428,20,17,0.85,0,0,0,none,1,45074.39
TX02686,C1032,15178.15,WALLET,abandoned,checkout_dropoff,2,1,558,2,1,0.5,0,0,0,send_reminder,1,15178.15
TX02687,C1480,49727.4,UPI,success,none,0,0,554,9,6,0.67,1,0,0,none,1,49727.4
TX02688,C0034,2746.6,CARD,success,none,0,0,210,19,1,0.05,1,0,0,none,1,2746.6
TX02689,C2008,45367.88,NETBANKING,success,none,0,0,363,1,0,0.0,0,0,0,none,1,45367.88
TX02690,C0260,21201.16,NETBANKING,success,none,0,0,369,4,2,0.5,0,0,0,none,1,21201.16
TX02691,C0544,34518.56,UPI,success,none,0,0,361,1,0,0.0,0,0,0,none,1,34518.56
TX02692,C1277,10643.94,CARD,failed,bank_error,3,0,281,8,3,0.38,1,1,1,payment_link,0,0.0
TX02693,C0771,4117.73,UPI,success,none,0,0,254,12,9,0.75,0,0,0,none,1,4117.73
TX02694,C1126,49689.18,CARD,success,none,0,0,199,15,8,0.53,0,0,0,none,1,49689.18
TX02695,C2259,21819.73,WALLET,abandoned,checkout_dropoff,2,1,123,2,2,1.0,1,0,2,payment_link,1,21819.73
TX02696,C1434,17558.37,NETBANKING,abandoned,checkout_dropoff,2,1,451,2,2,1.0,0,0,0,payment_link,1,17558.37
TX02697,C1953,33345.0,NETBANKING,success,none,0,0,376,11,10,0.91,0,0,0,none,1,33345.0
TX02698,C1859,34987.17,WALLET,success,none,0,0,200,18,3,0.17,1,0,0,none,1,34987.17
TX02699,C1014,22224.64,WALLET,success,none,0,0,153,3,2,0.67,1,0,0,none,1,22224.64
TX02700,C1734,36013.26,CARD,failed,insufficient_funds,0,0,187,14,0,0.0,1,1,2,send_reminder,0,0.0
TX02701,C1811,19734.3,UPI,success,none,0,0,70,14,9,0.64,0,0,0,none,1,19734.3
TX02702,C0344,30254.67,WALLET,success,none,0,0,250,20,19,0.95,1,30,0,none,1,30254.67
TX02703,C1786,37287.64,UPI,success,none,0,0,43,11,11,1.0,0,0,0,none,1,37287.64
TX02704,C0513,45736.1,WALLET,success,none,0,0,112,6,6,1.0,0,0,0,none,1,45736.1
TX02705,C1149,39125.9,UPI,success,none,0,0,362,3,2,0.67,0,0,0,none,1,39125.9
TX02706,C0235,7433.43,CARD,success,none,0,0,385,2,2,1.0,0,0,0,none,1,7433.43
TX02707,C2265,8950.07,CARD,success,none,0,0,271,5,3,0.6,1,7,0,none,1,8950.07
TX02708,C1809,19054.12,CARD,success,none,0,0,75,4,2,0.5,1,1,0,none,1,19054.12
TX02709,C1169,31509.8,CARD,failed,timeout,1,0,316,8,6,0.75,1,0,0,retry_payment,0,0.0
TX02710,C0643,33290.73,WALLET,success,none,0,0,119,11,0,0.0,1,0,0,none,1,33290.73
TX02711,C2395,5911.68,WALLET,success,none,0,0,409,11,1,0.09,1,0,0,none,1,5911.68
TX02712,C0663,25559.83,WALLET,success,none,0,0,95,2,2,1.0,1,0,0,none,1,25559.83
TX02713,C0638,8005.2,CARD,success,none,0,0,87,11,7,0.64,0,0,0,none,1,8005.2
TX02714,C1887,21870.44,WALLET,success,none,0,0,37,12,2,0.17,1,0,0,none,1,21870.44
TX02715,C1811,32244.77,NETBANKING,failed,timeout,0,0,392,7,0,0.0,1,0,0,retry_payment,1,32244.77
TX02716,C0025,6720.42,WALLET,failed,timeout,1,0,583,16,1,0.06,0,0,1,retry_payment,0,0.0
TX02717,C1419,44048.79,CARD,success,none,0,0,525,13,7,0.54,1,0,0,none,1,44048.79
TX02718,C0195,13755.59,CARD,success,none,0,0,480,12,4,0.33,0,0,0,none,1,13755.59
TX02719,C2198,35606.97,CARD,success,none,0,0,444,18,16,0.89,0,0,0,none,1,35606.97
TX02720,C0183,3960.75,CARD,failed,bank_error,3,0,186,3,0,0.0,1,0,1,payment_link,1,3960.75
TX02721,C0247,5207.39,NETBANKING,success,none,0,0,12,4,1,0.25,0,0,0,none,1,5207.39
TX02722,C1482,39845.49,CARD,success,none,0,0,573,7,1,0.14,1,1,0,none,1,39845.49
TX02723,C1684,11268.73,UPI,success,none,0,0,588,3,3,1.0,0,0,0,none,1,11268.73
TX02724,C1559,30091.59,WALLET,failed,timeout,2,0,507,14,7,0.5,0,0,0,retry_payment,0,0.0
TX02725,C0176,1352.11,CARD,success,none,0,0,112,2,1,0.5,0,0,0,none,1,1352.11
TX02726,C1871,5884.17,CARD,success,none,0,0,383,1,1,1.0,0,0,0,none,1,5884.17
TX02727,C0739,10991.24,UPI,success,none,0,0,92,4,4,1.0,0,0,0,none,1,10991.24
TX02728,C1085,39967.67,NETBANKING,success,none,0,0,382,14,9,0.64,1,0,0,none,1,39967.67
TX02729,C1620,17337.03,WALLET,failed,timeout,1,0,474,14,7,0.5,0,0,1,retry_payment,1,17337.03
TX02730,C0477,34467.31,WALLET,failed,technical_error,1,0,372,13,1,0.08,0,0,1,payment_link,0,0.0
TX02731,C1805,27286.36,UPI,success,none,0,0,516,7,7,1.0,0,0,0,none,1,27286.36
TX02732,C0802,27314.64,WALLET,failed,network_error,1,0,153,7,4,0.57,1,30,1,retry_payment,1,27314.64
TX02733,C1562,8960.26,WALLET,success,none,0,0,233,1,1,1.0,0,0,0,none,1,8960.26
TX02734,C0294,40315.69,WALLET,failed,insufficient_funds,1,0,114,12,2,0.17,1,1,1,send_reminder,1,40315.69
TX02735,C2179,36908.67,CARD,failed,technical_error,2,0,500,1,1,1.0,1,0,2,payment_link,1,36908.67
TX02736,C1588,29739.13,WALLET,abandoned,checkout_dropoff,1,1,396,18,17,0.94,0,0,2,payment_link,1,29739.13
TX02737,C0901,24423.78,CARD,success,none,0,0,242,3,2,0.67,0,0,0,none,1,24423.78
TX02738,C0594,39017.32,UPI,failed,bank_error,3,0,69,13,5,0.38,0,0,0,payment_link,1,39017.32
TX02739,C1083,2684.0,CARD,success,none,0,0,93,18,14,0.78,0,0,0,none,1,2684.0
TX02740,C0526,25775.44,NETBANKING,success,none,0,0,541,7,0,0.0,0,0,0,none,1,25775.44
TX02741,C2198,5887.79,WALLET,failed,technical_error,2,0,468,17,16,0.94,1,7,1,payment_link,1,5887.79
TX02742,C2383,30792.16,UPI,success,none,0,0,148,4,3,0.75,0,0,0,none,1,30792.16
TX02743,C0453,14102.14,WALLET,failed,technical_error,2,0,539,4,4,1.0,0,0,0,payment_link,0,0.0
TX02744,C1773,4033.08,CARD,success,none,0,0,330,14,13,0.93,0,0,0,none,1,4033.08
TX02745,C0388,49659.04,CARD,failed,bank_error,4,0,482,12,5,0.42,1,7,1,payment_link,0,0.0
TX02746,C0424,21043.91,NETBANKING,success,none,0,0,233,16,16,1.0,0,0,0,none,1,21043.91
TX02747,C0364,28783.15,CARD,success,none,0,0,64,13,8,0.62,0,0,0,none,1,28783.15
TX02748,C0194,5868.67,CARD,success,none,0,0,23,16,2,0.12,1,30,0,none,1,5868.67
TX02749,C1426,9588.55,CARD,success,none,0,0,237,7,6,0.86,0,0,0,none,1,9588.55
TX02750,C0992,4028.71,NETBANKING,success,none,0,0,47,2,1,0.5,0,0,0,none,1,4028.71
TX02751,C0994,23915.84,CARD,success,none,0,0,312,12,8,0.67,1,1,0,none,1,23915.84
TX02752,C1400,34803.26,CARD,failed,timeout,4,0,136,5,3,0.6,1,30,0,retry_payment,0,0.0
TX02753,C2473,31679.46,CARD,abandoned,checkout_dropoff,2,1,118,15,8,0.53,0,0,0,payment_link,1,31679.46
TX02754,C1041,41637.16,WALLET,failed,network_error,1,0,202,13,12,0.92,0,0,2,retry_payment,1,41637.16
TX02755,C1619,11816.89,NETBANKING,success,none,0,0,110,7,4,0.57,1,0,0,none,1,11816.89
TX02756,C1286,19602.67,UPI,success,none,0,0,18,16,12,0.75,1,7,0,none,1,19602.67
TX02757,C0189,32600.49,WALLET,failed,insufficient_funds,2,0,561,15,4,0.27,1,15,2,send_reminder,1,32600.49
TX02758,C2480,43338.93,UPI,success,none,0,0,202,11,10,0.91,0,0,0,none,1,43338.93
TX02759,C1715,20142.91,UPI,success,none,0,0,221,7,7,1.0,0,0,0,none,1,20142.91
TX02760,C1757,22750.5,WALLET,failed,network_error,3,0,241,10,0,0.0,0,0,1,retry_payment,0,0.0
TX02761,C0544,32592.72,CARD,failed,insufficient_funds,0,0,547,8,0,0.0,1,3,2,send_reminder,1,32592.72
TX02762,C0962,21807.2,NETBANKING,abandoned,checkout_dropoff,0,1,567,4,2,0.5,1,0,2,send_reminder,0,0.0
TX02763,C1109,7934.01,UPI,success,none,0,0,296,8,5,0.62,0,0,0,none,1,7934.01
TX02764,C2462,15520.99,WALLET,success,none,0,0,103,4,4,1.0,1,3,0,none,1,15520.99
TX02765,C1378,20943.12,NETBANKING,success,none,0,0,599,10,1,0.1,1,0,0,none,1,20943.12
TX02766,C0789,31125.66,UPI,failed,technical_error,0,0,337,10,10,1.0,0,0,1,payment_link,1,31125.66
TX02767,C0383,34281.98,UPI,success,none,0,0,193,13,13,1.0,0,0,0,none,1,34281.98
TX02768,C0290,1552.64,CARD,success,none,0,0,337,20,8,0.4,0,0,0,none,1,1552.64
TX02769,C2368,29762.89,CARD,success,none,0,0,188,8,7,0.88,1,3,0,none,1,29762.89
TX02770,C1773,29237.68,WALLET,success,none,0,0,181,19,11,0.58,0,0,0,none,1,29237.68
TX02771,C0950,26955.52,UPI,success,none,0,0,105,3,1,0.33,0,0,0,none,1,26955.52
TX02772,C0945,39215.39,NETBANKING,success,none,0,0,162,10,0,0.0,1,0,0,none,1,39215.39
TX02773,C0728,25716.89,CARD,success,none,0,0,205,7,4,0.57,0,0,0,none,1,25716.89
TX02774,C0976,13016.24,WALLET,success,none,0,0,549,13,6,0.46,1,3,0,none,1,13016.24
TX02775,C2080,21845.96,NETBANKING,failed,bank_error,2,0,265,18,5,0.28,1,30,2,payment_link,0,0.0
TX02776,C1351,17307.57,WALLET,success,none,0,0,358,1,1,1.0,0,0,0,none,1,17307.57
TX02777,C2292,31753.36,NETBANKING,success,none,0,0,501,1,0,0.0,1,7,0,none,1,31753.36
TX02778,C2479,43706.5,WALLET,success,none,0,0,224,11,9,0.82,0,0,0,none,1,43706.5
TX02779,C1927,20361.91,UPI,success,none,0,0,137,18,16,0.89,0,0,0,none,1,20361.91
TX02780,C0019,2074.25,NETBANKING,success,none,0,0,573,17,14,0.82,0,0,0,none,1,2074.25
TX02781,C1126,49300.56,WALLET,failed,timeout,3,0,450,15,8,0.53,1,0,2,retry_payment,0,0.0
TX02782,C0437,22987.29,UPI,failed,technical_error,4,0,62,3,2,0.67,1,15,0,payment_link,1,22987.29
TX02783,C2145,13183.36,WALLET,success,none,0,0,411,16,11,0.69,1,0,0,none,1,13183.36
TX02784,C1335,202.57,NETBANKING,success,none,0,0,527,14,0,0.0,0,0,0,none,1,202.57
TX02785,C1575,24671.46,NETBANKING,success,none,0,0,195,7,4,0.57,0,0,0,none,1,24671.46
TX02786,C1508,30612.67,WALLET,success,none,0,0,345,1,1,1.0,1,7,0,none,1,30612.67
TX02787,C0069,32356.51,WALLET,success,none,0,0,600,8,7,0.88,1,0,0,none,1,32356.51
TX02788,C0556,41276.24,NETBANKING,abandoned,checkout_dropoff,4,1,455,3,3,1.0,0,0,0,send_reminder,0,0.0
TX02789,C1232,47956.51,CARD,success,none,0,0,256,18,10,0.56,1,0,0,none,1,47956.51
TX02790,C0707,37827.38,NETBANKING,success,none,0,0,83,14,12,0.86,0,0,0,none,1,37827.38
TX02791,C2119,32411.89,CARD,failed,technical_error,4,0,63,13,3,0.23,1,1,2,payment_link,1,32411.89
TX02792,C0347,1282.44,UPI,failed,bank_error,3,0,572,19,12,0.63,1,0,2,payment_link,0,0.0
TX02793,C0854,276.38,NETBANKING,success,none,0,0,525,12,2,0.17,1,0,0,none,1,276.38
TX02794,C2148,18927.18,WALLET,success,none,0,0,231,13,5,0.38,1,0,0,none,1,18927.18
TX02795,C0796,37418.42,CARD,success,none,0,0,298,7,4,0.57,1,1,0,none,1,37418.42
TX02796,C2449,19000.49,CARD,success,none,0,0,560,3,1,0.33,0,0,0,none,1,19000.49
TX02797,C0911,18665.03,WALLET,success,none,0,0,58,15,7,0.47,0,0,0,none,1,18665.03
TX02798,C1829,15212.37,NETBANKING,success,none,0,0,448,6,5,0.83,1,15,0,none,1,15212.37
TX02799,C1590,12401.15,WALLET,success,none,0,0,330,2,2,1.0,1,7,0,none,1,12401.15
TX02800,C1086,39221.12,NETBANKING,success,none,0,0,303,8,4,0.5,1,0,0,none,1,39221.12
TX02801,C1451,42452.39,WALLET,failed,insufficient_funds,0,0,255,16,12,0.75,1,0,0,send_reminder,1,42452.39
TX02802,C1087,43631.54,UPI,abandoned,checkout_dropoff,3,1,441,15,11,0.73,0,0,1,send_reminder,0,0.0
TX02803,C0819,15042.77,UPI,success,none,0,0,492,7,3,0.43,0,0,0,none,1,15042.77
TX02804,C2410,3097.8,UPI,success,none,0,0,57,19,8,0.42,0,0,0,none,1,3097.8
TX02805,C1676,18755.51,NETBANKING,failed,bank_error,1,0,307,9,5,0.56,0,0,1,payment_link,0,0.0
TX02806,C1732,18399.76,NETBANKING,abandoned,checkout_dropoff,1,1,143,14,6,0.43,0,0,0,payment_link,0,0.0
TX02807,C1066,23427.47,UPI,success,none,0,0,261,10,9,0.9,1,7,0,none,1,23427.47
TX02808,C0319,4117.49,WALLET,failed,network_error,0,0,570,4,2,0.5,0,0,1,retry_payment,0,0.0
TX02809,C1134,20209.29,UPI,success,none,0,0,323,16,14,0.88,1,15,0,none,1,20209.29
TX02810,C2092,32213.24,WALLET,success,none,0,0,10,9,7,0.78,1,0,0,none,1,32213.24
TX02811,C1571,27468.49,CARD,failed,network_error,2,0,146,12,6,0.5,1,30,2,retry_payment,0,0.0
TX02812,C1536,1035.44,UPI,success,none,0,0,178,8,3,0.38,0,0,0,none,1,1035.44
TX02813,C0740,28797.73,CARD,success,none,0,0,302,1,1,1.0,1,7,0,none,1,28797.73
TX02814,C0992,31232.46,WALLET,success,none,0,0,169,3,2,0.67,0,0,0,none,1,31232.46
TX02815,C1453,3548.19,UPI,success,none,0,0,395,2,1,0.5,1,0,0,none,1,3548.19
TX02816,C0998,10818.06,UPI,success,none,0,0,522,11,2,0.18,1,0,0,none,1,10818.06
TX02817,C1239,41415.17,UPI,success,none,0,0,278,10,1,0.1,0,0,0,none,1,41415.17
TX02818,C0682,45832.93,CARD,failed,technical_error,1,0,375,3,3,1.0,1,0,1,payment_link,0,0.0
TX02819,C1963,15261.83,CARD,success,none,0,0,218,12,1,0.08,0,0,0,none,1,15261.83
TX02820,C0036,7239.44,NETBANKING,success,none,0,0,438,11,8,0.73,0,0,0,none,1,7239.44
TX02821,C1431,10659.86,NETBANKING,success,none,0,0,131,16,10,0.62,1,15,0,none,1,10659.86
TX02822,C0238,40480.53,NETBANKING,failed,network_error,1,0,577,13,5,0.38,1,7,0,retry_payment,0,0.0
TX02823,C1544,23143.63,CARD,success,none,0,0,220,4,4,1.0,0,0,0,none,1,23143.63
TX02824,C1275,26718.18,UPI,success,none,0,0,52,2,0,0.0,0,0,0,none,1,26718.18
TX02825,C1058,43334.2,CARD,success,none,0,0,187,10,2,0.2,0,0,0,none,1,43334.2
TX02826,C2492,43839.82,WALLET,failed,bank_error,0,0,114,6,0,0.0,1,0,1,payment_link,0,0.0
TX02827,C0372,49509.28,NETBANKING,failed,network_error,1,0,265,3,2,0.67,1,0,0,retry_payment,0,0.0
TX02828,C1314,11328.16,CARD,success,none,0,0,324,10,0,0.0,1,0,0,none,1,11328.16
TX02829,C0361,33651.59,UPI,failed,timeout,3,0,379,20,17,0.85,1,3,1,retry_payment,0,0.0
TX02830,C1310,22939.6,WALLET,success,none,0,0,322,11,4,0.36,0,0,0,none,1,22939.6
TX02831,C2288,37150.73,CARD,success,none,0,0,110,5,3,0.6,1,0,0,none,1,37150.73
TX02832,C0226,20965.41,UPI,abandoned,checkout_dropoff,0,1,33,14,1,0.07,1,30,0,send_reminder,0,0.0
TX02833,C0071,3131.9,CARD,success,none,0,0,266,5,5,1.0,0,0,0,none,1,3131.9
TX02834,C1657,26870.25,WALLET,failed,bank_error,1,0,95,16,11,0.69,1,0,2,payment_link,0,0.0
TX02835,C2329,38999.02,CARD,success,none,0,0,208,9,7,0.78,0,0,0,none,1,38999.02
TX02836,C0016,753.9,CARD,success,none,0,0,370,16,4,0.25,0,0,0,none,1,753.9
TX02837,C2258,31439.4,UPI,failed,bank_error,1,0,41,2,2,1.0,1,15,1,payment_link,1,31439.4
TX02838,C2021,36803.8,NETBANKING,failed,timeout,3,0,135,5,4,0.8,1,0,1,retry_payment,0,0.0
TX02839,C0763,45068.19,UPI,success,none,0,0,534,1,0,0.0,1,0,0,none,1,45068.19
TX02840,C1557,2387.11,UPI,success,none,0,0,196,9,0,0.0,1,7,0,none,1,2387.11
TX02841,C1231,44343.16,NETBANKING,success,none,0,0,418,20,10,0.5,0,0,0,none,1,44343.16
TX02842,C2374,1360.03,UPI,success,none,0,0,527,11,6,0.55,1,30,0,none,1,1360.03
TX02843,C1064,10371.04,UPI,abandoned,checkout_dropoff,2,1,372,14,12,0.86,0,0,1,payment_link,1,10371.04
TX02844,C2175,25531.22,WALLET,failed,technical_error,2,0,445,20,19,0.95,0,0,1,payment_link,1,25531.22
TX02845,C0215,20951.19,CARD,failed,bank_error,4,0,33,3,0,0.0,0,0,0,payment_link,0,0.0
TX02846,C1145,24203.32,NETBANKING,failed,technical_error,0,0,25,7,0,0.0,0,0,2,payment_link,1,24203.32
TX02847,C1051,42870.53,NETBANKING,failed,timeout,1,0,593,10,4,0.4,0,0,0,retry_payment,1,42870.53
TX02848,C1064,23088.15,UPI,abandoned,checkout_dropoff,1,1,325,15,4,0.27,0,0,2,send_reminder,0,0.0
TX02849,C1675,23816.76,UPI,failed,insufficient_funds,1,0,139,13,7,0.54,0,0,1,send_reminder,0,0.0
TX02850,C2092,38005.13,WALLET,failed,timeout,3,0,349,13,11,0.85,0,0,2,retry_payment,0,0.0
TX02851,C0684,18504.49,CARD,failed,bank_error,4,0,178,18,0,0.0,0,0,0,payment_link,0,0.0
TX02852,C1006,18801.13,UPI,success,none,0,0,532,17,10,0.59,1,1,0,none,1,18801.13
TX02853,C1221,34139.12,WALLET,success,none,0,0,429,16,16,1.0,0,0,0,none,1,34139.12
TX02854,C1636,14071.39,CARD,success,none,0,0,285,9,9,1.0,1,7,0,none,1,14071.39
TX02855,C1946,16869.2,UPI,success,none,0,0,215,3,3,1.0,1,15,0,none,1,16869.2
TX02856,C1351,30065.07,CARD,abandoned,checkout_dropoff,4,1,510,9,8,0.89,1,30,0,payment_link,0,0.0
TX02857,C1193,48542.48,WALLET,failed,bank_error,3,0,464,11,1,0.09,0,0,2,payment_link,0,0.0
TX02858,C2020,21335.16,NETBANKING,success,none,0,0,426,12,12,1.0,1,0,0,none,1,21335.16
TX02859,C1468,38976.76,WALLET,success,none,0,0,124,20,12,0.6,1,1,0,none,1,38976.76
TX02860,C1749,12031.63,UPI,abandoned,checkout_dropoff,0,1,589,7,5,0.71,0,0,1,payment_link,0,0.0
TX02861,C0786,41888.76,UPI,failed,insufficient_funds,4,0,496,5,1,0.2,1,0,2,send_reminder,0,0.0
TX02862,C0881,15404.42,CARD,success,none,0,0,430,18,1,0.06,1,0,0,none,1,15404.42
TX02863,C0202,47754.9,UPI,success,none,0,0,218,7,4,0.57,0,0,0,none,1,47754.9
TX02864,C0295,41957.57,NETBANKING,failed,technical_error,1,0,393,17,12,0.71,1,30,1,payment_link,1,41957.57
TX02865,C1337,13208.49,WALLET,failed,insufficient_funds,1,0,167,13,0,0.0,1,0,2,send_reminder,1,13208.49
TX02866,C1651,31723.0,CARD,success,none,0,0,59,11,11,1.0,0,0,0,none,1,31723.0
TX02867,C1619,46273.91,NETBANKING,success,none,0,0,74,4,4,1.0,0,0,0,none,1,46273.91
TX02868,C2174,41086.38,NETBANKING,success,none,0,0,167,17,11,0.65,0,0,0,none,1,41086.38
TX02869,C0700,49059.54,NETBANKING,abandoned,checkout_dropoff,1,1,580,8,0,0.0,1,0,0,send_reminder,0,0.0
TX02870,C0651,19436.61,WALLET,success,none,0,0,389,13,7,0.54,1,0,0,none,1,19436.61
TX02871,C1620,325.88,UPI,failed,insufficient_funds,0,0,586,19,3,0.16,0,0,1,send_reminder,1,325.88
TX02872,C1517,3612.38,NETBANKING,success,none,0,0,324,20,5,0.25,1,0,0,none,1,3612.38
TX02873,C0411,21586.31,NETBANKING,success,none,0,0,192,17,7,0.41,1,3,0,none,1,21586.31
TX02874,C1950,13751.24,WALLET,success,none,0,0,398,11,9,0.82,0,0,0,none,1,13751.24
TX02875,C1972,1133.35,NETBANKING,success,none,0,0,279,7,4,0.57,0,0,0,none,1,1133.35
TX02876,C1770,26944.76,WALLET,success,none,0,0,430,19,5,0.26,0,0,0,none,1,26944.76
TX02877,C0011,41537.41,NETBANKING,failed,network_error,3,0,424,8,4,0.5,0,0,1,retry_payment,0,0.0
TX02878,C0863,18125.11,WALLET,success,none,0,0,62,2,0,0.0,0,0,0,none,1,18125.11
TX02879,C1365,32243.76,WALLET,success,none,0,0,244,10,9,0.9,1,0,0,none,1,32243.76
TX02880,C0294,40968.63,NETBANKING,failed,technical_error,1,0,187,12,5,0.42,1,30,1,payment_link,1,40968.63
TX02881,C0426,11317.89,NETBANKING,success,none,0,0,509,10,1,0.1,1,1,0,none,1,11317.89
TX02882,C1533,23486.13,NETBANKING,success,none,0,0,158,18,11,0.61,1,0,0,none,1,23486.13
TX02883,C0073,41732.69,NETBANKING,success,none,0,0,318,16,11,0.69,0,0,0,none,1,41732.69
TX02884,C1675,20242.11,CARD,failed,timeout,2,0,130,7,6,0.86,0,0,0,retry_payment,0,0.0
TX02885,C0875,37134.84,NETBANKING,success,none,0,0,317,1,1,1.0,0,0,0,none,1,37134.84
TX02886,C1031,20142.27,WALLET,success,none,0,0,108,9,7,0.78,1,3,0,none,1,20142.27
TX02887,C1006,48714.83,UPI,success,none,0,0,337,19,10,0.53,0,0,0,none,1,48714.83
TX02888,C2123,35700.82,WALLET,abandoned,checkout_dropoff,2,1,422,2,0,0.0,1,0,0,send_reminder,1,35700.82
TX02889,C1885,17527.14,UPI,failed,network_error,0,0,458,2,1,0.5,1,1,2,retry_payment,1,17527.14
TX02890,C0137,24546.28,WALLET,failed,bank_error,4,0,330,11,10,0.91,0,0,2,payment_link,1,24546.28
TX02891,C0640,5670.13,NETBANKING,success,none,0,0,252,18,18,1.0,1,0,0,none,1,5670.13
TX02892,C1024,17776.44,CARD,failed,technical_error,1,0,386,12,11,0.92,1,0,0,payment_link,1,17776.44
TX02893,C0545,26792.13,CARD,success,none,0,0,97,7,3,0.43,1,7,0,none,1,26792.13
TX02894,C0795,30682.17,UPI,success,none,0,0,58,20,14,0.7,1,0,0,none,1,30682.17
TX02895,C1269,48783.92,CARD,success,none,0,0,240,11,7,0.64,1,0,0,none,1,48783.92
TX02896,C0257,47544.56,NETBANKING,success,none,0,0,32,7,0,0.0,0,0,0,none,1,47544.56
TX02897,C1869,33742.51,CARD,failed,technical_error,2,0,584,5,3,0.6,0,0,1,payment_link,1,33742.51
TX02898,C0744,47439.46,WALLET,success,none,0,0,492,19,8,0.42,0,0,0,none,1,47439.46
TX02899,C0580,44340.53,WALLET,success,none,0,0,116,3,1,0.33,0,0,0,none,1,44340.53
TX02900,C0804,39878.84,CARD,success,none,0,0,180,11,2,0.18,1,0,0,none,1,39878.84
TX02901,C0444,29361.93,CARD,failed,timeout,2,0,413,11,7,0.64,1,1,1,retry_payment,0,0.0
TX02902,C1547,45752.74,CARD,success,none,0,0,334,9,4,0.44,0,0,0,none,1,45752.74
TX02903,C0449,26134.44,NETBANKING,success,none,0,0,401,15,6,0.4,0,0,0,none,1,26134.44
TX02904,C1385,7390.35,CARD,success,none,0,0,562,4,4,1.0,0,0,0,none,1,7390.35
TX02905,C1821,41907.57,WALLET,success,none,0,0,112,18,8,0.44,1,30,0,none,1,41907.57
TX02906,C1066,19223.69,CARD,success,none,0,0,86,9,8,0.89,0,0,0,none,1,19223.69
TX02907,C0813,12298.12,NETBANKING,abandoned,checkout_dropoff,0,1,123,6,3,0.5,0,0,0,payment_link,0,0.0
TX02908,C0802,280.65,WALLET,failed,technical_error,2,0,489,16,1,0.06,0,0,2,payment_link,0,0.0
TX02909,C1980,21887.43,CARD,failed,technical_error,1,0,392,1,1,1.0,1,3,0,payment_link,0,0.0
TX02910,C1705,9439.98,UPI,success,none,0,0,52,10,8,0.8,1,1,0,none,1,9439.98
TX02911,C1228,5328.31,WALLET,failed,bank_error,0,0,241,6,3,0.5,1,3,1,payment_link,0,0.0
TX02912,C1759,23469.96,UPI,success,none,0,0,95,13,0,0.0,1,3,0,none,1,23469.96
TX02913,C0945,30539.46,UPI,success,none,0,0,266,19,1,0.05,1,1,0,none,1,30539.46
TX02914,C0940,15058.72,NETBANKING,failed,network_error,4,0,471,2,0,0.0,0,0,2,retry_payment,0,0.0
TX02915,C1531,28020.93,UPI,success,none,0,0,567,5,4,0.8,1,0,0,none,1,28020.93
TX02916,C0045,23226.1,CARD,success,none,0,0,350,8,1,0.12,0,0,0,none,1,23226.1
TX02917,C1631,36485.55,NETBANKING,abandoned,checkout_dropoff,3,1,13,5,1,0.2,0,0,0,send_reminder,0,0.0
TX02918,C2255,35450.38,WALLET,success,none,0,0,292,17,0,0.0,0,0,0,none,1,35450.38
TX02919,C2472,11748.87,NETBANKING,success,none,0,0,525,10,3,0.3,0,0,0,none,1,11748.87
TX02920,C0018,20531.03,WALLET,success,none,0,0,344,3,3,1.0,1,0,0,none,1,20531.03
TX02921,C1040,18993.61,CARD,failed,insufficient_funds,0,0,36,6,5,0.83,0,0,0,send_reminder,1,18993.61
TX02922,C0617,45561.93,CARD,success,none,0,0,595,11,5,0.45,1,1,0,none,1,45561.93
TX02923,C0049,46600.25,NETBANKING,failed,timeout,3,0,112,16,15,0.94,0,0,1,retry_payment,0,0.0
TX02924,C0110,9773.83,NETBANKING,success,none,0,0,472,2,2,1.0,1,0,0,none,1,9773.83
TX02925,C1039,45521.79,WALLET,success,none,0,0,105,13,4,0.31,0,0,0,none,1,45521.79
TX02926,C2275,29611.71,CARD,success,none,0,0,404,18,8,0.44,0,0,0,none,1,29611.71
TX02927,C2283,22786.57,WALLET,success,none,0,0,456,2,0,0.0,1,0,0,none,1,22786.57
TX02928,C1271,16364.95,WALLET,failed,bank_error,0,0,493,8,0,0.0,0,0,1,payment_link,1,16364.95
TX02929,C2377,39604.01,WALLET,success,none,0,0,521,9,5,0.56,0,0,0,none,1,39604.01
TX02930,C0002,15249.29,NETBANKING,failed,network_error,4,0,320,15,6,0.4,0,0,2,retry_payment,0,0.0
TX02931,C0380,49543.19,WALLET,success,none,0,0,359,10,2,0.2,1,0,0,none,1,49543.19
TX02932,C2435,39016.63,NETBANKING,failed,insufficient_funds,3,0,433,4,0,0.0,0,0,2,send_reminder,1,39016.63
TX02933,C1937,19731.79,WALLET,success,none,0,0,369,14,5,0.36,1,0,0,none,1,19731.79
TX02934,C2316,39554.39,CARD,success,none,0,0,600,7,4,0.57,1,0,0,none,1,39554.39
TX02935,C0102,37958.95,UPI,success,none,0,0,274,13,8,0.62,1,3,0,none,1,37958.95
TX02936,C0047,42173.98,WALLET,failed,timeout,1,0,427,3,1,0.33,0,0,2,retry_payment,0,0.0
TX02937,C1952,1881.75,WALLET,failed,technical_error,3,0,393,15,1,0.07,0,0,1,payment_link,0,0.0
TX02938,C0592,18937.18,WALLET,success,none,0,0,198,15,2,0.13,0,0,0,none,1,18937.18
TX02939,C0226,47328.35,CARD,abandoned,checkout_dropoff,0,1,143,18,13,0.72,0,0,0,payment_link,0,0.0
TX02940,C1667,27074.03,CARD,success,none,0,0,177,8,3,0.38,0,0,0,none,1,27074.03
TX02941,C0213,39432.12,CARD,success,none,0,0,245,9,4,0.44,1,0,0,none,1,39432.12
TX02942,C1644,40756.89,UPI,failed,technical_error,4,0,274,8,0,0.0,1,1,0,payment_link,0,0.0
TX02943,C1397,21994.77,WALLET,success,none,0,0,153,20,9,0.45,0,0,0,none,1,21994.77
TX02944,C0560,25391.25,CARD,success,none,0,0,59,2,1,0.5,1,0,0,none,1,25391.25
TX02945,C2277,16949.32,WALLET,failed,insufficient_funds,1,0,119,4,4,1.0,0,0,1,send_reminder,1,16949.32
TX02946,C1434,48161.66,CARD,success,none,0,0,16,11,3,0.27,1,0,0,none,1,48161.66
TX02947,C1240,48537.02,NETBANKING,success,none,0,0,40,16,13,0.81,1,1,0,none,1,48537.02
TX02948,C0113,34001.03,UPI,success,none,0,0,143,6,0,0.0,0,0,0,none,1,34001.03
TX02949,C0308,45869.25,UPI,abandoned,checkout_dropoff,0,1,343,18,12,0.67,1,15,1,payment_link,1,45869.25
TX02950,C2318,26319.28,WALLET,success,none,0,0,541,16,6,0.38,0,0,0,none,1,26319.28
TX02951,C1031,40111.65,NETBANKING,success,none,0,0,428,6,4,0.67,0,0,0,none,1,40111.65
TX02952,C1942,45802.53,WALLET,success,none,0,0,127,14,0,0.0,0,0,0,none,1,45802.53
TX02953,C0798,38060.04,UPI,success,none,0,0,29,11,1,0.09,0,0,0,none,1,38060.04
TX02954,C0733,26448.14,NETBANKING,success,none,0,0,91,5,0,0.0,0,0,0,none,1,26448.14
TX02955,C0653,36585.0,UPI,success,none,0,0,510,12,4,0.33,1,30,0,none,1,36585.0
TX02956,C0274,20037.77,WALLET,success,none,0,0,79,2,1,0.5,1,0,0,none,1,20037.77
TX02957,C1911,16112.99,UPI,failed,insufficient_funds,1,0,425,19,14,0.74,1,0,0,send_reminder,0,0.0
TX02958,C1632,2959.03,NETBANKING,success,none,0,0,565,7,3,0.43,0,0,0,none,1,2959.03
TX02959,C2347,48386.25,WALLET,success,none,0,0,253,18,6,0.33,1,1,0,none,1,48386.25
TX02960,C0043,21426.98,UPI,failed,insufficient_funds,3,0,167,8,2,0.25,1,0,2,send_reminder,1,21426.98
TX02961,C2178,17243.59,UPI,success,none,0,0,481,1,0,0.0,1,0,0,none,1,17243.59
TX02962,C0438,28361.71,WALLET,success,none,0,0,504,5,0,0.0,0,0,0,none,1,28361.71
TX02963,C1436,3865.97,CARD,success,none,0,0,585,5,4,0.8,1,0,0,none,1,3865.97
TX02964,C0930,35310.59,WALLET,failed,insufficient_funds,4,0,212,16,10,0.62,0,0,0,send_reminder,0,0.0
TX02965,C1408,26869.21,NETBANKING,abandoned,checkout_dropoff,0,1,89,14,13,0.93,0,0,2,send_reminder,1,26869.21
TX02966,C0676,48685.06,WALLET,success,none,0,0,480,10,1,0.1,1,15,0,none,1,48685.06
TX02967,C1225,28152.16,WALLET,failed,timeout,3,0,172,13,2,0.15,1,1,2,retry_payment,0,0.0
TX02968,C2235,12039.18,UPI,success,none,0,0,598,16,14,0.88,0,0,0,none,1,12039.18
TX02969,C1779,35472.35,WALLET,success,none,0,0,274,10,3,0.3,1,0,0,none,1,35472.35
TX02970,C1404,43024.41,WALLET,success,none,0,0,178,20,12,0.6,1,0,0,none,1,43024.41
TX02971,C1383,45219.38,NETBANKING,success,none,0,0,540,2,0,0.0,0,0,0,none,1,45219.38
TX02972,C0928,13656.49,UPI,success,none,0,0,138,10,7,0.7,1,30,0,none,1,13656.49
TX02973,C0126,36105.55,NETBANKING,success,none,0,0,77,14,11,0.79,1,0,0,none,1,36105.55
TX02974,C1958,20876.94,NETBANKING,failed,technical_error,3,0,151,5,2,0.4,1,1,0,payment_link,0,0.0
TX02975,C1690,39138.13,CARD,success,none,0,0,96,9,0,0.0,0,0,0,none,1,39138.13
TX02976,C1361,7585.76,CARD,success,none,0,0,126,15,5,0.33,0,0,0,none,1,7585.76
TX02977,C1623,15674.81,UPI,success,none,0,0,346,14,9,0.64,0,0,0,none,1,15674.81
TX02978,C0048,31779.89,NETBANKING,success,none,0,0,238,7,5,0.71,1,0,0,none,1,31779.89
TX02979,C1255,8346.48,CARD,failed,insufficient_funds,4,0,437,14,14,1.0,1,7,0,send_reminder,0,0.0
TX02980,C1446,12609.98,UPI,failed,bank_error,3,0,177,10,7,0.7,0,0,0,payment_link,1,12609.98
TX02981,C0175,36041.2,CARD,success,none,0,0,26,19,1,0.05,0,0,0,none,1,36041.2
TX02982,C1771,15170.58,WALLET,success,none,0,0,329,10,2,0.2,1,1,0,none,1,15170.58
TX02983,C1022,42133.33,NETBANKING,success,none,0,0,63,10,2,0.2,0,0,0,none,1,42133.33
TX02984,C0512,20147.51,WALLET,success,none,0,0,72,14,7,0.5,1,7,0,none,1,20147.51
TX02985,C1097,47315.25,CARD,success,none,0,0,323,8,6,0.75,0,0,0,none,1,47315.25
TX02986,C1136,16109.34,CARD,failed,timeout,1,0,365,6,4,0.67,1,1,1,retry_payment,1,16109.34
TX02987,C0812,12556.37,UPI,failed,bank_error,0,0,502,8,4,0.5,1,0,2,payment_link,0,0.0
TX02988,C0853,2713.59,CARD,success,none,0,0,113,6,1,0.17,1,7,0,none,1,2713.59
TX02989,C1039,1277.61,NETBANKING,success,none,0,0,479,6,0,0.0,0,0,0,none,1,1277.61
TX02990,C0943,17472.67,NETBANKING,abandoned,checkout_dropoff,3,1,59,5,1,0.2,0,0,0,send_reminder,1,17472.67
TX02991,C1997,35493.35,NETBANKING,abandoned,checkout_dropoff,2,1,557,16,1,0.06,1,1,0,payment_link,1,35493.35
TX02992,C1226,47325.91,WALLET,success,none,0,0,90,19,19,1.0,0,0,0,none,1,47325.91
TX02993,C1521,40688.01,UPI,success,none,0,0,248,17,1,0.06,1,7,0,none,1,40688.01
TX02994,C0309,29401.85,CARD,failed,insufficient_funds,0,0,367,8,4,0.5,1,30,2,send_reminder,0,0.0
TX02995,C1927,5681.74,WALLET,failed,insufficient_funds,2,0,518,4,3,0.75,1,7,2,send_reminder,1,5681.74
TX02996,C0539,49036.95,WALLET,success,none,0,0,450,4,3,0.75,0,0,0,none,1,49036.95
TX02997,C0305,33633.28,NETBANKING,failed,technical_error,1,0,333,5,0,0.0,0,0,0,payment_link,0,0.0
TX02998,C1281,2268.47,CARD,success,none,0,0,585,13,8,0.62,1,3,0,none,1,2268.47
TX02999,C1721,29863.19,WALLET,failed,insufficient_funds,1,0,230,14,0,0.0,0,0,2,send_reminder,0,0.0
TX03000,C0156,5643.35,UPI,abandoned,checkout_dropoff,3,1,108,2,2,1.0,0,0,2,payment_link,1,5643.35
TX03001,C2149,25141.66,UPI,success,none,0,0,222,2,1,0.5,1,3,0,none,1,25141.66
TX03002,C1581,46925.88,UPI,success,none,0,0,530,16,11,0.69,0,0,0,none,1,46925.88
TX03003,C2161,40901.55,NETBANKING,abandoned,checkout_dropoff,4,1,56,12,10,0.83,0,0,1,send_reminder,1,40901.55
TX03004,C2281,26907.88,CARD,success,none,0,0,190,17,1,0.06,0,0,0,none,1,26907.88
TX03005,C1963,47472.47,WALLET,success,none,0,0,11,18,3,0.17,1,0,0,none,1,47472.47
TX03006,C0792,23013.45,NETBANKING,success,none,0,0,28,15,7,0.47,0,0,0,none,1,23013.45
TX03007,C2186,11252.87,WALLET,success,none,0,0,542,20,18,0.9,1,0,0,none,1,11252.87
TX03008,C1046,17464.64,NETBANKING,success,none,0,0,219,14,7,0.5,0,0,0,none,1,17464.64
TX03009,C1066,19498.91,NETBANKING,success,none,0,0,455,13,8,0.62,1,0,0,none,1,19498.91
TX03010,C0281,43446.19,NETBANKING,failed,network_error,0,0,445,10,5,0.5,1,0,1,retry_payment,1,43446.19
TX03011,C1648,10519.97,NETBANKING,success,none,0,0,101,17,1,0.06,1,0,0,none,1,10519.97
TX03012,C0601,1009.62,UPI,success,none,0,0,551,12,6,0.5,1,7,0,none,1,1009.62
TX03013,C0877,12163.28,WALLET,failed,technical_error,1,0,28,7,1,0.14,1,0,0,payment_link,0,0.0
TX03014,C2425,39181.68,WALLET,success,none,0,0,299,18,15,0.83,0,0,0,none,1,39181.68
TX03015,C0052,42635.27,CARD,success,none,0,0,68,5,2,0.4,1,0,0,none,1,42635.27
TX03016,C0098,32977.57,NETBANKING,success,none,0,0,42,17,1,0.06,0,0,0,none,1,32977.57
TX03017,C2327,42362.47,WALLET,success,none,0,0,252,17,16,0.94,1,0,0,none,1,42362.47
TX03018,C1547,5050.36,CARD,success,none,0,0,298,8,8,1.0,0,0,0,none,1,5050.36
TX03019,C0244,1569.35,UPI,success,none,0,0,330,6,4,0.67,1,1,0,none,1,1569.35
TX03020,C0926,49298.61,WALLET,failed,insufficient_funds,0,0,458,19,18,0.95,1,0,1,send_reminder,1,49298.61
TX03021,C0626,25696.84,WALLET,failed,insufficient_funds,0,0,544,20,12,0.6,0,0,0,send_reminder,1,25696.84
TX03022,C1853,38943.86,WALLET,success,none,0,0,179,5,1,0.2,0,0,0,none,1,38943.86
TX03023,C0532,11377.85,NETBANKING,success,none,0,0,401,15,14,0.93,0,0,0,none,1,11377.85
TX03024,C0756,18099.4,NETBANKING,success,none,0,0,54,9,1,0.11,0,0,0,none,1,18099.4
TX03025,C2077,44151.57,UPI,success,none,0,0,432,13,6,0.46,0,0,0,none,1,44151.57
TX03026,C2222,40091.7,CARD,success,none,0,0,140,16,16,1.0,1,7,0,none,1,40091.7
TX03027,C1991,31817.3,UPI,success,none,0,0,400,7,6,0.86,0,0,0,none,1,31817.3
TX03028,C1337,7198.65,WALLET,success,none,0,0,574,10,4,0.4,1,0,0,none,1,7198.65
TX03029,C0593,8171.52,NETBANKING,failed,bank_error,2,0,559,18,12,0.67,0,0,0,payment_link,0,0.0
TX03030,C1891,11888.33,UPI,success,none,0,0,52,8,1,0.12,0,0,0,none,1,11888.33
TX03031,C2184,1772.0,CARD,success,none,0,0,399,19,3,0.16,1,7,0,none,1,1772.0
TX03032,C2476,38159.23,WALLET,success,none,0,0,97,1,1,1.0,1,30,0,none,1,38159.23
TX03033,C0379,43693.21,UPI,failed,timeout,4,0,138,11,6,0.55,0,0,1,retry_payment,0,0.0
TX03034,C1992,20578.51,CARD,success,none,0,0,56,8,4,0.5,0,0,0,none,1,20578.51
TX03035,C1151,4843.17,UPI,success,none,0,0,123,18,3,0.17,1,0,0,none,1,4843.17
TX03036,C1401,46097.17,CARD,success,none,0,0,128,15,0,0.0,1,0,0,none,1,46097.17
TX03037,C0158,25215.94,WALLET,success,none,0,0,291,2,1,0.5,1,0,0,none,1,25215.94
TX03038,C2062,23046.81,CARD,success,none,0,0,212,4,2,0.5,1,7,0,none,1,23046.81
TX03039,C1597,13733.96,WALLET,success,none,0,0,166,15,10,0.67,1,1,0,none,1,13733.96
TX03040,C0224,22858.7,NETBANKING,success,none,0,0,229,15,8,0.53,1,1,0,none,1,22858.7
TX03041,C2379,30749.16,WALLET,success,none,0,0,245,8,1,0.12,0,0,0,none,1,30749.16
TX03042,C1611,37440.14,NETBANKING,success,none,0,0,424,10,1,0.1,0,0,0,none,1,37440.14
TX03043,C1579,1042.68,CARD,success,none,0,0,471,12,3,0.25,0,0,0,none,1,1042.68
TX03044,C2280,2464.57,WALLET,abandoned,checkout_dropoff,3,1,257,3,0,0.0,0,0,2,payment_link,0,0.0
TX03045,C1664,32271.55,NETBANKING,success,none,0,0,106,6,2,0.33,0,0,0,none,1,32271.55
TX03046,C1623,2065.1,NETBANKING,success,none,0,0,297,15,9,0.6,1,0,0,none,1,2065.1
TX03047,C1231,43865.34,WALLET,failed,timeout,4,0,288,17,8,0.47,0,0,1,retry_payment,0,0.0
TX03048,C0050,44929.52,CARD,success,none,0,0,119,1,0,0.0,1,7,0,none,1,44929.52
TX03049,C0017,37723.98,WALLET,success,none,0,0,237,16,10,0.62,1,1,0,none,1,37723.98
TX03050,C0828,40830.49,UPI,success,none,0,0,115,4,0,0.0,1,0,0,none,1,40830.49
TX03051,C1734,41640.94,UPI,success,none,0,0,34,6,0,0.0,1,0,0,none,1,41640.94
TX03052,C0353,47251.7,NETBANKING,success,none,0,0,443,15,8,0.53,0,0,0,none,1,47251.7
TX03053,C0952,11818.02,NETBANKING,failed,technical_error,2,0,393,6,1,0.17,0,0,2,payment_link,0,0.0
TX03054,C0109,40963.47,CARD,success,none,0,0,11,2,1,0.5,0,0,0,none,1,40963.47
TX03055,C1576,31400.09,NETBANKING,success,none,0,0,405,4,4,1.0,1,1,0,none,1,31400.09
TX03056,C1870,11920.83,WALLET,success,none,0,0,591,10,6,0.6,0,0,0,none,1,11920.83
TX03057,C1119,25427.03,CARD,abandoned,checkout_dropoff,1,1,583,12,8,0.67,1,15,0,payment_link,0,0.0
TX03058,C1963,33010.88,WALLET,success,none,0,0,104,9,1,0.11,0,0,0,none,1,33010.88
TX03059,C1121,28910.05,UPI,failed,technical_error,4,0,409,15,1,0.07,1,0,2,payment_link,0,0.0
TX03060,C0415,23989.01,CARD,failed,technical_error,4,0,138,4,0,0.0,1,0,2,payment_link,1,23989.01
TX03061,C2407,27953.15,CARD,abandoned,checkout_dropoff,2,1,279,13,4,0.31,1,0,1,send_reminder,1,27953.15
TX03062,C1343,18158.84,UPI,failed,bank_error,4,0,253,9,2,0.22,1,3,2,payment_link,0,0.0
TX03063,C2216,49281.12,WALLET,abandoned,checkout_dropoff,4,1,164,12,5,0.42,0,0,2,payment_link,1,49281.12
TX03064,C0712,19593.62,UPI,success,none,0,0,92,4,0,0.0,0,0,0,none,1,19593.62
TX03065,C1339,21321.79,WALLET,success,none,0,0,480,7,4,0.57,1,30,0,none,1,21321.79
TX03066,C2107,4278.65,UPI,failed,network_error,0,0,579,17,4,0.24,0,0,1,retry_payment,1,4278.65
TX03067,C1538,41643.96,UPI,failed,timeout,3,0,499,5,1,0.2,0,0,0,retry_payment,0,0.0
TX03068,C0252,13332.06,NETBANKING,success,none,0,0,515,15,7,0.47,1,15,0,none,1,13332.06
TX03069,C1487,48477.47,WALLET,success,none,0,0,151,5,0,0.0,0,0,0,none,1,48477.47
TX03070,C0573,1245.36,CARD,failed,timeout,3,0,304,4,3,0.75,1,0,2,retry_payment,0,0.0
TX03071,C0915,41457.8,CARD,success,none,0,0,278,4,3,0.75,0,0,0,none,1,41457.8
TX03072,C1735,25435.8,NETBANKING,abandoned,checkout_dropoff,4,1,77,14,13,0.93,1,0,0,payment_link,0,0.0
TX03073,C0923,39121.31,UPI,failed,bank_error,1,0,361,5,4,0.8,0,0,2,payment_link,0,0.0
TX03074,C1648,40291.15,UPI,success,none,0,0,256,15,8,0.53,1,7,0,none,1,40291.15
TX03075,C0678,46826.86,NETBANKING,success,none,0,0,434,9,4,0.44,1,3,0,none,1,46826.86
TX03076,C1141,38054.01,CARD,failed,technical_error,4,0,455,17,3,0.18,0,0,0,payment_link,1,38054.01
TX03077,C0905,2507.34,NETBANKING,success,none,0,0,542,1,1,1.0,1,0,0,none,1,2507.34
TX03078,C1368,15999.75,NETBANKING,success,none,0,0,67,13,11,0.85,0,0,0,none,1,15999.75
TX03079,C1973,26626.2,UPI,success,none,0,0,374,19,3,0.16,0,0,0,none,1,26626.2
TX03080,C0065,35719.32,NETBANKING,abandoned,checkout_dropoff,1,1,489,6,0,0.0,1,0,0,send_reminder,1,35719.32
TX03081,C0887,7458.56,NETBANKING,success,none,0,0,84,18,0,0.0,0,0,0,none,1,7458.56
TX03082,C1309,17366.09,WALLET,success,none,0,0,242,15,6,0.4,1,30,0,none,1,17366.09
TX03083,C2372,15929.19,NETBANKING,success,none,0,0,159,9,7,0.78,1,3,0,none,1,15929.19
TX03084,C0302,3406.65,CARD,abandoned,checkout_dropoff,3,1,22,7,6,0.86,0,0,2,send_reminder,1,3406.65
TX03085,C1897,43169.69,UPI,success,none,0,0,383,18,9,0.5,0,0,0,none,1,43169.69
TX03086,C0841,10558.12,UPI,success,none,0,0,380,13,3,0.23,0,0,0,none,1,10558.12
TX03087,C2082,35031.38,CARD,success,none,0,0,582,5,4,0.8,1,0,0,none,1,35031.38
TX03088,C0702,40008.68,UPI,failed,timeout,4,0,217,3,1,0.33,1,0,1,retry_payment,0,0.0
TX03089,C1447,38172.34,NETBANKING,success,none,0,0,162,6,0,0.0,1,0,0,none,1,38172.34
TX03090,C0263,30935.7,UPI,success,none,0,0,151,18,15,0.83,1,7,0,none,1,30935.7
TX03091,C0285,21955.31,CARD,success,none,0,0,450,7,6,0.86,1,0,0,none,1,21955.31
TX03092,C1341,17803.43,UPI,failed,network_error,0,0,382,3,0,0.0,0,0,2,retry_payment,1,17803.43
TX03093,C2203,38475.46,CARD,success,none,0,0,187,7,0,0.0,0,0,0,none,1,38475.46
TX03094,C0860,21033.41,WALLET,success,none,0,0,256,11,0,0.0,0,0,0,none,1,21033.41
TX03095,C2167,11699.51,CARD,failed,bank_error,2,0,212,15,10,0.67,0,0,1,payment_link,1,11699.51
TX03096,C2348,7248.98,UPI,failed,network_error,3,0,415,8,1,0.12,1,7,1,retry_payment,0,0.0
TX03097,C1580,41840.19,WALLET,failed,insufficient_funds,0,0,264,7,0,0.0,1,0,0,send_reminder,0,0.0
TX03098,C0078,19598.83,WALLET,success,none,0,0,485,1,0,0.0,1,0,0,none,1,19598.83
TX03099,C1357,27705.49,UPI,success,none,0,0,107,16,13,0.81,1,0,0,none,1,27705.49
TX03100,C1692,41540.75,CARD,success,none,0,0,142,10,1,0.1,0,0,0,none,1,41540.75
TX03101,C1470,502.35,UPI,failed,technical_error,4,0,596,14,1,0.07,0,0,0,payment_link,1,502.35
TX03102,C1358,18749.4,CARD,failed,bank_error,4,0,59,11,8,0.73,0,0,2,payment_link,0,0.0
TX03103,C1823,31870.86,CARD,success,none,0,0,287,2,2,1.0,1,0,0,none,1,31870.86
TX03104,C1658,8882.97,NETBANKING,failed,bank_error,4,0,382,2,0,0.0,0,0,1,payment_link,1,8882.97
TX03105,C0652,40890.15,NETBANKING,success,none,0,0,455,6,3,0.5,1,3,0,none,1,40890.15
TX03106,C2262,27007.48,WALLET,success,none,0,0,94,15,8,0.53,0,0,0,none,1,27007.48
TX03107,C0975,1189.63,NETBANKING,failed,timeout,4,0,17,19,15,0.79,0,0,2,retry_payment,0,0.0
TX03108,C1769,3556.87,NETBANKING,failed,bank_error,1,0,235,12,11,0.92,1,30,2,payment_link,0,0.0
TX03109,C1493,29893.61,CARD,success,none,0,0,371,19,13,0.68,1,0,0,none,1,29893.61
TX03110,C2032,30059.3,UPI,success,none,0,0,202,15,7,0.47,0,0,0,none,1,30059.3
TX03111,C1252,37978.09,WALLET,success,none,0,0,156,15,8,0.53,1,7,0,none,1,37978.09
TX03112,C0427,4570.6,WALLET,success,none,0,0,593,12,8,0.67,1,15,0,none,1,4570.6
TX03113,C0160,39940.01,UPI,failed,bank_error,1,0,129,7,3,0.43,1,3,1,payment_link,0,0.0
TX03114,C0249,586.57,CARD,success,none,0,0,453,3,1,0.33,0,0,0,none,1,586.57
TX03115,C0029,34405.58,WALLET,success,none,0,0,118,4,1,0.25,1,1,0,none,1,34405.58
TX03116,C2435,6506.96,UPI,success,none,0,0,346,13,0,0.0,0,0,0,none,1,6506.96
TX03117,C0866,26139.36,WALLET,failed,timeout,2,0,159,17,11,0.65,1,1,0,retry_payment,0,0.0
TX03118,C2237,38693.81,NETBANKING,failed,timeout,3,0,415,8,0,0.0,0,0,2,retry_payment,0,0.0
TX03119,C0017,23619.15,WALLET,success,none,0,0,314,9,5,0.56,1,3,0,none,1,23619.15
TX03120,C1035,43503.51,NETBANKING,success,none,0,0,54,15,12,0.8,0,0,0,none,1,43503.51
TX03121,C1746,6944.8,NETBANKING,success,none,0,0,247,10,7,0.7,1,30,0,none,1,6944.8
TX03122,C0447,34530.59,UPI,abandoned,checkout_dropoff,2,1,265,11,9,0.82,0,0,2,send_reminder,0,0.0
TX03123,C2326,37090.45,WALLET,failed,timeout,3,0,382,17,10,0.59,1,1,0,retry_payment,0,0.0
TX03124,C2036,16627.31,UPI,success,none,0,0,548,10,3,0.3,1,3,0,none,1,16627.31
TX03125,C2003,42082.21,CARD,success,none,0,0,463,4,3,0.75,1,30,0,none,1,42082.21
TX03126,C0385,44032.04,CARD,success,none,0,0,36,1,1,1.0,0,0,0,none,1,44032.04
TX03127,C1589,29276.64,CARD,success,none,0,0,523,11,4,0.36,0,0,0,none,1,29276.64
TX03128,C0968,45228.66,WALLET,success,none,0,0,358,5,4,0.8,1,3,0,none,1,45228.66
TX03129,C0178,36456.66,CARD,success,none,0,0,151,13,5,0.38,0,0,0,none,1,36456.66
TX03130,C0650,23038.32,NETBANKING,failed,insufficient_funds,0,0,301,20,14,0.7,0,0,2,send_reminder,1,23038.32
TX03131,C0220,9581.05,CARD,success,none,0,0,503,16,2,0.12,1,0,0,none,1,9581.05
TX03132,C1351,44334.25,CARD,failed,insufficient_funds,2,0,362,15,1,0.07,0,0,1,send_reminder,1,44334.25
TX03133,C0466,23619.12,UPI,success,none,0,0,326,9,5,0.56,1,7,0,none,1,23619.12
TX03134,C1605,5735.62,CARD,success,none,0,0,587,8,1,0.12,0,0,0,none,1,5735.62
TX03135,C1957,33914.64,UPI,failed,insufficient_funds,0,0,458,13,1,0.08,0,0,0,send_reminder,1,33914.64
TX03136,C2217,32525.55,UPI,success,none,0,0,313,10,6,0.6,1,0,0,none,1,32525.55
TX03137,C0018,46853.13,NETBANKING,success,none,0,0,358,19,10,0.53,0,0,0,none,1,46853.13
TX03138,C0517,48482.36,CARD,failed,technical_error,0,0,521,16,15,0.94,1,15,2,payment_link,1,48482.36
TX03139,C0561,24510.3,CARD,success,none,0,0,73,9,6,0.67,0,0,0,none,1,24510.3
TX03140,C0120,26073.52,CARD,success,none,0,0,396,5,3,0.6,0,0,0,none,1,26073.52
TX03141,C0753,47357.91,CARD,success,none,0,0,587,15,11,0.73,1,3,0,none,1,47357.91
TX03142,C1641,5388.33,UPI,success,none,0,0,483,1,0,0.0,1,3,0,none,1,5388.33
TX03143,C0708,2125.91,CARD,success,none,0,0,223,9,4,0.44,0,0,0,none,1,2125.91
TX03144,C1873,21933.9,WALLET,failed,network_error,3,0,196,3,1,0.33,0,0,2,retry_payment,0,0.0
TX03145,C0948,29490.68,UPI,failed,bank_error,4,0,396,20,4,0.2,0,0,1,payment_link,1,29490.68
TX03146,C0919,1439.55,UPI,success,none,0,0,437,2,0,0.0,0,0,0,none,1,1439.55
TX03147,C0596,25643.21,WALLET,success,none,0,0,296,6,3,0.5,0,0,0,none,1,25643.21
TX03148,C1293,14446.38,NETBANKING,success,none,0,0,564,18,14,0.78,0,0,0,none,1,14446.38
TX03149,C2243,46689.91,UPI,success,none,0,0,164,6,5,0.83,0,0,0,none,1,46689.91
TX03150,C0325,49046.37,CARD,success,none,0,0,600,18,1,0.06,1,0,0,none,1,49046.37
TX03151,C1717,18410.61,NETBANKING,success,none,0,0,287,16,13,0.81,0,0,0,none,1,18410.61
TX03152,C2326,20964.41,UPI,success,none,0,0,281,15,4,0.27,1,15,0,none,1,20964.41
TX03153,C1404,9008.82,WALLET,success,none,0,0,573,15,8,0.53,1,0,0,none,1,9008.82
TX03154,C2197,13191.39,WALLET,success,none,0,0,289,14,5,0.36,1,0,0,none,1,13191.39
TX03155,C0217,49701.57,UPI,success,none,0,0,536,17,14,0.82,0,0,0,none,1,49701.57
TX03156,C2236,15454.48,WALLET,success,none,0,0,149,17,4,0.24,1,3,0,none,1,15454.48
TX03157,C0292,35430.7,WALLET,success,none,0,0,458,1,0,0.0,1,0,0,none,1,35430.7
TX03158,C2019,3911.68,WALLET,success,none,0,0,406,13,8,0.62,0,0,0,none,1,3911.68
TX03159,C0825,3898.68,WALLET,success,none,0,0,493,19,11,0.58,0,0,0,none,1,3898.68
TX03160,C0592,23417.36,CARD,failed,bank_error,2,0,146,18,11,0.61,0,0,2,payment_link,0,0.0
TX03161,C1107,4343.65,WALLET,failed,network_error,4,0,97,20,17,0.85,1,1,2,retry_payment,0,0.0
TX03162,C1803,337.6,UPI,success,none,0,0,536,13,7,0.54,0,0,0,none,1,337.6
TX03163,C1504,8693.39,WALLET,success,none,0,0,115,2,1,0.5,1,0,0,none,1,8693.39
TX03164,C0927,11401.78,NETBANKING,failed,timeout,3,0,473,5,5,1.0,1,0,2,retry_payment,0,0.0
TX03165,C0220,16510.65,UPI,success,none,0,0,594,1,0,0.0,1,0,0,none,1,16510.65
TX03166,C0435,24918.84,NETBANKING,success,none,0,0,190,1,1,1.0,0,0,0,none,1,24918.84
TX03167,C0609,17531.18,NETBANKING,success,none,0,0,177,8,2,0.25,0,0,0,none,1,17531.18
TX03168,C0336,795.37,CARD,success,none,0,0,491,12,9,0.75,1,0,0,none,1,795.37
TX03169,C1888,33787.06,NETBANKING,success,none,0,0,442,11,9,0.82,1,3,0,none,1,33787.06
TX03170,C1043,41604.54,CARD,success,none,0,0,402,20,8,0.4,0,0,0,none,1,41604.54
TX03171,C0231,14207.78,WALLET,success,none,0,0,367,7,7,1.0,1,0,0,none,1,14207.78
TX03172,C1501,4827.2,CARD,success,none,0,0,245,15,13,0.87,1,3,0,none,1,4827.2
TX03173,C2491,22474.98,UPI,failed,technical_error,0,0,552,11,5,0.45,1,7,1,payment_link,0,0.0
TX03174,C1234,30015.84,UPI,failed,timeout,2,0,410,17,16,0.94,0,0,1,retry_payment,0,0.0
TX03175,C1118,29493.89,UPI,success,none,0,0,226,11,8,0.73,1,0,0,none,1,29493.89
TX03176,C0185,33757.25,WALLET,success,none,0,0,348,1,1,1.0,0,0,0,none,1,33757.25
TX03177,C0749,13070.17,CARD,success,none,0,0,461,19,3,0.16,0,0,0,none,1,13070.17
TX03178,C0478,4708.35,UPI,abandoned,checkout_dropoff,4,1,390,3,2,0.67,1,3,0,send_reminder,0,0.0
TX03179,C0313,12289.59,WALLET,success,none,0,0,224,2,2,1.0,1,3,0,none,1,12289.59
TX03180,C0814,32611.55,UPI,failed,network_error,1,0,161,14,4,0.29,0,0,1,retry_payment,1,32611.55
TX03181,C0550,630.86,NETBANKING,success,none,0,0,177,19,16,0.84,1,15,0,none,1,630.86
TX03182,C2245,43250.26,CARD,abandoned,checkout_dropoff,2,1,491,9,9,1.0,1,0,0,send_reminder,1,43250.26
TX03183,C2392,12545.75,WALLET,abandoned,checkout_dropoff,3,1,570,9,7,0.78,0,0,0,payment_link,1,12545.75
TX03184,C1877,9321.44,NETBANKING,success,none,0,0,287,12,12,1.0,0,0,0,none,1,9321.44
TX03185,C0742,21306.4,WALLET,success,none,0,0,525,17,14,0.82,1,30,0,none,1,21306.4
TX03186,C1355,14801.06,NETBANKING,success,none,0,0,472,10,1,0.1,0,0,0,none,1,14801.06
TX03187,C1138,412.72,CARD,failed,timeout,1,0,435,1,1,1.0,1,0,2,retry_payment,1,412.72
TX03188,C0263,49395.99,CARD,success,none,0,0,265,17,0,0.0,0,0,0,none,1,49395.99
TX03189,C0628,42046.75,NETBANKING,failed,technical_error,4,0,258,14,11,0.79,1,0,0,payment_link,0,0.0
TX03190,C1476,20597.56,WALLET,success,none,0,0,145,8,0,0.0,1,0,0,none,1,20597.56
TX03191,C1716,16897.34,NETBANKING,success,none,0,0,333,8,1,0.12,1,0,0,none,1,16897.34
TX03192,C0535,22585.63,NETBANKING,success,none,0,0,64,7,7,1.0,0,0,0,none,1,22585.63
TX03193,C2016,3556.81,WALLET,success,none,0,0,175,10,4,0.4,1,15,0,none,1,3556.81
TX03194,C1443,21034.82,UPI,failed,network_error,1,0,88,7,0,0.0,1,1,1,retry_payment,1,21034.82
TX03195,C2211,37963.15,UPI,abandoned,checkout_dropoff,3,1,89,11,11,1.0,1,0,1,send_reminder,0,0.0
TX03196,C0949,17811.24,NETBANKING,failed,insufficient_funds,0,0,545,1,0,0.0,0,0,0,send_reminder,1,17811.24
TX03197,C0702,45760.54,WALLET,success,none,0,0,52,11,9,0.82,1,0,0,none,1,45760.54
TX03198,C2482,26393.41,NETBANKING,success,none,0,0,523,6,5,0.83,1,0,0,none,1,26393.41
TX03199,C0148,16551.26,UPI,success,none,0,0,235,6,6,1.0,1,0,0,none,1,16551.26
TX03200,C0687,10638.49,CARD,abandoned,checkout_dropoff,1,1,452,13,8,0.62,1,30,2,payment_link,0,0.0
TX03201,C1969,27347.98,CARD,success,none,0,0,564,11,2,0.18,1,0,0,none,1,27347.98
TX03202,C1896,36991.29,UPI,failed,bank_error,0,0,527,16,14,0.88,0,0,1,payment_link,0,0.0
TX03203,C0328,47838.08,UPI,success,none,0,0,559,8,3,0.38,1,1,0,none,1,47838.08
TX03204,C1422,40700.64,NETBANKING,success,none,0,0,360,14,2,0.14,0,0,0,none,1,40700.64
TX03205,C0529,42967.16,WALLET,success,none,0,0,47,2,1,0.5,1,0,0,none,1,42967.16
TX03206,C2174,17951.35,WALLET,success,none,0,0,138,15,7,0.47,0,0,0,none,1,17951.35
TX03207,C0698,27627.39,WALLET,abandoned,checkout_dropoff,0,1,329,6,6,1.0,1,0,1,payment_link,1,27627.39
TX03208,C1190,45430.44,CARD,abandoned,checkout_dropoff,3,1,479,2,1,0.5,0,0,2,payment_link,0,0.0
TX03209,C2202,42719.69,UPI,success,none,0,0,441,10,6,0.6,1,0,0,none,1,42719.69
TX03210,C1602,42102.16,NETBANKING,success,none,0,0,20,10,4,0.4,1,3,0,none,1,42102.16
TX03211,C1767,25073.16,CARD,success,none,0,0,192,20,2,0.1,0,0,0,none,1,25073.16
TX03212,C1161,27309.28,NETBANKING,success,none,0,0,486,15,0,0.0,0,0,0,none,1,27309.28
TX03213,C1734,44580.15,CARD,failed,insufficient_funds,2,0,295,6,3,0.5,1,0,2,send_reminder,1,44580.15
TX03214,C2274,29813.06,CARD,success,none,0,0,141,2,0,0.0,0,0,0,none,1,29813.06
TX03215,C2359,25680.28,UPI,success,none,0,0,526,16,2,0.12,1,0,0,none,1,25680.28
TX03216,C0917,12538.01,WALLET,success,none,0,0,64,11,8,0.73,0,0,0,none,1,12538.01
TX03217,C0157,27133.74,UPI,abandoned,checkout_dropoff,2,1,233,7,7,1.0,1,7,1,payment_link,1,27133.74
TX03218,C0087,6639.16,WALLET,success,none,0,0,533,15,2,0.13,1,15,0,none,1,6639.16
TX03219,C1499,30486.02,NETBANKING,success,none,0,0,312,12,7,0.58,1,1,0,none,1,30486.02
TX03220,C2335,18668.51,NETBANKING,success,none,0,0,360,11,10,0.91,0,0,0,none,1,18668.51
TX03221,C1585,6873.39,UPI,success,none,0,0,317,17,11,0.65,1,15,0,none,1,6873.39
TX03222,C2291,11367.96,NETBANKING,abandoned,checkout_dropoff,2,1,144,12,2,0.17,0,0,2,send_reminder,0,0.0
TX03223,C2051,8368.47,UPI,success,none,0,0,330,4,0,0.0,0,0,0,none,1,8368.47
TX03224,C0380,15108.6,NETBANKING,success,none,0,0,312,11,2,0.18,0,0,0,none,1,15108.6
TX03225,C0838,2209.94,CARD,success,none,0,0,404,20,8,0.4,1,0,0,none,1,2209.94
TX03226,C2101,36586.43,CARD,success,none,0,0,68,7,5,0.71,0,0,0,none,1,36586.43
TX03227,C0706,36230.07,UPI,failed,insufficient_funds,2,0,19,6,4,0.67,0,0,1,send_reminder,0,0.0
TX03228,C0957,14620.16,UPI,success,none,0,0,102,6,6,1.0,0,0,0,none,1,14620.16
TX03229,C2260,45078.68,NETBANKING,failed,bank_error,2,0,499,19,10,0.53,0,0,1,payment_link,0,0.0
TX03230,C1960,30467.55,NETBANKING,success,none,0,0,252,5,2,0.4,1,0,0,none,1,30467.55
TX03231,C0354,27773.67,UPI,abandoned,checkout_dropoff,0,1,218,10,3,0.3,1,7,0,send_reminder,0,0.0
TX03232,C0878,30121.16,WALLET,failed,technical_error,3,0,569,14,1,0.07,0,0,1,payment_link,0,0.0
TX03233,C0527,5975.53,UPI,success,none,0,0,179,20,2,0.1,0,0,0,none,1,5975.53
TX03234,C2059,4362.43,CARD,success,none,0,0,306,19,9,0.47,0,0,0,none,1,4362.43
TX03235,C0667,30979.84,UPI,success,none,0,0,550,3,3,1.0,1,0,0,none,1,30979.84
TX03236,C1477,8057.61,UPI,failed,network_error,4,0,46,17,4,0.24,0,0,2,retry_payment,0,0.0
TX03237,C0889,9771.22,WALLET,abandoned,checkout_dropoff,1,1,106,15,4,0.27,0,0,2,send_reminder,0,0.0
TX03238,C1634,24554.99,NETBANKING,abandoned,checkout_dropoff,0,1,505,3,0,0.0,0,0,2,payment_link,0,0.0
TX03239,C1963,14670.0,NETBANKING,failed,network_error,0,0,254,7,2,0.29,0,0,0,retry_payment,0,0.0
TX03240,C1116,47643.73,NETBANKING,success,none,0,0,450,1,1,1.0,0,0,0,none,1,47643.73
TX03241,C1049,44739.42,WALLET,failed,insufficient_funds,0,0,517,15,11,0.73,0,0,2,send_reminder,1,44739.42
TX03242,C1882,7770.79,UPI,failed,bank_error,0,0,413,1,0,0.0,1,30,0,payment_link,0,0.0
TX03243,C0381,32685.69,UPI,success,none,0,0,460,1,0,0.0,1,15,0,none,1,32685.69
TX03244,C0843,3209.26,WALLET,failed,network_error,0,0,363,20,19,0.95,1,0,1,retry_payment,1,3209.26
TX03245,C1627,34383.66,CARD,failed,bank_error,1,0,233,15,1,0.07,0,0,2,payment_link,0,0.0
TX03246,C1304,26241.16,UPI,failed,timeout,3,0,77,9,0,0.0,1,0,0,retry_payment,0,0.0
TX03247,C0886,15052.58,UPI,failed,technical_error,2,0,557,16,9,0.56,1,15,2,payment_link,0,0.0
TX03248,C2262,9796.35,CARD,success,none,0,0,353,20,0,0.0,1,0,0,none,1,9796.35
TX03249,C2149,42575.72,NETBANKING,abandoned,checkout_dropoff,1,1,392,18,10,0.56,1,0,0,payment_link,1,42575.72
TX03250,C2360,47749.8,UPI,abandoned,checkout_dropoff,2,1,541,6,6,1.0,0,0,2,send_reminder,1,47749.8
TX03251,C0845,27480.65,WALLET,success,none,0,0,586,7,2,0.29,0,0,0,none,1,27480.65
TX03252,C2179,1046.3,NETBANKING,failed,technical_error,2,0,459,12,8,0.67,1,0,1,payment_link,0,0.0
TX03253,C2119,21650.23,WALLET,abandoned,checkout_dropoff,2,1,110,13,3,0.23,1,7,0,payment_link,1,21650.23
TX03254,C0433,22976.95,NETBANKING,failed,timeout,3,0,502,13,0,0.0,0,0,1,retry_payment,0,0.0
TX03255,C1468,25766.6,UPI,success,none,0,0,123,9,4,0.44,0,0,0,none,1,25766.6
TX03256,C1515,22082.74,UPI,failed,bank_error,3,0,80,3,3,1.0,1,0,0,payment_link,1,22082.74
TX03257,C0813,43897.04,UPI,success,none,0,0,180,13,11,0.85,0,0,0,none,1,43897.04
TX03258,C1364,17216.42,NETBANKING,success,none,0,0,369,9,2,0.22,1,1,0,none,1,17216.42
TX03259,C1011,19112.79,NETBANKING,abandoned,checkout_dropoff,1,1,521,15,2,0.13,1,7,2,payment_link,1,19112.79
TX03260,C1117,31667.79,NETBANKING,success,none,0,0,356,19,11,0.58,1,7,0,none,1,31667.79
TX03261,C0118,641.56,UPI,failed,network_error,4,0,433,5,1,0.2,1,7,0,retry_payment,0,0.0
TX03262,C2141,18945.08,WALLET,abandoned,checkout_dropoff,1,1,111,15,6,0.4,1,7,2,payment_link,0,0.0
TX03263,C0227,47126.59,NETBANKING,failed,technical_error,0,0,208,9,0,0.0,0,0,1,payment_link,0,0.0
TX03264,C0136,27271.07,UPI,success,none,0,0,275,1,0,0.0,1,7,0,none,1,27271.07
TX03265,C1032,28186.25,CARD,failed,technical_error,3,0,44,1,1,1.0,0,0,2,payment_link,0,0.0
TX03266,C1355,35683.9,NETBANKING,failed,network_error,2,0,195,20,11,0.55,1,0,2,retry_payment,0,0.0
TX03267,C1586,21501.79,NETBANKING,success,none,0,0,96,16,11,0.69,1,0,0,none,1,21501.79
TX03268,C1405,8594.09,UPI,abandoned,checkout_dropoff,0,1,434,3,3,1.0,0,0,2,send_reminder,1,8594.09
TX03269,C1166,34916.46,NETBANKING,success,none,0,0,249,11,10,0.91,0,0,0,none,1,34916.46
TX03270,C1677,35637.62,CARD,failed,technical_error,2,0,536,20,15,0.75,0,0,2,payment_link,0,0.0
TX03271,C0190,2840.44,WALLET,success,none,0,0,579,4,1,0.25,1,1,0,none,1,2840.44
TX03272,C1384,22533.89,UPI,failed,bank_error,0,0,287,19,9,0.47,1,0,1,payment_link,0,0.0
TX03273,C0712,31350.56,CARD,success,none,0,0,369,5,4,0.8,0,0,0,none,1,31350.56
TX03274,C0874,24272.98,WALLET,failed,technical_error,3,0,597,18,3,0.17,0,0,0,payment_link,1,24272.98
TX03275,C1699,44285.96,WALLET,success,none,0,0,477,16,3,0.19,0,0,0,none,1,44285.96
TX03276,C1400,25979.1,CARD,failed,network_error,4,0,489,2,2,1.0,1,0,2,retry_payment,0,0.0
TX03277,C0009,24484.53,UPI,success,none,0,0,436,4,0,0.0,1,30,0,none,1,24484.53
TX03278,C1056,12878.01,UPI,abandoned,checkout_dropoff,4,1,526,8,0,0.0,1,0,1,send_reminder,1,12878.01
TX03279,C2005,10801.71,NETBANKING,abandoned,checkout_dropoff,1,1,256,16,15,0.94,1,1,0,send_reminder,1,10801.71
TX03280,C1921,28103.81,UPI,success,none,0,0,358,8,2,0.25,1,30,0,none,1,28103.81
TX03281,C0643,4510.0,UPI,success,none,0,0,177,6,3,0.5,1,1,0,none,1,4510.0
TX03282,C2399,3208.06,WALLET,failed,technical_error,0,0,161,18,13,0.72,1,15,2,payment_link,0,0.0
TX03283,C0881,41481.45,NETBANKING,success,none,0,0,429,10,6,0.6,0,0,0,none,1,41481.45
TX03284,C0445,38473.09,UPI,failed,bank_error,3,0,19,19,0,0.0,1,0,2,payment_link,1,38473.09
TX03285,C0249,26480.94,WALLET,abandoned,checkout_dropoff,3,1,240,6,0,0.0,1,7,2,payment_link,0,0.0
TX03286,C0961,13793.53,NETBANKING,success,none,0,0,455,16,9,0.56,1,15,0,none,1,13793.53
TX03287,C0721,30861.4,NETBANKING,success,none,0,0,496,10,10,1.0,1,7,0,none,1,30861.4
TX03288,C1618,15969.77,CARD,success,none,0,0,414,12,10,0.83,1,0,0,none,1,15969.77
TX03289,C2450,25589.59,UPI,success,none,0,0,287,16,15,0.94,1,0,0,none,1,25589.59
TX03290,C0166,9852.78,NETBANKING,failed,bank_error,0,0,200,14,2,0.14,1,1,0,payment_link,0,0.0
TX03291,C0888,6425.37,WALLET,failed,insufficient_funds,2,0,185,12,7,0.58,0,0,2,send_reminder,1,6425.37
TX03292,C0136,49954.92,WALLET,failed,insufficient_funds,0,0,400,8,5,0.62,0,0,1,send_reminder,1,49954.92
TX03293,C0601,32435.35,NETBANKING,success,none,0,0,500,12,1,0.08,0,0,0,none,1,32435.35
TX03294,C1404,35462.89,CARD,success,none,0,0,598,19,0,0.0,0,0,0,none,1,35462.89
TX03295,C1468,42060.01,CARD,success,none,0,0,427,20,6,0.3,0,0,0,none,1,42060.01
TX03296,C0558,24729.83,CARD,success,none,0,0,274,5,1,0.2,1,3,0,none,1,24729.83
TX03297,C0653,38711.86,CARD,success,none,0,0,234,16,5,0.31,0,0,0,none,1,38711.86
TX03298,C1381,37595.58,CARD,success,none,0,0,248,8,7,0.88,0,0,0,none,1,37595.58
TX03299,C0029,27252.27,NETBANKING,success,none,0,0,222,9,0,0.0,0,0,0,none,1,27252.27
TX03300,C1826,754.8,CARD,success,none,0,0,211,4,4,1.0,0,0,0,none,1,754.8
TX03301,C2185,14190.35,WALLET,success,none,0,0,94,5,2,0.4,1,15,0,none,1,14190.35
TX03302,C0052,13615.23,CARD,success,none,0,0,546,12,12,1.0,0,0,0,none,1,13615.23
TX03303,C1956,47483.98,WALLET,success,none,0,0,405,10,5,0.5,1,0,0,none,1,47483.98
TX03304,C0591,4973.78,WALLET,failed,timeout,1,0,484,20,5,0.25,1,0,2,retry_payment,1,4973.78
TX03305,C0596,31536.1,WALLET,success,none,0,0,448,17,16,0.94,1,1,0,none,1,31536.1
TX03306,C1078,36346.22,CARD,success,none,0,0,579,7,0,0.0,0,0,0,none,1,36346.22
TX03307,C2471,22949.35,WALLET,abandoned,checkout_dropoff,4,1,232,7,1,0.14,1,0,2,payment_link,1,22949.35
TX03308,C1533,37926.53,WALLET,abandoned,checkout_dropoff,2,1,92,1,0,0.0,1,0,2,send_reminder,1,37926.53
TX03309,C2147,20358.36,UPI,success,none,0,0,478,8,4,0.5,1,0,0,none,1,20358.36
TX03310,C0384,43567.46,WALLET,success,none,0,0,582,19,11,0.58,0,0,0,none,1,43567.46
TX03311,C0004,11709.33,NETBANKING,success,none,0,0,160,16,12,0.75,0,0,0,none,1,11709.33
TX03312,C0626,5337.54,NETBANKING,success,none,0,0,420,8,7,0.88,1,0,0,none,1,5337.54
TX03313,C1699,11547.04,NETBANKING,success,none,0,0,305,1,0,0.0,1,0,0,none,1,11547.04
TX03314,C1172,20854.96,WALLET,failed,insufficient_funds,1,0,86,16,1,0.06,1,0,2,send_reminder,1,20854.96
TX03315,C0373,981.87,CARD,failed,technical_error,1,0,399,13,3,0.23,0,0,1,payment_link,0,0.0
TX03316,C1890,10403.41,CARD,success,none,0,0,219,10,8,0.8,1,0,0,none,1,10403.41
TX03317,C0876,29999.8,UPI,success,none,0,0,410,1,0,0.0,0,0,0,none,1,29999.8
TX03318,C0137,30239.77,NETBANKING,success,none,0,0,451,13,11,0.85,0,0,0,none,1,30239.77
TX03319,C1812,10552.06,CARD,success,none,0,0,321,15,6,0.4,1,1,0,none,1,10552.06
TX03320,C1488,31579.03,NETBANKING,success,none,0,0,451,2,2,1.0,0,0,0,none,1,31579.03
TX03321,C2456,10051.81,UPI,abandoned,checkout_dropoff,2,1,384,18,3,0.17,0,0,1,send_reminder,1,10051.81
TX03322,C1012,35845.47,WALLET,success,none,0,0,598,10,4,0.4,1,7,0,none,1,35845.47
TX03323,C0958,27070.18,UPI,failed,insufficient_funds,1,0,523,19,0,0.0,1,0,0,send_reminder,1,27070.18
TX03324,C2266,9730.85,NETBANKING,failed,technical_error,0,0,551,18,16,0.89,0,0,1,payment_link,0,0.0
TX03325,C1006,40801.35,NETBANKING,success,none,0,0,422,17,10,0.59,0,0,0,none,1,40801.35
TX03326,C2062,2220.72,CARD,failed,network_error,1,0,255,2,2,1.0,1,0,2,retry_payment,0,0.0
TX03327,C0678,13407.84,CARD,success,none,0,0,247,12,4,0.33,1,1,0,none,1,13407.84
TX03328,C0725,49837.95,CARD,failed,insufficient_funds,3,0,42,8,8,1.0,1,0,0,send_reminder,0,0.0
TX03329,C0859,16639.85,NETBANKING,success,none,0,0,307,13,6,0.46,0,0,0,none,1,16639.85
TX03330,C1228,29452.79,UPI,success,none,0,0,422,9,7,0.78,1,0,0,none,1,29452.79
TX03331,C2388,6301.78,UPI,success,none,0,0,200,6,0,0.0,1,0,0,none,1,6301.78
TX03332,C0974,36405.82,WALLET,failed,insufficient_funds,4,0,428,17,2,0.12,0,0,1,send_reminder,1,36405.82
TX03333,C0503,15830.03,CARD,success,none,0,0,391,5,4,0.8,1,3,0,none,1,15830.03
TX03334,C1643,263.22,CARD,success,none,0,0,333,1,0,0.0,0,0,0,none,1,263.22
TX03335,C2401,17069.05,WALLET,success,none,0,0,541,1,0,0.0,0,0,0,none,1,17069.05
TX03336,C0281,9381.1,NETBANKING,failed,technical_error,0,0,564,3,2,0.67,0,0,2,payment_link,1,9381.1
TX03337,C0372,29967.32,UPI,success,none,0,0,420,12,0,0.0,1,0,0,none,1,29967.32
TX03338,C2358,4925.47,CARD,failed,timeout,3,0,555,15,2,0.13,1,7,1,retry_payment,0,0.0
TX03339,C0315,24254.75,UPI,success,none,0,0,161,20,6,0.3,0,0,0,none,1,24254.75
TX03340,C2288,45377.18,NETBANKING,success,none,0,0,113,20,13,0.65,0,0,0,none,1,45377.18
TX03341,C0630,48149.38,CARD,success,none,0,0,153,3,1,0.33,1,1,0,none,1,48149.38
TX03342,C0669,48093.68,UPI,success,none,0,0,281,2,2,1.0,0,0,0,none,1,48093.68
TX03343,C0874,24004.42,UPI,abandoned,checkout_dropoff,3,1,517,12,8,0.67,1,0,0,send_reminder,1,24004.42
TX03344,C1592,20091.44,UPI,failed,bank_error,3,0,144,2,2,1.0,0,0,1,payment_link,0,0.0
TX03345,C2425,49832.72,NETBANKING,abandoned,checkout_dropoff,3,1,335,16,2,0.12,0,0,1,payment_link,1,49832.72
TX03346,C0197,41606.83,UPI,success,none,0,0,134,5,5,1.0,0,0,0,none,1,41606.83
TX03347,C2494,46323.02,CARD,success,none,0,0,342,12,9,0.75,1,1,0,none,1,46323.02
TX03348,C0556,3166.47,CARD,success,none,0,0,301,11,9,0.82,1,1,0,none,1,3166.47
TX03349,C2069,35115.47,UPI,failed,timeout,3,0,120,19,12,0.63,0,0,1,retry_payment,0,0.0
TX03350,C1472,1735.91,CARD,success,none,0,0,154,2,0,0.0,1,0,0,none,1,1735.91
TX03351,C0502,20366.42,NETBANKING,failed,timeout,0,0,269,9,6,0.67,0,0,2,retry_payment,0,0.0
TX03352,C0309,34651.24,WALLET,abandoned,checkout_dropoff,2,1,49,18,7,0.39,1,0,2,send_reminder,1,34651.24
TX03353,C1444,1685.89,WALLET,success,none,0,0,350,17,1,0.06,1,7,0,none,1,1685.89
TX03354,C1871,13261.33,WALLET,success,none,0,0,580,8,8,1.0,1,1,0,none,1,13261.33
TX03355,C0167,24458.16,CARD,success,none,0,0,290,3,2,0.67,0,0,0,none,1,24458.16
TX03356,C0066,14659.72,NETBANKING,success,none,0,0,463,14,2,0.14,1,7,0,none,1,14659.72
TX03357,C2186,14525.21,WALLET,failed,timeout,0,0,363,7,0,0.0,0,0,1,retry_payment,1,14525.21
TX03358,C2030,7121.4,WALLET,success,none,0,0,310,13,8,0.62,1,1,0,none,1,7121.4
TX03359,C0059,6910.58,WALLET,success,none,0,0,466,13,1,0.08,0,0,0,none,1,6910.58
TX03360,C1599,19469.92,WALLET,success,none,0,0,204,10,9,0.9,0,0,0,none,1,19469.92
TX03361,C1107,40434.1,WALLET,failed,timeout,3,0,504,2,0,0.0,1,0,0,retry_payment,0,0.0
TX03362,C2039,37351.37,NETBANKING,success,none,0,0,74,12,7,0.58,0,0,0,none,1,37351.37
TX03363,C0845,4519.5,CARD,success,none,0,0,290,6,1,0.17,1,0,0,none,1,4519.5
TX03364,C1599,41590.89,UPI,success,none,0,0,545,20,9,0.45,1,15,0,none,1,41590.89
TX03365,C1854,9151.69,NETBANKING,abandoned,checkout_dropoff,0,1,357,5,0,0.0,1,15,0,payment_link,1,9151.69
TX03366,C0772,36005.8,NETBANKING,success,none,0,0,433,1,1,1.0,0,0,0,none,1,36005.8
TX03367,C1181,33261.31,CARD,success,none,0,0,136,1,0,0.0,0,0,0,none,1,33261.31
TX03368,C2371,13689.2,NETBANKING,failed,bank_error,0,0,293,3,2,0.67,0,0,2,payment_link,0,0.0
TX03369,C1989,25697.29,NETBANKING,failed,bank_error,3,0,503,19,17,0.89,0,0,1,payment_link,0,0.0
TX03370,C0185,37864.98,UPI,abandoned,checkout_dropoff,3,1,553,5,1,0.2,0,0,2,payment_link,0,0.0
TX03371,C2118,4224.36,UPI,failed,network_error,4,0,402,5,2,0.4,0,0,1,retry_payment,0,0.0
TX03372,C1409,49670.3,WALLET,failed,insufficient_funds,2,0,526,16,14,0.88,1,7,0,send_reminder,0,0.0
TX03373,C1709,10817.71,NETBANKING,success,none,0,0,555,5,1,0.2,1,7,0,none,1,10817.71
TX03374,C0611,15865.45,NETBANKING,failed,bank_error,2,0,217,11,1,0.09,0,0,2,payment_link,0,0.0
TX03375,C2282,37909.91,UPI,success,none,0,0,265,9,5,0.56,1,0,0,none,1,37909.91
TX03376,C2160,9497.06,WALLET,success,none,0,0,278,15,12,0.8,1,0,0,none,1,9497.06
TX03377,C1552,35487.85,CARD,success,none,0,0,517,10,5,0.5,1,0,0,none,1,35487.85
TX03378,C0530,2969.65,WALLET,success,none,0,0,83,7,6,0.86,1,1,0,none,1,2969.65
TX03379,C0421,18696.6,CARD,success,none,0,0,107,2,1,0.5,1,3,0,none,1,18696.6
TX03380,C0337,12994.84,NETBANKING,success,none,0,0,134,1,1,1.0,0,0,0,none,1,12994.84
TX03381,C1137,46114.38,NETBANKING,success,none,0,0,401,10,5,0.5,1,0,0,none,1,46114.38
TX03382,C0839,10833.97,WALLET,success,none,0,0,135,12,3,0.25,0,0,0,none,1,10833.97
TX03383,C0996,44380.77,WALLET,success,none,0,0,452,20,14,0.7,0,0,0,none,1,44380.77
TX03384,C0378,1452.5,UPI,failed,insufficient_funds,1,0,311,10,9,0.9,1,0,2,send_reminder,0,0.0
TX03385,C1458,40723.4,WALLET,success,none,0,0,553,17,16,0.94,0,0,0,none,1,40723.4
TX03386,C1951,25684.42,UPI,abandoned,checkout_dropoff,1,1,128,12,9,0.75,0,0,0,send_reminder,0,0.0
TX03387,C1870,21967.83,CARD,success,none,0,0,512,10,9,0.9,0,0,0,none,1,21967.83
TX03388,C0863,10876.44,CARD,success,none,0,0,244,20,10,0.5,1,1,0,none,1,10876.44
TX03389,C1799,886.25,WALLET,success,none,0,0,130,10,8,0.8,0,0,0,none,1,886.25
TX03390,C1624,27867.66,NETBANKING,success,none,0,0,518,9,0,0.0,1,0,0,none,1,27867.66
TX03391,C1650,19372.8,NETBANKING,success,none,0,0,13,15,12,0.8,0,0,0,none,1,19372.8
TX03392,C0664,42769.4,CARD,success,none,0,0,195,18,4,0.22,0,0,0,none,1,42769.4
TX03393,C2380,41483.88,CARD,failed,timeout,3,0,560,6,3,0.5,1,7,0,retry_payment,0,0.0
TX03394,C1748,13219.11,CARD,success,none,0,0,212,1,1,1.0,1,1,0,none,1,13219.11
TX03395,C1765,28582.03,UPI,abandoned,checkout_dropoff,3,1,416,2,1,0.5,1,30,1,payment_link,1,28582.03
TX03396,C1084,10438.08,NETBANKING,success,none,0,0,293,19,17,0.89,0,0,0,none,1,10438.08
TX03397,C0461,48336.02,NETBANKING,abandoned,checkout_dropoff,3,1,369,4,1,0.25,1,0,2,payment_link,0,0.0
TX03398,C0963,23490.59,UPI,success,none,0,0,29,10,8,0.8,0,0,0,none,1,23490.59
TX03399,C1542,12770.53,UPI,success,none,0,0,430,11,9,0.82,1,15,0,none,1,12770.53
TX03400,C2263,40363.23,NETBANKING,success,none,0,0,274,6,0,0.0,0,0,0,none,1,40363.23
TX03401,C2047,28775.65,CARD,abandoned,checkout_dropoff,1,1,429,7,6,0.86,1,1,1,payment_link,1,28775.65
TX03402,C1752,26079.4,WALLET,success,none,0,0,591,7,5,0.71,1,0,0,none,1,26079.4
TX03403,C1265,4647.08,NETBANKING,abandoned,checkout_dropoff,0,1,364,8,8,1.0,0,0,1,send_reminder,1,4647.08
TX03404,C0534,9761.03,UPI,failed,technical_error,3,0,127,12,0,0.0,0,0,0,payment_link,1,9761.03
TX03405,C0918,30567.52,NETBANKING,success,none,0,0,10,10,4,0.4,0,0,0,none,1,30567.52
TX03406,C0815,20752.37,NETBANKING,success,none,0,0,170,3,2,0.67,0,0,0,none,1,20752.37
TX03407,C0357,326.28,WALLET,success,none,0,0,403,9,7,0.78,0,0,0,none,1,326.28
TX03408,C1278,41994.43,UPI,success,none,0,0,502,8,8,1.0,0,0,0,none,1,41994.43
TX03409,C1563,22818.63,WALLET,success,none,0,0,246,13,7,0.54,0,0,0,none,1,22818.63
TX03410,C0150,29284.86,WALLET,success,none,0,0,195,7,7,1.0,0,0,0,none,1,29284.86
TX03411,C1771,15416.52,CARD,success,none,0,0,531,13,9,0.69,1,30,0,none,1,15416.52
TX03412,C1094,45576.34,WALLET,success,none,0,0,382,12,10,0.83,1,1,0,none,1,45576.34
TX03413,C0643,38457.39,WALLET,success,none,0,0,131,4,2,0.5,1,3,0,none,1,38457.39
TX03414,C0393,41710.13,WALLET,failed,bank_error,1,0,433,1,1,1.0,1,0,2,payment_link,1,41710.13
TX03415,C2255,21121.03,UPI,success,none,0,0,546,11,10,0.91,1,0,0,none,1,21121.03
TX03416,C1421,25147.53,WALLET,failed,timeout,2,0,227,7,6,0.86,1,0,1,retry_payment,0,0.0
TX03417,C0210,8577.17,CARD,success,none,0,0,415,16,13,0.81,1,1,0,none,1,8577.17
TX03418,C1081,36820.52,WALLET,failed,technical_error,3,0,275,19,8,0.42,1,3,2,payment_link,1,36820.52
TX03419,C0978,13898.8,WALLET,abandoned,checkout_dropoff,2,1,46,5,2,0.4,0,0,1,send_reminder,1,13898.8
TX03420,C0695,30105.69,UPI,success,none,0,0,289,17,12,0.71,1,15,0,none,1,30105.69
TX03421,C1060,16771.75,UPI,success,none,0,0,367,9,8,0.89,0,0,0,none,1,16771.75
TX03422,C1975,26343.86,NETBANKING,success,none,0,0,231,7,5,0.71,1,1,0,none,1,26343.86
TX03423,C0765,36136.46,UPI,success,none,0,0,398,10,8,0.8,0,0,0,none,1,36136.46
TX03424,C1134,40608.84,UPI,success,none,0,0,479,7,0,0.0,1,0,0,none,1,40608.84
TX03425,C0006,36141.19,WALLET,success,none,0,0,273,1,1,1.0,0,0,0,none,1,36141.19
TX03426,C0188,40147.85,CARD,success,none,0,0,538,8,8,1.0,1,1,0,none,1,40147.85
TX03427,C1769,10457.58,NETBANKING,abandoned,checkout_dropoff,3,1,297,14,4,0.29,1,15,0,payment_link,1,10457.58
TX03428,C1990,9988.99,WALLET,success,none,0,0,353,20,4,0.2,0,0,0,none,1,9988.99
TX03429,C2358,14327.12,UPI,success,none,0,0,100,1,0,0.0,1,0,0,none,1,14327.12
TX03430,C1979,40248.86,UPI,failed,timeout,2,0,127,13,4,0.31,1,1,1,retry_payment,0,0.0
TX03431,C1949,28375.92,WALLET,success,none,0,0,211,8,0,0.0,1,0,0,none,1,28375.92
TX03432,C1031,10905.15,NETBANKING,success,none,0,0,390,9,7,0.78,0,0,0,none,1,10905.15
TX03433,C1399,1341.76,NETBANKING,failed,bank_error,3,0,42,6,6,1.0,1,0,2,payment_link,1,1341.76
TX03434,C1927,16839.18,WALLET,success,none,0,0,97,18,3,0.17,0,0,0,none,1,16839.18
TX03435,C2457,9280.2,WALLET,abandoned,checkout_dropoff,1,1,593,4,1,0.25,0,0,1,send_reminder,1,9280.2
TX03436,C2451,32301.47,NETBANKING,abandoned,checkout_dropoff,0,1,222,8,7,0.88,1,30,2,send_reminder,1,32301.47
TX03437,C2069,38969.37,UPI,success,none,0,0,77,2,2,1.0,1,7,0,none,1,38969.37
TX03438,C1489,6131.46,UPI,failed,insufficient_funds,0,0,517,2,1,0.5,0,0,2,send_reminder,0,0.0
TX03439,C1235,22180.1,NETBANKING,success,none,0,0,210,1,0,0.0,1,1,0,none,1,22180.1
TX03440,C1439,23229.52,WALLET,abandoned,checkout_dropoff,2,1,301,1,1,1.0,1,1,0,send_reminder,1,23229.52
TX03441,C0041,9619.28,WALLET,success,none,0,0,528,8,6,0.75,1,0,0,none,1,9619.28
TX03442,C0339,21515.53,NETBANKING,failed,timeout,2,0,277,9,0,0.0,1,30,2,retry_payment,0,0.0
TX03443,C0884,1392.96,CARD,abandoned,checkout_dropoff,0,1,482,12,6,0.5,0,0,2,send_reminder,1,1392.96
TX03444,C0222,6385.06,NETBANKING,success,none,0,0,48,5,4,0.8,1,0,0,none,1,6385.06
TX03445,C0897,1262.27,CARD,abandoned,checkout_dropoff,2,1,419,12,4,0.33,0,0,2,payment_link,1,1262.27
TX03446,C2430,6043.5,NETBANKING,success,none,0,0,71,6,5,0.83,1,0,0,none,1,6043.5
TX03447,C0670,1482.65,CARD,failed,timeout,2,0,230,3,2,0.67,0,0,0,retry_payment,0,0.0
TX03448,C1197,6575.54,UPI,failed,timeout,1,0,49,13,8,0.62,0,0,0,retry_payment,0,0.0
TX03449,C1233,26511.61,UPI,failed,network_error,4,0,253,2,1,0.5,1,1,2,retry_payment,0,0.0
TX03450,C1837,11032.22,NETBANKING,success,none,0,0,507,20,14,0.7,0,0,0,none,1,11032.22
TX03451,C2404,40605.16,CARD,success,none,0,0,347,11,3,0.27,0,0,0,none,1,40605.16
TX03452,C1535,42929.46,CARD,success,none,0,0,202,17,4,0.24,1,30,0,none,1,42929.46
TX03453,C0539,29426.7,UPI,success,none,0,0,199,12,5,0.42,1,3,0,none,1,29426.7
TX03454,C2163,39215.44,UPI,success,none,0,0,356,19,1,0.05,0,0,0,none,1,39215.44
TX03455,C0220,46855.64,UPI,success,none,0,0,346,10,4,0.4,1,0,0,none,1,46855.64
TX03456,C1387,941.67,NETBANKING,success,none,0,0,298,19,3,0.16,1,3,0,none,1,941.67
TX03457,C2091,28691.01,NETBANKING,success,none,0,0,307,2,0,0.0,1,0,0,none,1,28691.01
TX03458,C1692,29863.85,NETBANKING,success,none,0,0,370,20,6,0.3,1,15,0,none,1,29863.85
TX03459,C2083,25636.83,UPI,success,none,0,0,147,5,3,0.6,1,7,0,none,1,25636.83
TX03460,C1229,22462.0,WALLET,success,none,0,0,514,9,5,0.56,0,0,0,none,1,22462.0
TX03461,C1516,14336.82,UPI,success,none,0,0,536,15,4,0.27,1,3,0,none,1,14336.82
TX03462,C1018,24229.87,WALLET,success,none,0,0,27,16,1,0.06,1,15,0,none,1,24229.87
TX03463,C1492,30072.3,NETBANKING,success,none,0,0,327,19,13,0.68,1,15,0,none,1,30072.3
TX03464,C0433,21931.57,CARD,success,none,0,0,587,11,6,0.55,1,0,0,none,1,21931.57
TX03465,C1352,18327.88,CARD,success,none,0,0,40,6,6,1.0,1,0,0,none,1,18327.88
TX03466,C1080,31278.45,UPI,success,none,0,0,136,5,1,0.2,1,0,0,none,1,31278.45
TX03467,C1978,19985.58,CARD,failed,insufficient_funds,2,0,125,7,4,0.57,0,0,2,send_reminder,1,19985.58
TX03468,C0203,2982.93,NETBANKING,abandoned,checkout_dropoff,2,1,579,8,4,0.5,1,0,1,send_reminder,0,0.0
TX03469,C1783,40110.72,UPI,success,none,0,0,581,7,3,0.43,1,7,0,none,1,40110.72
TX03470,C1982,35027.9,WALLET,success,none,0,0,65,18,11,0.61,0,0,0,none,1,35027.9
TX03471,C1236,49427.92,UPI,success,none,0,0,437,2,1,0.5,0,0,0,none,1,49427.92
TX03472,C0326,23787.74,NETBANKING,abandoned,checkout_dropoff,3,1,582,11,2,0.18,0,0,0,send_reminder,0,0.0
TX03473,C1602,27888.2,UPI,failed,timeout,1,0,80,14,0,0.0,1,1,0,retry_payment,1,27888.2
TX03474,C0137,18553.98,CARD,success,none,0,0,105,4,2,0.5,0,0,0,none,1,18553.98
TX03475,C0710,2376.78,WALLET,success,none,0,0,43,20,6,0.3,0,0,0,none,1,2376.78
TX03476,C0890,47033.46,WALLET,success,none,0,0,53,6,0,0.0,0,0,0,none,1,47033.46
TX03477,C2226,28113.71,WALLET,success,none,0,0,74,18,17,0.94,0,0,0,none,1,28113.71
TX03478,C2164,14998.28,WALLET,success,none,0,0,432,15,13,0.87,1,0,0,none,1,14998.28
TX03479,C1119,44057.77,CARD,failed,timeout,1,0,316,17,2,0.12,0,0,2,retry_payment,1,44057.77
TX03480,C1658,21861.25,WALLET,success,none,0,0,432,10,4,0.4,0,0,0,none,1,21861.25
TX03481,C1056,23262.38,CARD,failed,bank_error,3,0,454,14,3,0.21,1,1,2,payment_link,0,0.0
TX03482,C0381,34218.35,WALLET,success,none,0,0,319,9,9,1.0,0,0,0,none,1,34218.35
TX03483,C1275,19530.88,WALLET,failed,insufficient_funds,2,0,403,20,6,0.3,1,0,1,send_reminder,0,0.0
TX03484,C1791,20288.09,CARD,success,none,0,0,295,1,0,0.0,1,7,0,none,1,20288.09
TX03485,C2390,37998.42,WALLET,success,none,0,0,407,13,6,0.46,0,0,0,none,1,37998.42
TX03486,C0499,33132.15,CARD,failed,timeout,1,0,258,5,2,0.4,1,1,0,retry_payment,1,33132.15
TX03487,C0928,23491.98,CARD,success,none,0,0,581,9,0,0.0,1,3,0,none,1,23491.98
TX03488,C0264,10346.88,WALLET,success,none,0,0,318,17,10,0.59,1,1,0,none,1,10346.88
TX03489,C0211,46426.47,NETBANKING,success,none,0,0,404,11,10,0.91,1,3,0,none,1,46426.47
TX03490,C1524,41318.6,WALLET,success,none,0,0,585,1,0,0.0,1,0,0,none,1,41318.6
TX03491,C0540,45844.89,WALLET,failed,insufficient_funds,2,0,280,7,6,0.86,0,0,0,send_reminder,1,45844.89
TX03492,C1506,20672.13,NETBANKING,abandoned,checkout_dropoff,2,1,207,9,4,0.44,0,0,0,payment_link,1,20672.13
TX03493,C0360,49038.14,WALLET,success,none,0,0,476,4,2,0.5,0,0,0,none,1,49038.14
TX03494,C0208,12628.1,UPI,success,none,0,0,104,19,16,0.84,1,3,0,none,1,12628.1
TX03495,C0089,40262.43,WALLET,success,none,0,0,113,8,3,0.38,1,15,0,none,1,40262.43
TX03496,C2242,16111.32,UPI,success,none,0,0,202,6,6,1.0,0,0,0,none,1,16111.32
TX03497,C2305,25135.07,WALLET,failed,technical_error,1,0,200,16,1,0.06,1,0,0,payment_link,1,25135.07
TX03498,C0007,20230.14,UPI,failed,technical_error,0,0,49,12,2,0.17,0,0,2,payment_link,0,0.0
TX03499,C1095,17608.67,NETBANKING,success,none,0,0,426,12,9,0.75,0,0,0,none,1,17608.67
TX03500,C1368,42392.79,WALLET,success,none,0,0,194,12,9,0.75,1,0,0,none,1,42392.79
TX03501,C0464,40128.3,CARD,success,none,0,0,525,7,0,0.0,1,30,0,none,1,40128.3
TX03502,C0026,31450.06,WALLET,failed,insufficient_funds,0,0,236,2,1,0.5,0,0,0,send_reminder,1,31450.06
TX03503,C0574,5615.0,WALLET,success,none,0,0,215,15,3,0.2,1,30,0,none,1,5615.0
TX03504,C0980,48328.05,CARD,success,none,0,0,261,3,1,0.33,1,0,0,none,1,48328.05
TX03505,C0357,9144.84,WALLET,success,none,0,0,417,2,0,0.0,0,0,0,none,1,9144.84
TX03506,C0825,20204.97,WALLET,abandoned,checkout_dropoff,2,1,532,1,1,1.0,0,0,1,send_reminder,1,20204.97
TX03507,C1386,7659.6,WALLET,abandoned,checkout_dropoff,0,1,257,13,10,0.77,1,3,1,payment_link,1,7659.6
TX03508,C0462,584.27,NETBANKING,abandoned,checkout_dropoff,3,1,573,16,1,0.06,1,1,0,send_reminder,1,584.27
TX03509,C0291,48579.27,UPI,failed,network_error,3,0,474,20,6,0.3,0,0,0,retry_payment,0,0.0
TX03510,C1495,40012.02,CARD,success,none,0,0,245,8,0,0.0,1,0,0,none,1,40012.02
TX03511,C1155,36756.98,NETBANKING,abandoned,checkout_dropoff,3,1,348,16,1,0.06,1,1,0,payment_link,1,36756.98
TX03512,C2163,11514.67,CARD,success,none,0,0,415,9,6,0.67,1,1,0,none,1,11514.67
TX03513,C1356,37012.94,UPI,success,none,0,0,45,10,1,0.1,0,0,0,none,1,37012.94
TX03514,C1323,35562.72,UPI,failed,network_error,0,0,236,7,4,0.57,1,7,0,retry_payment,0,0.0
TX03515,C1707,10313.52,CARD,success,none,0,0,503,12,11,0.92,1,0,0,none,1,10313.52
TX03516,C0217,344.33,NETBANKING,success,none,0,0,279,8,7,0.88,1,0,0,none,1,344.33
TX03517,C0601,4975.43,WALLET,success,none,0,0,286,15,1,0.07,0,0,0,none,1,4975.43
TX03518,C0754,17182.25,CARD,success,none,0,0,239,7,7,1.0,0,0,0,none,1,17182.25
TX03519,C1840,32168.8,NETBANKING,success,none,0,0,121,15,12,0.8,1,0,0,none,1,32168.8
TX03520,C1453,30294.46,WALLET,abandoned,checkout_dropoff,1,1,586,8,0,0.0,0,0,2,payment_link,0,0.0
TX03521,C1488,44645.5,UPI,failed,timeout,4,0,203,8,1,0.12,1,1,1,retry_payment,0,0.0
TX03522,C1178,32250.44,UPI,success,none,0,0,273,10,0,0.0,1,0,0,none,1,32250.44
TX03523,C1213,46418.21,NETBANKING,failed,insufficient_funds,4,0,217,12,7,0.58,0,0,1,send_reminder,0,0.0
TX03524,C1511,533.98,NETBANKING,success,none,0,0,22,16,10,0.62,1,0,0,none,1,533.98
TX03525,C0747,22618.31,CARD,success,none,0,0,141,13,12,0.92,0,0,0,none,1,22618.31
TX03526,C0497,28143.43,UPI,failed,network_error,4,0,235,14,13,0.93,0,0,2,retry_payment,0,0.0
TX03527,C0279,29560.45,UPI,failed,network_error,3,0,60,2,0,0.0,0,0,1,retry_payment,0,0.0
TX03528,C1664,33405.23,UPI,success,none,0,0,546,15,14,0.93,1,15,0,none,1,33405.23
TX03529,C0204,4414.42,WALLET,success,none,0,0,404,17,4,0.24,0,0,0,none,1,4414.42
TX03530,C0431,28245.77,WALLET,success,none,0,0,420,10,6,0.6,0,0,0,none,1,28245.77
TX03531,C2011,22589.99,NETBANKING,abandoned,checkout_dropoff,2,1,409,19,3,0.16,0,0,0,payment_link,1,22589.99
TX03532,C0839,18546.07,CARD,failed,timeout,3,0,299,17,5,0.29,1,0,1,retry_payment,0,0.0
TX03533,C1462,5470.86,WALLET,failed,timeout,3,0,494,7,5,0.71,0,0,2,retry_payment,0,0.0
TX03534,C0536,36594.98,WALLET,failed,insufficient_funds,4,0,470,10,7,0.7,1,1,2,send_reminder,1,36594.98
TX03535,C1365,32799.35,NETBANKING,success,none,0,0,250,12,6,0.5,1,7,0,none,1,32799.35
TX03536,C0727,17663.26,UPI,failed,timeout,1,0,73,13,4,0.31,1,1,1,retry_payment,1,17663.26
TX03537,C2011,5774.41,UPI,success,none,0,0,599,7,3,0.43,1,0,0,none,1,5774.41
TX03538,C0154,10801.8,UPI,success,none,0,0,578,16,6,0.38,0,0,0,none,1,10801.8
TX03539,C1315,32141.43,CARD,success,none,0,0,498,12,3,0.25,0,0,0,none,1,32141.43
TX03540,C1350,42186.51,CARD,success,none,0,0,185,2,0,0.0,1,7,0,none,1,42186.51
TX03541,C2011,12828.34,UPI,success,none,0,0,581,6,3,0.5,0,0,0,none,1,12828.34
TX03542,C1190,37351.23,UPI,success,none,0,0,594,6,6,1.0,0,0,0,none,1,37351.23
TX03543,C0563,29034.65,UPI,success,none,0,0,481,17,13,0.76,1,15,0,none,1,29034.65
TX03544,C0034,39702.15,NETBANKING,failed,technical_error,2,0,66,11,5,0.45,1,3,1,payment_link,0,0.0
TX03545,C2305,4128.1,NETBANKING,success,none,0,0,138,10,3,0.3,1,1,0,none,1,4128.1
TX03546,C0846,17617.16,UPI,success,none,0,0,348,16,11,0.69,0,0,0,none,1,17617.16
TX03547,C2407,7207.98,WALLET,success,none,0,0,288,17,1,0.06,0,0,0,none,1,7207.98
TX03548,C1559,29657.9,NETBANKING,success,none,0,0,370,14,2,0.14,1,0,0,none,1,29657.9
TX03549,C2362,5200.91,WALLET,failed,technical_error,0,0,543,18,10,0.56,1,0,1,payment_link,0,0.0
TX03550,C0934,38745.73,NETBANKING,success,none,0,0,118,2,2,1.0,0,0,0,none,1,38745.73
TX03551,C0065,15132.13,WALLET,failed,timeout,3,0,276,20,6,0.3,1,0,2,retry_payment,0,0.0
TX03552,C0616,5913.66,UPI,success,none,0,0,547,3,3,1.0,0,0,0,none,1,5913.66
TX03553,C0878,47977.38,CARD,success,none,0,0,338,7,4,0.57,0,0,0,none,1,47977.38
TX03554,C0413,4639.8,WALLET,success,none,0,0,203,10,7,0.7,1,0,0,none,1,4639.8
TX03555,C0379,43558.34,WALLET,success,none,0,0,175,13,2,0.15,1,7,0,none,1,43558.34
TX03556,C1370,45447.86,NETBANKING,success,none,0,0,176,1,0,0.0,0,0,0,none,1,45447.86
TX03557,C0945,17215.79,NETBANKING,failed,timeout,1,0,157,8,4,0.5,0,0,0,retry_payment,1,17215.79
TX03558,C1822,12456.78,NETBANKING,success,none,0,0,404,13,0,0.0,1,7,0,none,1,12456.78
TX03559,C1062,23719.76,UPI,failed,network_error,3,0,61,8,8,1.0,0,0,0,retry_payment,0,0.0
TX03560,C1809,28988.87,NETBANKING,success,none,0,0,204,11,2,0.18,0,0,0,none,1,28988.87
TX03561,C1064,31693.86,UPI,failed,network_error,1,0,179,10,10,1.0,0,0,1,retry_payment,1,31693.86
TX03562,C0276,19271.89,UPI,abandoned,checkout_dropoff,2,1,456,9,1,0.11,1,0,0,payment_link,1,19271.89
TX03563,C1781,19724.87,UPI,success,none,0,0,358,20,2,0.1,1,15,0,none,1,19724.87
TX03564,C1309,27685.88,WALLET,success,none,0,0,111,12,11,0.92,1,1,0,none,1,27685.88
TX03565,C2318,3165.32,NETBANKING,success,none,0,0,321,19,5,0.26,0,0,0,none,1,3165.32
TX03566,C0351,40759.11,UPI,success,none,0,0,115,10,2,0.2,1,1,0,none,1,40759.11
TX03567,C1189,5685.89,UPI,failed,bank_error,4,0,380,13,9,0.69,0,0,1,payment_link,1,5685.89
TX03568,C0690,20726.96,CARD,success,none,0,0,133,6,6,1.0,0,0,0,none,1,20726.96
TX03569,C0443,22621.18,UPI,success,none,0,0,528,10,4,0.4,1,1,0,none,1,22621.18
TX03570,C2062,25771.79,WALLET,success,none,0,0,314,18,2,0.11,0,0,0,none,1,25771.79
TX03571,C1898,9493.56,UPI,success,none,0,0,404,15,10,0.67,0,0,0,none,1,9493.56
TX03572,C1706,15746.13,NETBANKING,failed,timeout,0,0,330,7,2,0.29,0,0,0,retry_payment,1,15746.13
TX03573,C0390,5099.02,UPI,success,none,0,0,150,7,1,0.14,1,0,0,none,1,5099.02
TX03574,C2186,38421.63,CARD,success,none,0,0,566,9,0,0.0,0,0,0,none,1,38421.63
TX03575,C0605,44094.11,NETBANKING,success,none,0,0,412,16,2,0.12,0,0,0,none,1,44094.11
TX03576,C0648,699.38,CARD,success,none,0,0,269,6,1,0.17,1,0,0,none,1,699.38
TX03577,C0162,40714.42,WALLET,success,none,0,0,328,5,4,0.8,0,0,0,none,1,40714.42
TX03578,C2417,37614.46,WALLET,success,none,0,0,446,13,7,0.54,1,0,0,none,1,37614.46
TX03579,C2209,35099.84,WALLET,success,none,0,0,147,3,0,0.0,1,3,0,none,1,35099.84
TX03580,C0732,39715.89,UPI,success,none,0,0,233,2,1,0.5,0,0,0,none,1,39715.89
TX03581,C0077,34458.54,WALLET,abandoned,checkout_dropoff,1,1,300,15,4,0.27,1,0,0,send_reminder,1,34458.54
TX03582,C1790,37298.08,CARD,success,none,0,0,507,14,12,0.86,0,0,0,none,1,37298.08
TX03583,C2380,27635.22,CARD,success,none,0,0,115,18,5,0.28,0,0,0,none,1,27635.22
TX03584,C1562,32475.59,CARD,failed,technical_error,4,0,446,17,0,0.0,1,15,0,payment_link,0,0.0
TX03585,C1124,9196.15,CARD,success,none,0,0,477,8,1,0.12,1,1,0,none,1,9196.15
TX03586,C0290,41066.81,WALLET,failed,timeout,1,0,92,7,5,0.71,0,0,1,retry_payment,1,41066.81
TX03587,C0234,17439.81,WALLET,abandoned,checkout_dropoff,0,1,517,16,11,0.69,0,0,2,send_reminder,0,0.0
TX03588,C2367,30549.2,WALLET,success,none,0,0,364,15,12,0.8,1,3,0,none,1,30549.2
TX03589,C1699,6437.24,UPI,success,none,0,0,21,11,9,0.82,1,0,0,none,1,6437.24
TX03590,C1054,27711.76,NETBANKING,success,none,0,0,185,6,2,0.33,1,0,0,none,1,27711.76
TX03591,C0804,40893.16,CARD,failed,insufficient_funds,4,0,78,12,4,0.33,0,0,0,send_reminder,0,0.0
TX03592,C1452,5664.75,UPI,success,none,0,0,430,16,9,0.56,1,0,0,none,1,5664.75
TX03593,C0944,48870.88,WALLET,success,none,0,0,374,20,0,0.0,1,3,0,none,1,48870.88
TX03594,C1032,3431.3,CARD,success,none,0,0,155,5,1,0.2,1,0,0,none,1,3431.3
TX03595,C1995,42195.25,WALLET,failed,network_error,1,0,186,7,1,0.14,0,0,1,retry_payment,1,42195.25
TX03596,C0259,44364.78,CARD,success,none,0,0,324,15,10,0.67,0,0,0,none,1,44364.78
TX03597,C0492,3716.18,CARD,success,none,0,0,334,19,13,0.68,0,0,0,none,1,3716.18
TX03598,C2040,44579.16,CARD,success,none,0,0,323,20,6,0.3,0,0,0,none,1,44579.16
TX03599,C0431,44903.75,WALLET,success,none,0,0,256,2,1,0.5,1,7,0,none,1,44903.75
TX03600,C2382,44453.28,UPI,success,none,0,0,555,4,4,1.0,0,0,0,none,1,44453.28
TX03601,C0998,35308.21,NETBANKING,success,none,0,0,391,3,0,0.0,0,0,0,none,1,35308.21
TX03602,C0529,3572.57,CARD,success,none,0,0,268,1,0,0.0,1,0,0,none,1,3572.57
TX03603,C2121,13237.17,WALLET,success,none,0,0,573,16,14,0.88,0,0,0,none,1,13237.17
TX03604,C0753,38022.52,NETBANKING,success,none,0,0,597,16,0,0.0,0,0,0,none,1,38022.52
TX03605,C0526,48139.73,NETBANKING,success,none,0,0,328,16,8,0.5,0,0,0,none,1,48139.73
TX03606,C0840,15477.99,CARD,success,none,0,0,431,12,1,0.08,0,0,0,none,1,15477.99
TX03607,C0086,14852.59,WALLET,success,none,0,0,22,10,1,0.1,0,0,0,none,1,14852.59
TX03608,C0500,11873.76,NETBANKING,success,none,0,0,476,19,9,0.47,0,0,0,none,1,11873.76
TX03609,C0194,36093.43,CARD,failed,bank_error,1,0,375,14,12,0.86,1,0,1,payment_link,1,36093.43
TX03610,C0315,35596.49,WALLET,failed,technical_error,3,0,443,16,14,0.88,1,15,1,payment_link,1,35596.49
TX03611,C1904,32882.83,CARD,failed,timeout,4,0,96,18,18,1.0,0,0,2,retry_payment,0,0.0
TX03612,C1870,32232.51,CARD,success,none,0,0,528,16,7,0.44,0,0,0,none,1,32232.51
TX03613,C1127,18190.05,NETBANKING,success,none,0,0,523,14,14,1.0,0,0,0,none,1,18190.05
TX03614,C1869,41449.3,CARD,success,none,0,0,561,18,0,0.0,1,30,0,none,1,41449.3
TX03615,C2371,32934.57,NETBANKING,failed,network_error,1,0,119,12,7,0.58,1,1,2,retry_payment,1,32934.57
TX03616,C0435,38408.12,NETBANKING,success,none,0,0,410,5,0,0.0,1,15,0,none,1,38408.12
TX03617,C1253,30127.34,CARD,success,none,0,0,468,3,2,0.67,1,0,0,none,1,30127.34
TX03618,C1682,11549.61,NETBANKING,failed,technical_error,0,0,153,2,2,1.0,1,30,1,payment_link,1,11549.61
TX03619,C0808,23040.09,NETBANKING,success,none,0,0,364,12,10,0.83,1,3,0,none,1,23040.09
TX03620,C0898,33753.73,NETBANKING,success,none,0,0,46,15,13,0.87,1,0,0,none,1,33753.73
TX03621,C2062,43751.46,CARD,success,none,0,0,148,4,0,0.0,0,0,0,none,1,43751.46
TX03622,C1866,39025.38,UPI,abandoned,checkout_dropoff,0,1,327,16,2,0.12,0,0,0,payment_link,1,39025.38
TX03623,C1817,18479.64,WALLET,success,none,0,0,25,9,1,0.11,0,0,0,none,1,18479.64
TX03624,C1273,27687.2,WALLET,success,none,0,0,544,14,4,0.29,1,0,0,none,1,27687.2
TX03625,C1776,6478.93,NETBANKING,success,none,0,0,519,2,2,1.0,1,1,0,none,1,6478.93
TX03626,C1698,23606.94,UPI,failed,network_error,4,0,484,15,0,0.0,0,0,0,retry_payment,0,0.0
TX03627,C0644,16449.72,UPI,failed,insufficient_funds,1,0,39,15,7,0.47,0,0,1,send_reminder,1,16449.72
TX03628,C1734,38679.36,WALLET,failed,insufficient_funds,4,0,71,7,0,0.0,1,7,0,send_reminder,1,38679.36
TX03629,C1901,22227.06,CARD,success,none,0,0,597,6,2,0.33,1,0,0,none,1,22227.06
TX03630,C2161,6236.36,CARD,success,none,0,0,533,14,12,0.86,1,0,0,none,1,6236.36
TX03631,C1014,4370.14,NETBANKING,abandoned,checkout_dropoff,3,1,390,4,4,1.0,0,0,2,payment_link,1,4370.14
TX03632,C0331,44897.32,WALLET,success,none,0,0,261,9,3,0.33,1,0,0,none,1,44897.32
TX03633,C0634,17834.17,WALLET,failed,technical_error,2,0,39,11,3,0.27,1,0,2,payment_link,1,17834.17
TX03634,C0635,10434.14,UPI,failed,insufficient_funds,0,0,78,4,4,1.0,0,0,0,send_reminder,0,0.0
TX03635,C1554,776.7,UPI,success,none,0,0,421,19,6,0.32,0,0,0,none,1,776.7
TX03636,C0136,18151.95,CARD,success,none,0,0,326,9,2,0.22,1,7,0,none,1,18151.95
TX03637,C1793,32768.49,CARD,failed,insufficient_funds,1,0,583,9,2,0.22,1,7,1,send_reminder,1,32768.49
TX03638,C0446,48173.37,NETBANKING,failed,timeout,4,0,328,9,2,0.22,1,7,0,retry_payment,0,0.0
TX03639,C2188,13905.57,NETBANKING,success,none,0,0,459,11,8,0.73,0,0,0,none,1,13905.57
TX03640,C1645,26592.39,NETBANKING,success,none,0,0,119,9,9,1.0,1,30,0,none,1,26592.39
TX03641,C0750,39993.8,CARD,success,none,0,0,578,12,9,0.75,0,0,0,none,1,39993.8
TX03642,C1425,25656.57,CARD,abandoned,checkout_dropoff,2,1,185,17,16,0.94,0,0,1,send_reminder,1,25656.57
TX03643,C1295,2469.44,WALLET,failed,timeout,0,0,471,7,5,0.71,1,7,0,retry_payment,0,0.0
TX03644,C1467,9205.54,WALLET,success,none,0,0,504,9,4,0.44,1,1,0,none,1,9205.54
TX03645,C1084,39757.32,CARD,success,none,0,0,447,10,0,0.0,0,0,0,none,1,39757.32
TX03646,C1781,633.71,CARD,success,none,0,0,569,14,2,0.14,1,0,0,none,1,633.71
TX03647,C1496,40155.88,WALLET,success,none,0,0,243,18,11,0.61,1,3,0,none,1,40155.88
TX03648,C1556,1230.75,UPI,success,none,0,0,32,9,0,0.0,1,0,0,none,1,1230.75
TX03649,C1477,12813.4,NETBANKING,failed,timeout,3,0,54,3,3,1.0,0,0,2,retry_payment,0,0.0
TX03650,C0912,7238.51,NETBANKING,success,none,0,0,460,19,4,0.21,1,30,0,none,1,7238.51
TX03651,C1477,33487.76,UPI,failed,insufficient_funds,1,0,137,13,12,0.92,0,0,1,send_reminder,1,33487.76
TX03652,C0241,32524.42,CARD,failed,timeout,2,0,262,20,16,0.8,1,30,0,retry_payment,0,0.0
TX03653,C1884,27929.18,NETBANKING,success,none,0,0,258,14,1,0.07,1,1,0,none,1,27929.18
TX03654,C1084,28581.46,NETBANKING,success,none,0,0,323,20,11,0.55,1,7,0,none,1,28581.46
TX03655,C2077,43817.16,CARD,success,none,0,0,207,4,3,0.75,1,3,0,none,1,43817.16
TX03656,C0589,22084.55,UPI,success,none,0,0,145,5,5,1.0,1,15,0,none,1,22084.55
TX03657,C0662,10821.21,CARD,success,none,0,0,142,16,12,0.75,0,0,0,none,1,10821.21
TX03658,C1891,20551.02,NETBANKING,failed,insufficient_funds,0,0,294,13,5,0.38,1,0,1,send_reminder,1,20551.02
TX03659,C0948,25331.12,UPI,abandoned,checkout_dropoff,2,1,16,5,5,1.0,0,0,2,payment_link,1,25331.12
TX03660,C1196,34022.71,NETBANKING,success,none,0,0,183,17,4,0.24,1,7,0,none,1,34022.71
TX03661,C1721,24620.33,NETBANKING,success,none,0,0,225,11,11,1.0,1,0,0,none,1,24620.33
TX03662,C0939,41031.99,WALLET,success,none,0,0,146,15,6,0.4,1,7,0,none,1,41031.99
TX03663,C2370,9517.92,NETBANKING,success,none,0,0,22,5,3,0.6,0,0,0,none,1,9517.92
TX03664,C2006,22162.93,CARD,success,none,0,0,208,9,8,0.89,1,30,0,none,1,22162.93
TX03665,C2332,33390.85,WALLET,abandoned,checkout_dropoff,2,1,231,16,2,0.12,1,15,0,send_reminder,1,33390.85
TX03666,C1459,9239.45,CARD,success,none,0,0,474,8,0,0.0,1,0,0,none,1,9239.45
TX03667,C0859,42096.57,WALLET,success,none,0,0,243,4,1,0.25,1,30,0,none,1,42096.57
TX03668,C1128,47078.81,NETBANKING,success,none,0,0,62,6,5,0.83,1,3,0,none,1,47078.81
TX03669,C1529,30405.55,UPI,success,none,0,0,431,18,0,0.0,0,0,0,none,1,30405.55
TX03670,C2489,3127.85,CARD,success,none,0,0,584,16,2,0.12,0,0,0,none,1,3127.85
TX03671,C0497,26217.84,NETBANKING,success,none,0,0,261,20,20,1.0,1,1,0,none,1,26217.84
TX03672,C0155,6743.96,CARD,success,none,0,0,345,20,19,0.95,1,30,0,none,1,6743.96
TX03673,C0471,23120.15,WALLET,failed,network_error,1,0,181,7,0,0.0,0,0,0,retry_payment,0,0.0
TX03674,C2479,14293.87,UPI,success,none,0,0,22,6,6,1.0,1,0,0,none,1,14293.87
TX03675,C0906,46651.2,UPI,success,none,0,0,569,14,7,0.5,1,1,0,none,1,46651.2
TX03676,C1985,16362.19,NETBANKING,abandoned,checkout_dropoff,0,1,356,19,3,0.16,1,0,1,send_reminder,0,0.0
TX03677,C0721,45082.6,WALLET,success,none,0,0,308,13,2,0.15,1,0,0,none,1,45082.6
TX03678,C1759,47780.66,UPI,success,none,0,0,137,10,2,0.2,0,0,0,none,1,47780.66
TX03679,C1264,39702.85,CARD,failed,insufficient_funds,2,0,57,9,6,0.67,0,0,1,send_reminder,1,39702.85
TX03680,C1069,33187.47,NETBANKING,success,none,0,0,216,19,9,0.47,0,0,0,none,1,33187.47
TX03681,C1744,39248.76,WALLET,success,none,0,0,44,15,13,0.87,1,1,0,none,1,39248.76
TX03682,C1829,13682.51,UPI,abandoned,checkout_dropoff,0,1,65,13,10,0.77,1,0,1,payment_link,0,0.0
TX03683,C0376,25299.38,CARD,failed,technical_error,4,0,334,7,7,1.0,1,0,1,payment_link,0,0.0
TX03684,C2356,10795.5,UPI,success,none,0,0,282,12,10,0.83,0,0,0,none,1,10795.5
TX03685,C1060,49112.4,WALLET,success,none,0,0,286,15,0,0.0,1,0,0,none,1,49112.4
TX03686,C2414,10205.12,NETBANKING,success,none,0,0,531,15,11,0.73,1,7,0,none,1,10205.12
TX03687,C0731,49290.36,CARD,failed,bank_error,1,0,490,7,5,0.71,1,0,1,payment_link,1,49290.36
TX03688,C0757,49452.57,CARD,failed,network_error,0,0,575,11,7,0.64,1,7,0,retry_payment,1,49452.57
TX03689,C0582,35340.84,CARD,success,none,0,0,407,13,0,0.0,0,0,0,none,1,35340.84
TX03690,C2378,27074.68,UPI,failed,insufficient_funds,3,0,560,7,6,0.86,0,0,0,send_reminder,0,0.0
TX03691,C0127,10268.79,NETBANKING,success,none,0,0,261,13,5,0.38,0,0,0,none,1,10268.79
TX03692,C0513,29497.68,NETBANKING,success,none,0,0,558,9,9,1.0,1,15,0,none,1,29497.68
TX03693,C1808,40855.08,UPI,failed,network_error,3,0,55,1,1,1.0,1,30,0,retry_payment,0,0.0
TX03694,C1139,39401.54,CARD,failed,network_error,0,0,294,19,2,0.11,1,30,1,retry_payment,0,0.0
TX03695,C0807,19498.46,WALLET,success,none,0,0,400,8,8,1.0,1,0,0,none,1,19498.46
TX03696,C0325,45345.96,WALLET,failed,insufficient_funds,0,0,342,9,5,0.56,1,0,1,send_reminder,0,0.0
TX03697,C2209,36276.77,NETBANKING,success,none,0,0,184,16,16,1.0,1,15,0,none,1,36276.77
TX03698,C0261,12684.49,WALLET,success,none,0,0,222,9,9,1.0,0,0,0,none,1,12684.49
TX03699,C0337,31723.05,CARD,success,none,0,0,234,19,18,0.95,0,0,0,none,1,31723.05
TX03700,C0503,15839.35,UPI,success,none,0,0,135,7,2,0.29,0,0,0,none,1,15839.35
TX03701,C1186,35975.06,NETBANKING,abandoned,checkout_dropoff,2,1,439,15,15,1.0,0,0,2,send_reminder,0,0.0
TX03702,C1090,5701.06,WALLET,success,none,0,0,398,13,0,0.0,1,0,0,none,1,5701.06
TX03703,C2245,29537.01,CARD,success,none,0,0,111,13,10,0.77,1,0,0,none,1,29537.01
TX03704,C1642,24679.2,WALLET,failed,technical_error,2,0,495,14,6,0.43,1,15,1,payment_link,0,0.0
TX03705,C0192,28194.51,CARD,success,none,0,0,360,5,4,0.8,1,0,0,none,1,28194.51
TX03706,C1314,46343.36,UPI,success,none,0,0,73,10,9,0.9,1,1,0,none,1,46343.36
TX03707,C2431,28003.92,WALLET,abandoned,checkout_dropoff,3,1,379,10,4,0.4,0,0,0,payment_link,1,28003.92
TX03708,C2270,18218.41,UPI,success,none,0,0,184,20,17,0.85,1,7,0,none,1,18218.41
TX03709,C0951,32338.67,WALLET,failed,insufficient_funds,0,0,73,13,12,0.92,1,0,1,send_reminder,1,32338.67
TX03710,C0829,29290.98,CARD,success,none,0,0,99,9,3,0.33,0,0,0,none,1,29290.98
TX03711,C0795,4630.31,CARD,abandoned,checkout_dropoff,1,1,257,1,0,0.0,0,0,2,payment_link,0,0.0
TX03712,C1077,33495.48,WALLET,success,none,0,0,523,18,10,0.56,1,1,0,none,1,33495.48
TX03713,C1310,18702.23,NETBANKING,success,none,0,0,593,13,1,0.08,1,0,0,none,1,18702.23
TX03714,C0790,20720.99,WALLET,abandoned,checkout_dropoff,2,1,475,17,6,0.35,1,0,2,send_reminder,0,0.0
TX03715,C0819,32578.31,WALLET,failed,network_error,1,0,346,12,6,0.5,1,15,0,retry_payment,1,32578.31
TX03716,C0833,40432.69,NETBANKING,failed,timeout,3,0,266,3,3,1.0,0,0,1,retry_payment,0,0.0
TX03717,C1586,45217.1,UPI,success,none,0,0,123,14,2,0.14,1,15,0,none,1,45217.1
TX03718,C2469,15464.64,WALLET,success,none,0,0,182,19,6,0.32,1,7,0,none,1,15464.64
TX03719,C2199,14341.07,WALLET,success,none,0,0,380,4,3,0.75,1,0,0,none,1,14341.07
TX03720,C1972,28316.55,UPI,success,none,0,0,14,5,5,1.0,1,7,0,none,1,28316.55
TX03721,C2486,37998.31,NETBANKING,failed,bank_error,0,0,202,18,14,0.78,0,0,0,payment_link,1,37998.31
TX03722,C0509,38837.11,NETBANKING,success,none,0,0,595,2,2,1.0,1,15,0,none,1,38837.11
TX03723,C1568,8741.79,NETBANKING,failed,insufficient_funds,3,0,197,5,0,0.0,0,0,1,send_reminder,1,8741.79
TX03724,C1672,11009.9,CARD,success,none,0,0,371,2,2,1.0,0,0,0,none,1,11009.9
TX03725,C1180,9592.81,CARD,success,none,0,0,340,8,8,1.0,0,0,0,none,1,9592.81
TX03726,C1133,921.78,UPI,success,none,0,0,331,11,9,0.82,1,0,0,none,1,921.78
TX03727,C1121,44719.63,UPI,success,none,0,0,299,17,9,0.53,0,0,0,none,1,44719.63
TX03728,C1420,2653.66,NETBANKING,success,none,0,0,227,8,2,0.25,0,0,0,none,1,2653.66
TX03729,C2394,32054.62,WALLET,success,none,0,0,281,9,0,0.0,1,15,0,none,1,32054.62
TX03730,C0829,4484.74,UPI,success,none,0,0,108,18,5,0.28,0,0,0,none,1,4484.74
TX03731,C1346,35189.69,CARD,abandoned,checkout_dropoff,1,1,510,16,7,0.44,1,0,1,send_reminder,1,35189.69
TX03732,C0266,21991.04,WALLET,success,none,0,0,240,11,5,0.45,1,1,0,none,1,21991.04
TX03733,C0438,14547.41,UPI,success,none,0,0,408,14,6,0.43,0,0,0,none,1,14547.41
TX03734,C1391,44587.5,CARD,success,none,0,0,600,5,4,0.8,1,0,0,none,1,44587.5
TX03735,C0209,41646.98,UPI,success,none,0,0,110,7,4,0.57,0,0,0,none,1,41646.98
TX03736,C1023,28555.82,WALLET,success,none,0,0,562,20,20,1.0,1,1,0,none,1,28555.82
TX03737,C1180,40655.34,WALLET,success,none,0,0,588,3,1,0.33,0,0,0,none,1,40655.34
TX03738,C0906,22606.13,UPI,failed,network_error,1,0,462,12,9,0.75,0,0,1,retry_payment,1,22606.13
TX03739,C1291,23205.58,UPI,abandoned,checkout_dropoff,1,1,96,3,3,1.0,0,0,2,payment_link,1,23205.58
TX03740,C1604,42847.47,NETBANKING,success,none,0,0,56,1,1,1.0,1,0,0,none,1,42847.47
TX03741,C1029,43852.31,WALLET,success,none,0,0,267,7,2,0.29,1,1,0,none,1,43852.31
TX03742,C1036,7538.24,UPI,success,none,0,0,484,5,1,0.2,1,0,0,none,1,7538.24
TX03743,C2049,12101.03,CARD,success,none,0,0,58,17,14,0.82,1,3,0,none,1,12101.03
TX03744,C0436,3007.63,CARD,success,none,0,0,391,7,0,0.0,0,0,0,none,1,3007.63
TX03745,C0179,29482.48,UPI,failed,bank_error,1,0,360,17,13,0.76,1,30,1,payment_link,0,0.0
TX03746,C1649,18609.87,WALLET,success,none,0,0,179,18,9,0.5,1,3,0,none,1,18609.87
TX03747,C0989,14606.89,WALLET,success,none,0,0,235,6,5,0.83,1,7,0,none,1,14606.89
TX03748,C1449,32495.66,WALLET,failed,timeout,2,0,76,11,4,0.36,1,3,1,retry_payment,0,0.0
TX03749,C0496,23383.86,WALLET,success,none,0,0,79,17,11,0.65,0,0,0,none,1,23383.86
TX03750,C2047,19914.99,WALLET,success,none,0,0,589,12,9,0.75,1,0,0,none,1,19914.99
TX03751,C1687,827.83,CARD,failed,technical_error,2,0,167,6,4,0.67,1,3,2,payment_link,1,827.83
TX03752,C0573,4596.13,CARD,success,none,0,0,140,11,1,0.09,1,0,0,none,1,4596.13
TX03753,C1966,45906.89,NETBANKING,failed,bank_error,3,0,143,8,7,0.88,1,0,1,payment_link,1,45906.89
TX03754,C0590,46798.55,NETBANKING,success,none,0,0,199,20,15,0.75,0,0,0,none,1,46798.55
TX03755,C2233,4058.42,WALLET,success,none,0,0,582,5,0,0.0,0,0,0,none,1,4058.42
TX03756,C0821,18212.84,CARD,success,none,0,0,204,20,4,0.2,0,0,0,none,1,18212.84
TX03757,C2488,31970.48,UPI,success,none,0,0,322,19,12,0.63,0,0,0,none,1,31970.48
TX03758,C2282,13162.93,WALLET,failed,timeout,2,0,212,20,1,0.05,1,1,0,retry_payment,0,0.0
TX03759,C1205,37625.91,WALLET,success,none,0,0,34,2,1,0.5,0,0,0,none,1,37625.91
TX03760,C1273,15311.72,WALLET,abandoned,checkout_dropoff,3,1,326,18,7,0.39,1,15,2,payment_link,0,0.0
TX03761,C1267,10676.01,WALLET,success,none,0,0,374,1,1,1.0,1,1,0,none,1,10676.01
TX03762,C1369,39399.06,WALLET,success,none,0,0,498,6,3,0.5,1,1,0,none,1,39399.06
TX03763,C0600,10693.61,CARD,success,none,0,0,172,16,7,0.44,1,3,0,none,1,10693.61
TX03764,C1692,46106.23,CARD,success,none,0,0,66,9,7,0.78,0,0,0,none,1,46106.23
TX03765,C0789,39091.68,CARD,success,none,0,0,267,14,6,0.43,1,0,0,none,1,39091.68
TX03766,C1448,5186.48,NETBANKING,success,none,0,0,405,3,0,0.0,1,15,0,none,1,5186.48
TX03767,C1622,8606.56,WALLET,failed,timeout,4,0,492,20,5,0.25,1,30,2,retry_payment,0,0.0
TX03768,C1044,44496.79,CARD,failed,timeout,2,0,95,17,13,0.76,1,0,0,retry_payment,0,0.0
TX03769,C0941,33427.61,NETBANKING,success,none,0,0,584,18,7,0.39,0,0,0,none,1,33427.61
TX03770,C0416,27314.27,UPI,success,none,0,0,205,9,7,0.78,1,1,0,none,1,27314.27
TX03771,C0554,32340.99,CARD,success,none,0,0,515,20,7,0.35,0,0,0,none,1,32340.99
TX03772,C0373,38839.6,CARD,success,none,0,0,38,3,3,1.0,0,0,0,none,1,38839.6
TX03773,C0393,25158.48,NETBANKING,success,none,0,0,16,5,1,0.2,0,0,0,none,1,25158.48
TX03774,C1491,7764.74,UPI,abandoned,checkout_dropoff,1,1,414,7,1,0.14,1,7,1,payment_link,1,7764.74
TX03775,C0187,9342.83,UPI,success,none,0,0,446,16,5,0.31,0,0,0,none,1,9342.83
TX03776,C0461,9310.04,NETBANKING,success,none,0,0,260,4,3,0.75,1,1,0,none,1,9310.04
TX03777,C1634,45221.63,UPI,success,none,0,0,15,4,4,1.0,0,0,0,none,1,45221.63
TX03778,C1897,18935.66,NETBANKING,failed,bank_error,1,0,311,10,8,0.8,0,0,0,payment_link,1,18935.66
TX03779,C2091,45501.6,WALLET,success,none,0,0,84,11,4,0.36,1,0,0,none,1,45501.6
TX03780,C0473,5855.62,UPI,failed,timeout,3,0,21,5,3,0.6,0,0,2,retry_payment,0,0.0
TX03781,C0764,45324.46,NETBANKING,success,none,0,0,253,17,0,0.0,0,0,0,none,1,45324.46
TX03782,C1160,31429.55,UPI,success,none,0,0,219,6,0,0.0,1,3,0,none,1,31429.55
TX03783,C0052,1445.36,CARD,success,none,0,0,87,18,7,0.39,0,0,0,none,1,1445.36
TX03784,C1435,9507.73,WALLET,success,none,0,0,379,5,5,1.0,0,0,0,none,1,9507.73
TX03785,C0672,4595.24,UPI,success,none,0,0,488,19,11,0.58,1,0,0,none,1,4595.24
TX03786,C0882,8539.77,WALLET,success,none,0,0,37,4,0,0.0,1,0,0,none,1,8539.77
TX03787,C0454,5824.4,WALLET,abandoned,checkout_dropoff,3,1,559,14,11,0.79,0,0,0,payment_link,1,5824.4
TX03788,C1365,9602.34,WALLET,failed,bank_error,3,0,463,8,0,0.0,0,0,2,payment_link,1,9602.34
TX03789,C2349,15083.55,WALLET,failed,insufficient_funds,1,0,33,10,10,1.0,0,0,0,send_reminder,1,15083.55
TX03790,C0318,30495.05,NETBANKING,failed,network_error,2,0,38,15,10,0.67,1,0,1,retry_payment,0,0.0
TX03791,C2056,16131.52,NETBANKING,success,none,0,0,511,15,1,0.07,0,0,0,none,1,16131.52
TX03792,C2034,25309.54,WALLET,success,none,0,0,513,2,2,1.0,0,0,0,none,1,25309.54
TX03793,C2291,32821.53,CARD,abandoned,checkout_dropoff,3,1,412,9,4,0.44,0,0,0,send_reminder,0,0.0
TX03794,C1319,16518.12,UPI,success,none,0,0,177,15,5,0.33,1,1,0,none,1,16518.12
TX03795,C1814,12270.26,CARD,success,none,0,0,588,1,0,0.0,0,0,0,none,1,12270.26
TX03796,C0535,741.93,UPI,success,none,0,0,171,3,1,0.33,1,0,0,none,1,741.93
TX03797,C0801,42521.63,UPI,success,none,0,0,50,12,0,0.0,0,0,0,none,1,42521.63
TX03798,C1241,2264.58,NETBANKING,success,none,0,0,490,9,7,0.78,0,0,0,none,1,2264.58
TX03799,C0364,23152.24,WALLET,success,none,0,0,370,15,13,0.87,1,30,0,none,1,23152.24
TX03800,C0367,8343.67,NETBANKING,failed,technical_error,4,0,35,10,10,1.0,1,1,0,payment_link,1,8343.67
TX03801,C2222,49136.62,UPI,success,none,0,0,137,4,2,0.5,1,3,0,none,1,49136.62
TX03802,C2048,39827.27,WALLET,success,none,0,0,436,3,2,0.67,0,0,0,none,1,39827.27
TX03803,C1098,28311.82,UPI,success,none,0,0,49,19,4,0.21,0,0,0,none,1,28311.82
TX03804,C1843,21223.85,NETBANKING,success,none,0,0,504,15,1,0.07,0,0,0,none,1,21223.85
TX03805,C0625,33340.94,UPI,success,none,0,0,368,8,4,0.5,1,1,0,none,1,33340.94
TX03806,C0665,22133.31,CARD,success,none,0,0,204,5,0,0.0,1,1,0,none,1,22133.31
TX03807,C0748,26699.34,WALLET,failed,insufficient_funds,4,0,520,6,3,0.5,0,0,0,send_reminder,0,0.0
TX03808,C0881,31505.31,NETBANKING,failed,network_error,1,0,271,1,0,0.0,1,3,2,retry_payment,1,31505.31
TX03809,C2165,15555.07,WALLET,success,none,0,0,302,9,2,0.22,1,0,0,none,1,15555.07
TX03810,C2283,11779.43,WALLET,failed,insufficient_funds,1,0,255,20,2,0.1,1,3,0,send_reminder,1,11779.43
TX03811,C1939,12596.63,CARD,failed,insufficient_funds,0,0,409,6,0,0.0,0,0,0,send_reminder,1,12596.63
TX03812,C1007,13654.45,UPI,success,none,0,0,146,3,2,0.67,1,3,0,none,1,13654.45
TX03813,C1047,44135.49,NETBANKING,success,none,0,0,435,7,6,0.86,0,0,0,none,1,44135.49
TX03814,C2164,27918.92,CARD,failed,bank_error,2,0,480,2,1,0.5,1,0,2,payment_link,0,0.0
TX03815,C0481,37061.79,NETBANKING,success,none,0,0,307,5,0,0.0,0,0,0,none,1,37061.79
TX03816,C0432,23465.99,NETBANKING,failed,insufficient_funds,2,0,591,11,7,0.64,1,0,2,send_reminder,0,0.0
TX03817,C2271,26667.63,NETBANKING,success,none,0,0,317,13,3,0.23,0,0,0,none,1,26667.63
TX03818,C1504,3914.8,UPI,success,none,0,0,427,9,7,0.78,0,0,0,none,1,3914.8
TX03819,C1031,33099.25,NETBANKING,success,none,0,0,523,15,5,0.33,1,0,0,none,1,33099.25
TX03820,C0837,16295.79,WALLET,success,none,0,0,593,4,2,0.5,0,0,0,none,1,16295.79
TX03821,C0009,3245.53,NETBANKING,failed,insufficient_funds,2,0,87,17,7,0.41,1,0,2,send_reminder,0,0.0
TX03822,C0961,2626.09,WALLET,failed,timeout,1,0,276,11,11,1.0,0,0,0,retry_payment,0,0.0
TX03823,C2061,4771.15,NETBANKING,success,none,0,0,317,8,7,0.88,1,30,0,none,1,4771.15
TX03824,C1264,10438.29,UPI,abandoned,checkout_dropoff,0,1,285,14,0,0.0,1,0,0,send_reminder,1,10438.29
TX03825,C1547,40488.33,WALLET,success,none,0,0,466,10,9,0.9,0,0,0,none,1,40488.33
TX03826,C0603,39989.19,UPI,success,none,0,0,512,20,20,1.0,0,0,0,none,1,39989.19
TX03827,C1581,17040.64,WALLET,success,none,0,0,282,15,2,0.13,1,1,0,none,1,17040.64
TX03828,C0420,5552.56,CARD,success,none,0,0,152,7,1,0.14,1,0,0,none,1,5552.56
TX03829,C1042,38124.69,CARD,abandoned,checkout_dropoff,3,1,179,18,17,0.94,1,7,0,payment_link,1,38124.69
TX03830,C0708,3191.88,WALLET,failed,insufficient_funds,4,0,571,10,2,0.2,1,0,1,send_reminder,1,3191.88
TX03831,C1560,30970.75,WALLET,success,none,0,0,277,6,0,0.0,0,0,0,none,1,30970.75
TX03832,C0277,14438.7,NETBANKING,failed,bank_error,2,0,411,1,1,1.0,0,0,0,payment_link,0,0.0
TX03833,C1011,35336.72,WALLET,success,none,0,0,372,19,11,0.58,0,0,0,none,1,35336.72
TX03834,C2126,35290.61,NETBANKING,failed,timeout,2,0,477,11,10,0.91,1,3,0,retry_payment,0,0.0
TX03835,C2007,35175.92,CARD,success,none,0,0,39,11,5,0.45,1,0,0,none,1,35175.92
TX03836,C1922,33071.86,CARD,success,none,0,0,454,1,1,1.0,1,3,0,none,1,33071.86
TX03837,C0409,2209.99,CARD,success,none,0,0,558,4,2,0.5,0,0,0,none,1,2209.99
TX03838,C1150,40901.93,CARD,success,none,0,0,252,11,6,0.55,0,0,0,none,1,40901.93
TX03839,C0547,26630.8,WALLET,success,none,0,0,402,14,11,0.79,0,0,0,none,1,26630.8
TX03840,C1717,10731.66,NETBANKING,failed,technical_error,0,0,507,11,1,0.09,0,0,0,payment_link,1,10731.66
TX03841,C2050,14689.99,WALLET,success,none,0,0,150,13,4,0.31,1,15,0,none,1,14689.99
TX03842,C2157,1362.3,CARD,failed,insufficient_funds,4,0,310,2,2,1.0,1,30,0,send_reminder,0,0.0
TX03843,C1318,20382.93,CARD,success,none,0,0,293,8,7,0.88,1,7,0,none,1,20382.93
TX03844,C2420,16676.42,WALLET,failed,technical_error,2,0,340,15,7,0.47,1,15,2,payment_link,1,16676.42
TX03845,C1445,36425.54,CARD,success,none,0,0,184,6,2,0.33,1,0,0,none,1,36425.54
TX03846,C2428,42315.96,UPI,success,none,0,0,513,11,2,0.18,0,0,0,none,1,42315.96
TX03847,C1968,29531.63,CARD,success,none,0,0,586,14,5,0.36,0,0,0,none,1,29531.63
TX03848,C0857,39369.6,WALLET,success,none,0,0,587,20,1,0.05,0,0,0,none,1,39369.6
TX03849,C0247,41032.65,NETBANKING,success,none,0,0,458,1,0,0.0,1,7,0,none,1,41032.65
TX03850,C1403,28603.43,UPI,abandoned,checkout_dropoff,2,1,156,14,9,0.64,1,0,2,send_reminder,1,28603.43
TX03851,C2226,17167.29,CARD,failed,timeout,3,0,394,8,5,0.62,0,0,2,retry_payment,0,0.0
TX03852,C1165,20978.08,NETBANKING,success,none,0,0,454,6,0,0.0,1,0,0,none,1,20978.08
TX03853,C1451,7208.72,WALLET,failed,bank_error,2,0,427,3,0,0.0,1,1,0,payment_link,1,7208.72
TX03854,C2136,9141.99,WALLET,abandoned,checkout_dropoff,4,1,203,7,0,0.0,1,0,1,payment_link,0,0.0
TX03855,C0198,49620.67,CARD,abandoned,checkout_dropoff,1,1,72,17,11,0.65,1,0,2,send_reminder,1,49620.67
TX03856,C1761,2900.23,CARD,failed,timeout,1,0,99,8,7,0.88,0,0,2,retry_payment,0,0.0
TX03857,C0274,1764.47,CARD,abandoned,checkout_dropoff,3,1,433,16,14,0.88,1,0,1,send_reminder,1,1764.47
TX03858,C1547,15695.37,NETBANKING,success,none,0,0,69,7,4,0.57,0,0,0,none,1,15695.37
TX03859,C1356,40334.95,NETBANKING,success,none,0,0,123,4,0,0.0,0,0,0,none,1,40334.95
TX03860,C1564,31288.24,NETBANKING,success,none,0,0,250,2,2,1.0,0,0,0,none,1,31288.24
TX03861,C0788,34619.14,CARD,failed,network_error,1,0,383,3,2,0.67,1,0,1,retry_payment,0,0.0
TX03862,C0094,7334.16,NETBANKING,success,none,0,0,151,14,0,0.0,1,0,0,none,1,7334.16
TX03863,C0435,16127.35,UPI,failed,insufficient_funds,2,0,529,16,13,0.81,0,0,1,send_reminder,1,16127.35
TX03864,C1171,28211.86,CARD,failed,insufficient_funds,1,0,474,19,14,0.74,0,0,2,send_reminder,1,28211.86
TX03865,C1155,2873.27,NETBANKING,failed,bank_error,2,0,181,2,0,0.0,0,0,1,payment_link,0,0.0
TX03866,C2078,31076.2,WALLET,success,none,0,0,124,6,2,0.33,0,0,0,none,1,31076.2
TX03867,C2200,13370.49,UPI,success,none,0,0,317,20,11,0.55,0,0,0,none,1,13370.49
TX03868,C1574,33999.18,NETBANKING,success,none,0,0,78,19,8,0.42,1,7,0,none,1,33999.18
TX03869,C1613,32909.2,NETBANKING,abandoned,checkout_dropoff,3,1,267,11,2,0.18,0,0,0,payment_link,1,32909.2
TX03870,C1518,8659.78,CARD,abandoned,checkout_dropoff,4,1,394,16,11,0.69,1,0,2,payment_link,0,0.0
TX03871,C2409,23602.32,WALLET,success,none,0,0,364,2,0,0.0,1,0,0,none,1,23602.32
TX03872,C0179,37480.79,CARD,success,none,0,0,156,11,0,0.0,0,0,0,none,1,37480.79
TX03873,C2063,34944.4,UPI,failed,insufficient_funds,0,0,482,16,1,0.06,1,0,1,send_reminder,0,0.0
TX03874,C0176,33711.46,UPI,success,none,0,0,236,10,0,0.0,1,1,0,none,1,33711.46
TX03875,C0523,40134.2,UPI,success,none,0,0,284,12,7,0.58,1,7,0,none,1,40134.2
TX03876,C1999,17396.48,CARD,failed,bank_error,1,0,585,13,7,0.54,1,15,2,payment_link,0,0.0
TX03877,C0214,21260.67,WALLET,success,none,0,0,530,3,2,0.67,1,3,0,none,1,21260.67
TX03878,C0450,34689.92,NETBANKING,failed,technical_error,0,0,441,14,8,0.57,1,30,1,payment_link,0,0.0
TX03879,C0979,19522.88,WALLET,success,none,0,0,359,19,11,0.58,1,0,0,none,1,19522.88
TX03880,C1693,6005.04,UPI,success,none,0,0,352,14,3,0.21,0,0,0,none,1,6005.04
TX03881,C0540,13187.8,NETBANKING,abandoned,checkout_dropoff,4,1,162,12,6,0.5,1,0,0,payment_link,1,13187.8
TX03882,C1760,45196.33,WALLET,failed,insufficient_funds,4,0,407,19,15,0.79,1,1,2,send_reminder,0,0.0
TX03883,C2485,49522.02,CARD,success,none,0,0,445,8,0,0.0,1,0,0,none,1,49522.02
TX03884,C0209,13141.56,CARD,success,none,0,0,197,6,6,1.0,1,7,0,none,1,13141.56
TX03885,C0322,21213.42,CARD,success,none,0,0,133,5,3,0.6,1,0,0,none,1,21213.42
TX03886,C0041,5707.69,WALLET,success,none,0,0,120,20,2,0.1,1,0,0,none,1,5707.69
TX03887,C0070,41875.37,NETBANKING,failed,bank_error,3,0,14,14,12,0.86,0,0,0,payment_link,1,41875.37
TX03888,C1693,9590.44,WALLET,success,none,0,0,371,16,14,0.88,1,0,0,none,1,9590.44
TX03889,C1186,8476.82,NETBANKING,failed,network_error,2,0,18,2,0,0.0,0,0,1,retry_payment,0,0.0
TX03890,C0833,1119.62,CARD,success,none,0,0,546,6,5,0.83,1,0,0,none,1,1119.62
TX03891,C1561,10509.53,NETBANKING,success,none,0,0,244,11,6,0.55,0,0,0,none,1,10509.53
TX03892,C0475,27928.11,CARD,success,none,0,0,258,18,0,0.0,1,15,0,none,1,27928.11
TX03893,C2387,16609.86,WALLET,abandoned,checkout_dropoff,0,1,585,11,3,0.27,0,0,0,payment_link,1,16609.86
TX03894,C2059,38153.01,WALLET,success,none,0,0,40,7,6,0.86,1,0,0,none,1,38153.01
TX03895,C0937,19735.69,NETBANKING,success,none,0,0,529,3,1,0.33,0,0,0,none,1,19735.69
TX03896,C1697,47592.52,NETBANKING,success,none,0,0,296,11,0,0.0,0,0,0,none,1,47592.52
TX03897,C0824,48863.45,WALLET,success,none,0,0,187,20,8,0.4,0,0,0,none,1,48863.45
TX03898,C0922,24630.28,CARD,success,none,0,0,212,4,1,0.25,0,0,0,none,1,24630.28
TX03899,C1028,37034.04,CARD,failed,technical_error,2,0,434,15,3,0.2,1,0,2,payment_link,0,0.0
TX03900,C1023,2914.83,WALLET,success,none,0,0,578,2,1,0.5,0,0,0,none,1,2914.83
TX03901,C0516,35110.24,WALLET,success,none,0,0,300,20,9,0.45,0,0,0,none,1,35110.24
TX03902,C2051,17905.89,CARD,success,none,0,0,183,1,0,0.0,1,0,0,none,1,17905.89
TX03903,C2405,23446.89,WALLET,success,none,0,0,598,3,1,0.33,1,3,0,none,1,23446.89
TX03904,C1673,42884.5,WALLET,success,none,0,0,364,5,4,0.8,0,0,0,none,1,42884.5
TX03905,C0549,35216.29,WALLET,success,none,0,0,591,11,10,0.91,1,3,0,none,1,35216.29
TX03906,C2309,33387.21,UPI,failed,bank_error,4,0,322,18,8,0.44,1,0,1,payment_link,0,0.0
TX03907,C1311,23009.32,WALLET,failed,network_error,1,0,565,18,13,0.72,1,1,2,retry_payment,1,23009.32
TX03908,C0140,35410.29,UPI,failed,timeout,2,0,419,15,6,0.4,0,0,0,retry_payment,0,0.0
TX03909,C2312,34908.91,NETBANKING,abandoned,checkout_dropoff,4,1,202,13,12,0.92,0,0,1,payment_link,1,34908.91
TX03910,C0357,7880.87,WALLET,success,none,0,0,402,4,4,1.0,1,3,0,none,1,7880.87
TX03911,C1679,1910.02,WALLET,success,none,0,0,458,5,0,0.0,0,0,0,none,1,1910.02
TX03912,C0120,45138.59,CARD,abandoned,checkout_dropoff,1,1,573,18,3,0.17,0,0,2,payment_link,1,45138.59
TX03913,C1749,19921.7,WALLET,success,none,0,0,235,15,5,0.33,0,0,0,none,1,19921.7
TX03914,C0817,32414.03,CARD,success,none,0,0,266,17,7,0.41,1,0,0,none,1,32414.03
TX03915,C1979,247.87,UPI,success,none,0,0,12,12,6,0.5,1,0,0,none,1,247.87
TX03916,C1176,41981.87,CARD,success,none,0,0,510,16,1,0.06,1,0,0,none,1,41981.87
TX03917,C1846,10221.09,CARD,success,none,0,0,267,20,0,0.0,1,0,0,none,1,10221.09
TX03918,C1744,44734.42,WALLET,failed,bank_error,0,0,372,17,16,0.94,1,1,0,payment_link,1,44734.42
TX03919,C1354,10774.79,UPI,success,none,0,0,190,14,13,0.93,1,0,0,none,1,10774.79
TX03920,C1115,49225.05,UPI,failed,timeout,2,0,538,2,1,0.5,0,0,0,retry_payment,0,0.0
TX03921,C1204,19428.05,NETBANKING,success,none,0,0,488,1,0,0.0,0,0,0,none,1,19428.05
TX03922,C0289,45834.97,UPI,abandoned,checkout_dropoff,0,1,471,7,5,0.71,1,0,2,payment_link,1,45834.97
TX03923,C2033,14296.25,WALLET,failed,bank_error,4,0,43,18,8,0.44,0,0,2,payment_link,1,14296.25
TX03924,C2176,16034.25,WALLET,success,none,0,0,546,8,2,0.25,0,0,0,none,1,16034.25
TX03925,C0824,47961.03,NETBANKING,success,none,0,0,564,9,2,0.22,1,1,0,none,1,47961.03
TX03926,C0425,4512.01,UPI,success,none,0,0,371,20,9,0.45,0,0,0,none,1,4512.01
TX03927,C2367,14831.58,NETBANKING,success,none,0,0,195,11,9,0.82,1,1,0,none,1,14831.58
TX03928,C2416,2010.3,CARD,failed,bank_error,1,0,581,18,14,0.78,1,30,1,payment_link,1,2010.3
TX03929,C0149,49688.47,WALLET,failed,timeout,4,0,337,3,1,0.33,1,0,0,retry_payment,0,0.0
TX03930,C2311,30672.32,WALLET,success,none,0,0,556,15,9,0.6,1,3,0,none,1,30672.32
TX03931,C0797,1263.09,UPI,success,none,0,0,427,8,2,0.25,0,0,0,none,1,1263.09
TX03932,C1834,35341.07,CARD,success,none,0,0,401,8,8,1.0,0,0,0,none,1,35341.07
TX03933,C0019,23701.8,NETBANKING,abandoned,checkout_dropoff,4,1,91,18,10,0.56,0,0,0,payment_link,1,23701.8
TX03934,C0319,40672.86,WALLET,success,none,0,0,458,15,12,0.8,1,0,0,none,1,40672.86
TX03935,C2429,7002.44,CARD,failed,bank_error,0,0,169,17,14,0.82,1,7,1,payment_link,1,7002.44
TX03936,C2063,31287.44,CARD,success,none,0,0,23,7,6,0.86,0,0,0,none,1,31287.44
TX03937,C1549,22007.73,WALLET,success,none,0,0,183,9,9,1.0,1,3,0,none,1,22007.73
TX03938,C0717,19024.65,NETBANKING,failed,technical_error,0,0,203,13,4,0.31,1,0,1,payment_link,1,19024.65
TX03939,C0389,34780.32,NETBANKING,success,none,0,0,473,12,12,1.0,0,0,0,none,1,34780.32
TX03940,C1456,22281.44,NETBANKING,abandoned,checkout_dropoff,2,1,540,18,4,0.22,1,0,2,send_reminder,0,0.0
TX03941,C2349,48363.63,UPI,failed,insufficient_funds,0,0,115,4,2,0.5,1,0,0,send_reminder,1,48363.63
TX03942,C2226,43257.13,UPI,success,none,0,0,448,10,6,0.6,1,30,0,none,1,43257.13
TX03943,C1509,3202.17,WALLET,failed,timeout,0,0,567,7,3,0.43,0,0,0,retry_payment,0,0.0
TX03944,C1062,21809.11,UPI,success,none,0,0,506,11,8,0.73,1,0,0,none,1,21809.11
TX03945,C1226,37378.39,NETBANKING,success,none,0,0,256,7,2,0.29,0,0,0,none,1,37378.39
TX03946,C1232,31258.67,NETBANKING,success,none,0,0,338,15,1,0.07,1,0,0,none,1,31258.67
TX03947,C1382,36178.87,CARD,success,none,0,0,558,18,0,0.0,0,0,0,none,1,36178.87
TX03948,C0681,48083.41,CARD,success,none,0,0,396,4,4,1.0,1,7,0,none,1,48083.41
TX03949,C2095,45481.87,WALLET,success,none,0,0,483,9,7,0.78,1,3,0,none,1,45481.87
TX03950,C0737,47643.2,CARD,success,none,0,0,35,7,5,0.71,1,0,0,none,1,47643.2
TX03951,C1819,37654.54,CARD,success,none,0,0,108,19,6,0.32,0,0,0,none,1,37654.54
TX03952,C0635,9106.88,NETBANKING,success,none,0,0,189,8,2,0.25,0,0,0,none,1,9106.88
TX03953,C1605,9434.4,CARD,failed,insufficient_funds,0,0,523,12,4,0.33,1,0,2,send_reminder,1,9434.4
TX03954,C0673,16051.22,CARD,success,none,0,0,13,2,0,0.0,1,0,0,none,1,16051.22
TX03955,C0115,10310.66,CARD,success,none,0,0,451,16,6,0.38,1,3,0,none,1,10310.66
TX03956,C0038,15555.91,WALLET,success,none,0,0,569,13,5,0.38,1,0,0,none,1,15555.91
TX03957,C2064,29293.82,WALLET,failed,network_error,1,0,161,12,0,0.0,1,0,2,retry_payment,1,29293.82
TX03958,C1286,19419.55,CARD,success,none,0,0,405,2,2,1.0,0,0,0,none,1,19419.55
TX03959,C0864,1210.18,CARD,failed,timeout,3,0,191,17,9,0.53,1,0,2,retry_payment,0,0.0
TX03960,C0875,19768.0,UPI,success,none,0,0,259,1,1,1.0,1,0,0,none,1,19768.0
TX03961,C1922,8053.33,WALLET,abandoned,checkout_dropoff,1,1,536,1,0,0.0,0,0,0,send_reminder,1,8053.33
TX03962,C2112,41303.49,NETBANKING,failed,technical_error,2,0,594,3,0,0.0,1,7,2,payment_link,1,41303.49
TX03963,C0912,42950.69,UPI,success,none,0,0,107,2,2,1.0,0,0,0,none,1,42950.69
TX03964,C1591,20720.02,WALLET,success,none,0,0,157,17,8,0.47,1,7,0,none,1,20720.02
TX03965,C1254,3804.05,UPI,success,none,0,0,349,15,12,0.8,0,0,0,none,1,3804.05
TX03966,C0667,44774.21,NETBANKING,success,none,0,0,116,1,1,1.0,1,0,0,none,1,44774.21
TX03967,C1568,36609.49,WALLET,failed,network_error,1,0,408,1,1,1.0,1,1,1,retry_payment,1,36609.49
TX03968,C1073,30701.66,NETBANKING,success,none,0,0,118,13,13,1.0,0,0,0,none,1,30701.66
TX03969,C1280,14017.32,UPI,success,none,0,0,513,18,17,0.94,1,0,0,none,1,14017.32
TX03970,C1928,43707.29,CARD,failed,bank_error,0,0,450,12,0,0.0,0,0,1,payment_link,0,0.0
TX03971,C0627,44866.11,CARD,success,none,0,0,270,1,1,1.0,0,0,0,none,1,44866.11
TX03972,C0278,32183.51,UPI,failed,bank_error,4,0,538,12,0,0.0,0,0,2,payment_link,1,32183.51
TX03973,C0105,49525.38,UPI,failed,technical_error,3,0,106,9,8,0.89,1,0,0,payment_link,1,49525.38
TX03974,C0500,25080.88,UPI,success,none,0,0,598,11,5,0.45,1,3,0,none,1,25080.88
TX03975,C0271,8701.09,CARD,success,none,0,0,192,6,0,0.0,0,0,0,none,1,8701.09
TX03976,C2080,47918.72,UPI,success,none,0,0,195,2,2,1.0,1,0,0,none,1,47918.72
TX03977,C1805,43672.39,UPI,success,none,0,0,171,14,9,0.64,1,0,0,none,1,43672.39
TX03978,C0187,42581.67,UPI,success,none,0,0,243,5,2,0.4,0,0,0,none,1,42581.67
TX03979,C0949,44392.58,NETBANKING,success,none,0,0,262,6,2,0.33,0,0,0,none,1,44392.58
TX03980,C0690,24419.93,WALLET,failed,bank_error,4,0,245,17,9,0.53,1,0,2,payment_link,0,0.0
TX03981,C0951,24195.2,WALLET,success,none,0,0,225,20,18,0.9,1,0,0,none,1,24195.2
TX03982,C2303,37924.25,UPI,success,none,0,0,36,17,13,0.76,1,7,0,none,1,37924.25
TX03983,C1178,27919.93,CARD,failed,timeout,0,0,537,11,0,0.0,1,30,1,retry_payment,0,0.0
TX03984,C2094,42776.06,UPI,success,none,0,0,38,11,1,0.09,0,0,0,none,1,42776.06
TX03985,C0866,23437.9,CARD,success,none,0,0,63,16,8,0.5,1,0,0,none,1,23437.9
TX03986,C2345,34605.45,UPI,failed,technical_error,0,0,506,9,0,0.0,0,0,1,payment_link,1,34605.45
TX03987,C1461,19845.33,NETBANKING,abandoned,checkout_dropoff,4,1,415,11,10,0.91,1,7,1,send_reminder,0,0.0
TX03988,C2453,19042.36,WALLET,abandoned,checkout_dropoff,3,1,148,8,6,0.75,1,3,1,send_reminder,0,0.0
TX03989,C1079,5356.14,UPI,success,none,0,0,566,1,0,0.0,1,1,0,none,1,5356.14
TX03990,C0864,25153.32,CARD,success,none,0,0,145,18,18,1.0,1,0,0,none,1,25153.32
TX03991,C0885,29127.03,NETBANKING,success,none,0,0,28,5,3,0.6,1,0,0,none,1,29127.03
TX03992,C1807,18798.68,WALLET,success,none,0,0,306,18,1,0.06,0,0,0,none,1,18798.68
TX03993,C0405,21482.21,WALLET,success,none,0,0,81,15,10,0.67,0,0,0,none,1,21482.21
TX03994,C1072,41744.53,UPI,success,none,0,0,259,16,12,0.75,1,0,0,none,1,41744.53
TX03995,C2111,11655.87,CARD,success,none,0,0,376,8,5,0.62,0,0,0,none,1,11655.87
TX03996,C1627,2279.98,NETBANKING,success,none,0,0,582,15,7,0.47,1,3,0,none,1,2279.98
TX03997,C0124,4831.01,NETBANKING,success,none,0,0,510,10,7,0.7,1,0,0,none,1,4831.01
TX03998,C2005,10244.92,WALLET,failed,network_error,2,0,50,19,13,0.68,1,1,2,retry_payment,0,0.0
TX03999,C1270,18356.78,WALLET,abandoned,checkout_dropoff,2,1,598,16,14,0.88,0,0,0,send_reminder,1,18356.78
TX04000,C0822,38711.09,NETBANKING,success,none,0,0,491,7,6,0.86,0,0,0,none,1,38711.09
TX04001,C0210,26040.66,UPI,success,none,0,0,122,16,10,0.62,1,1,0,none,1,26040.66
TX04002,C1139,44542.28,UPI,success,none,0,0,175,4,4,1.0,1,3,0,none,1,44542.28
TX04003,C0280,33936.02,WALLET,abandoned,checkout_dropoff,4,1,113,13,5,0.38,1,0,0,send_reminder,1,33936.02
TX04004,C0487,1796.07,NETBANKING,success,none,0,0,579,14,7,0.5,0,0,0,none,1,1796.07
TX04005,C0596,19374.75,WALLET,failed,timeout,0,0,576,5,4,0.8,0,0,1,retry_payment,1,19374.75
TX04006,C2303,31264.88,NETBANKING,abandoned,checkout_dropoff,1,1,274,19,18,0.95,0,0,2,send_reminder,1,31264.88
TX04007,C1197,5176.05,NETBANKING,failed,timeout,2,0,386,7,7,1.0,0,0,0,retry_payment,0,0.0
TX04008,C1140,10882.33,WALLET,success,none,0,0,552,11,5,0.45,1,30,0,none,1,10882.33
TX04009,C0090,24753.88,UPI,success,none,0,0,271,9,8,0.89,0,0,0,none,1,24753.88
TX04010,C1110,37536.77,UPI,success,none,0,0,288,2,1,0.5,1,0,0,none,1,37536.77
TX04011,C0611,12074.4,UPI,success,none,0,0,442,10,0,0.0,1,7,0,none,1,12074.4
TX04012,C2488,24416.11,WALLET,success,none,0,0,175,6,5,0.83,1,3,0,none,1,24416.11
TX04013,C1252,7862.67,CARD,failed,insufficient_funds,4,0,507,19,19,1.0,0,0,1,send_reminder,0,0.0
TX04014,C0471,39888.72,WALLET,failed,technical_error,3,0,339,9,7,0.78,1,1,2,payment_link,0,0.0
TX04015,C0997,47746.53,WALLET,abandoned,checkout_dropoff,0,1,340,7,2,0.29,1,1,2,payment_link,0,0.0
TX04016,C2030,23087.61,NETBANKING,success,none,0,0,420,1,0,0.0,1,0,0,none,1,23087.61
TX04017,C0920,35091.87,NETBANKING,success,none,0,0,171,12,6,0.5,0,0,0,none,1,35091.87
TX04018,C0192,14817.15,CARD,abandoned,checkout_dropoff,3,1,416,16,14,0.88,1,0,0,payment_link,1,14817.15
TX04019,C1835,28867.53,WALLET,success,none,0,0,450,7,5,0.71,0,0,0,none,1,28867.53
TX04020,C1682,43692.63,NETBANKING,success,none,0,0,479,6,4,0.67,0,0,0,none,1,43692.63
TX04021,C1205,10690.83,UPI,success,none,0,0,426,15,12,0.8,0,0,0,none,1,10690.83
TX04022,C0688,42439.67,WALLET,success,none,0,0,366,10,3,0.3,0,0,0,none,1,42439.67
TX04023,C1624,32089.41,CARD,success,none,0,0,336,17,9,0.53,1,0,0,none,1,32089.41
TX04024,C1977,6480.31,WALLET,success,none,0,0,299,13,12,0.92,1,30,0,none,1,6480.31
TX04025,C2099,8047.25,UPI,failed,technical_error,4,0,31,13,11,0.85,0,0,2,payment_link,1,8047.25
TX04026,C1438,1834.16,CARD,success,none,0,0,76,8,4,0.5,0,0,0,none,1,1834.16
TX04027,C1931,11476.47,CARD,success,none,0,0,66,14,6,0.43,1,0,0,none,1,11476.47
TX04028,C1323,14467.05,UPI,success,none,0,0,193,9,2,0.22,0,0,0,none,1,14467.05
TX04029,C1688,48896.27,NETBANKING,success,none,0,0,239,6,4,0.67,1,15,0,none,1,48896.27
TX04030,C1911,27597.46,UPI,success,none,0,0,79,8,8,1.0,0,0,0,none,1,27597.46
TX04031,C1364,22763.58,CARD,success,none,0,0,397,15,12,0.8,1,0,0,none,1,22763.58
TX04032,C1525,6842.48,UPI,success,none,0,0,40,15,0,0.0,1,3,0,none,1,6842.48
TX04033,C2039,618.26,CARD,success,none,0,0,392,2,2,1.0,1,1,0,none,1,618.26
TX04034,C1094,14606.83,CARD,failed,insufficient_funds,4,0,569,19,13,0.68,0,0,1,send_reminder,0,0.0
TX04035,C2300,19977.88,CARD,failed,bank_error,2,0,451,1,0,0.0,1,1,1,payment_link,1,19977.88
TX04036,C0258,18436.98,WALLET,failed,timeout,3,0,381,3,1,0.33,1,15,1,retry_payment,0,0.0
TX04037,C2409,16861.86,UPI,failed,bank_error,3,0,212,9,4,0.44,1,1,0,payment_link,1,16861.86
TX04038,C2018,21270.9,CARD,success,none,0,0,285,14,12,0.86,0,0,0,none,1,21270.9
TX04039,C1625,14006.14,WALLET,success,none,0,0,162,14,12,0.86,1,0,0,none,1,14006.14
TX04040,C0579,6549.82,NETBANKING,abandoned,checkout_dropoff,3,1,50,17,3,0.18,0,0,2,payment_link,1,6549.82
TX04041,C0443,8557.62,WALLET,success,none,0,0,581,18,8,0.44,0,0,0,none,1,8557.62
TX04042,C2276,30134.32,NETBANKING,success,none,0,0,319,18,3,0.17,0,0,0,none,1,30134.32
TX04043,C1646,25863.26,WALLET,failed,timeout,1,0,18,1,0,0.0,1,1,2,retry_payment,0,0.0
TX04044,C0049,16619.08,UPI,success,none,0,0,284,1,0,0.0,0,0,0,none,1,16619.08
TX04045,C1158,35677.44,UPI,success,none,0,0,44,18,3,0.17,0,0,0,none,1,35677.44
TX04046,C1389,18957.41,CARD,success,none,0,0,540,14,12,0.86,0,0,0,none,1,18957.41
TX04047,C0756,48079.24,CARD,abandoned,checkout_dropoff,0,1,430,14,9,0.64,1,0,0,payment_link,0,0.0
TX04048,C0659,45646.99,NETBANKING,abandoned,checkout_dropoff,3,1,442,9,2,0.22,0,0,2,payment_link,0,0.0
TX04049,C1421,28385.9,CARD,success,none,0,0,172,2,1,0.5,1,1,0,none,1,28385.9
TX04050,C2294,39214.38,NETBANKING,success,none,0,0,338,20,2,0.1,0,0,0,none,1,39214.38
TX04051,C1593,424.09,CARD,success,none,0,0,239,3,2,0.67,1,0,0,none,1,424.09
TX04052,C1450,24872.73,UPI,failed,technical_error,2,0,512,17,3,0.18,0,0,2,payment_link,1,24872.73
TX04053,C1415,42498.36,NETBANKING,success,none,0,0,523,19,12,0.63,1,1,0,none,1,42498.36
TX04054,C1630,13679.37,UPI,success,none,0,0,157,19,10,0.53,0,0,0,none,1,13679.37
TX04055,C0534,38489.39,CARD,success,none,0,0,161,9,8,0.89,1,0,0,none,1,38489.39
TX04056,C0386,45859.33,WALLET,success,none,0,0,232,19,11,0.58,1,0,0,none,1,45859.33
TX04057,C1314,27295.58,UPI,success,none,0,0,23,11,8,0.73,0,0,0,none,1,27295.58
TX04058,C2362,12420.93,UPI,success,none,0,0,387,9,4,0.44,0,0,0,none,1,12420.93
TX04059,C1941,25844.92,NETBANKING,success,none,0,0,532,4,4,1.0,0,0,0,none,1,25844.92
TX04060,C0063,21781.86,WALLET,success,none,0,0,210,6,2,0.33,1,7,0,none,1,21781.86
TX04061,C1878,21892.44,CARD,success,none,0,0,434,18,7,0.39,0,0,0,none,1,21892.44
TX04062,C0713,23606.54,CARD,abandoned,checkout_dropoff,0,1,555,7,5,0.71,1,1,2,send_reminder,0,0.0
TX04063,C0135,8217.76,CARD,failed,network_error,0,0,475,16,2,0.12,0,0,2,retry_payment,1,8217.76
TX04064,C1214,18270.16,UPI,success,none,0,0,405,19,9,0.47,1,0,0,none,1,18270.16
TX04065,C1495,33413.91,NETBANKING,success,none,0,0,298,8,1,0.12,0,0,0,none,1,33413.91
TX04066,C0889,9476.71,CARD,failed,network_error,4,0,451,14,7,0.5,0,0,1,retry_payment,0,0.0
TX04067,C1729,32058.61,NETBANKING,success,none,0,0,149,2,2,1.0,0,0,0,none,1,32058.61
TX04068,C0326,33161.0,UPI,success,none,0,0,574,8,8,1.0,1,0,0,none,1,33161.0
TX04069,C1919,42339.98,CARD,success,none,0,0,96,18,14,0.78,1,3,0,none,1,42339.98
TX04070,C1417,32288.64,CARD,failed,insufficient_funds,1,0,146,11,3,0.27,0,0,0,send_reminder,0,0.0
TX04071,C0549,13331.15,NETBANKING,failed,technical_error,3,0,471,6,3,0.5,1,0,1,payment_link,0,0.0
TX04072,C0197,8409.8,UPI,failed,timeout,4,0,362,6,0,0.0,0,0,1,retry_payment,0,0.0
TX04073,C2156,15588.79,UPI,success,none,0,0,397,7,3,0.43,1,3,0,none,1,15588.79
TX04074,C2189,24561.48,NETBANKING,success,none,0,0,26,10,7,0.7,1,15,0,none,1,24561.48
TX04075,C2408,38638.54,CARD,success,none,0,0,525,20,9,0.45,1,7,0,none,1,38638.54
TX04076,C0230,44046.91,CARD,failed,bank_error,4,0,358,8,2,0.25,0,0,1,payment_link,1,44046.91
TX04077,C1272,20483.66,WALLET,failed,technical_error,4,0,306,14,11,0.79,1,1,0,payment_link,1,20483.66
TX04078,C2130,49684.48,WALLET,success,none,0,0,434,3,1,0.33,1,1,0,none,1,49684.48
TX04079,C1191,39057.35,NETBANKING,abandoned,checkout_dropoff,4,1,148,3,0,0.0,1,3,2,payment_link,1,39057.35
TX04080,C1361,48069.41,UPI,success,none,0,0,297,15,6,0.4,1,0,0,none,1,48069.41
TX04081,C1731,7054.44,CARD,success,none,0,0,398,12,4,0.33,1,3,0,none,1,7054.44
TX04082,C2336,4477.55,WALLET,success,none,0,0,167,5,0,0.0,0,0,0,none,1,4477.55
TX04083,C2254,35961.33,UPI,success,none,0,0,40,4,2,0.5,0,0,0,none,1,35961.33
TX04084,C2067,40886.46,WALLET,success,none,0,0,414,6,2,0.33,0,0,0,none,1,40886.46
TX04085,C1319,24524.45,NETBANKING,success,none,0,0,53,19,12,0.63,1,0,0,none,1,24524.45
TX04086,C0058,33257.24,UPI,success,none,0,0,281,12,8,0.67,1,15,0,none,1,33257.24
TX04087,C1118,8000.0,CARD,success,none,0,0,310,19,12,0.63,1,0,0,none,1,8000.0
TX04088,C0527,31034.0,CARD,failed,insufficient_funds,0,0,477,4,4,1.0,1,0,0,send_reminder,1,31034.0
TX04089,C0890,43259.33,NETBANKING,success,none,0,0,250,11,3,0.27,1,0,0,none,1,43259.33
TX04090,C1833,34056.31,WALLET,success,none,0,0,266,5,3,0.6,1,1,0,none,1,34056.31
TX04091,C1975,16269.01,CARD,failed,network_error,2,0,458,20,2,0.1,1,0,1,retry_payment,0,0.0
TX04092,C0308,31551.5,CARD,failed,network_error,3,0,97,19,19,1.0,0,0,1,retry_payment,0,0.0
TX04093,C1083,49823.15,WALLET,failed,technical_error,4,0,519,9,7,0.78,0,0,2,payment_link,0,0.0
TX04094,C0370,23081.28,CARD,success,none,0,0,245,12,6,0.5,1,1,0,none,1,23081.28
TX04095,C1004,39175.19,UPI,success,none,0,0,366,7,6,0.86,1,3,0,none,1,39175.19
TX04096,C1485,16431.05,WALLET,failed,technical_error,3,0,221,11,11,1.0,0,0,2,payment_link,1,16431.05
TX04097,C0384,37356.66,WALLET,success,none,0,0,239,20,9,0.45,1,7,0,none,1,37356.66
TX04098,C1098,47374.91,WALLET,failed,network_error,1,0,397,3,2,0.67,0,0,2,retry_payment,1,47374.91
TX04099,C0969,5544.37,WALLET,success,none,0,0,461,11,6,0.55,1,0,0,none,1,5544.37
TX04100,C2377,43400.93,UPI,success,none,0,0,75,20,10,0.5,1,15,0,none,1,43400.93
TX04101,C1643,11042.06,UPI,success,none,0,0,413,7,6,0.86,0,0,0,none,1,11042.06
TX04102,C0484,39668.6,UPI,success,none,0,0,89,13,4,0.31,0,0,0,none,1,39668.6
TX04103,C1825,25618.8,UPI,failed,timeout,0,0,102,7,5,0.71,0,0,2,retry_payment,0,0.0
TX04104,C1952,37481.51,CARD,success,none,0,0,383,6,3,0.5,0,0,0,none,1,37481.51
TX04105,C2440,15981.76,WALLET,success,none,0,0,490,2,1,0.5,1,0,0,none,1,15981.76
TX04106,C2428,29321.57,UPI,success,none,0,0,196,19,19,1.0,1,1,0,none,1,29321.57
TX04107,C2464,46536.31,NETBANKING,success,none,0,0,572,6,6,1.0,1,0,0,none,1,46536.31
TX04108,C0522,28779.25,CARD,failed,network_error,1,0,141,13,8,0.62,0,0,1,retry_payment,1,28779.25
TX04109,C1724,1181.63,UPI,success,none,0,0,568,18,9,0.5,0,0,0,none,1,1181.63
TX04110,C1474,25086.16,UPI,failed,timeout,0,0,548,9,2,0.22,1,0,1,retry_payment,1,25086.16
TX04111,C0349,23751.48,NETBANKING,success,none,0,0,170,5,1,0.2,1,0,0,none,1,23751.48
TX04112,C0532,34602.01,NETBANKING,success,none,0,0,36,14,3,0.21,0,0,0,none,1,34602.01
TX04113,C0620,38435.38,CARD,success,none,0,0,238,8,5,0.62,0,0,0,none,1,38435.38
TX04114,C2225,42722.31,WALLET,success,none,0,0,208,12,12,1.0,1,0,0,none,1,42722.31
TX04115,C0642,20644.82,NETBANKING,failed,technical_error,2,0,432,9,5,0.56,1,0,2,payment_link,0,0.0
TX04116,C1006,5314.88,UPI,abandoned,checkout_dropoff,0,1,573,12,11,0.92,0,0,1,payment_link,0,0.0
TX04117,C1295,20275.44,NETBANKING,failed,insufficient_funds,0,0,356,18,3,0.17,0,0,0,send_reminder,1,20275.44
TX04118,C0446,275.12,WALLET,success,none,0,0,513,9,4,0.44,1,0,0,none,1,275.12
TX04119,C2410,10764.84,WALLET,success,none,0,0,403,10,6,0.6,1,0,0,none,1,10764.84
TX04120,C0899,11851.72,WALLET,success,none,0,0,597,14,3,0.21,0,0,0,none,1,11851.72
TX04121,C1965,28942.42,CARD,success,none,0,0,450,6,4,0.67,0,0,0,none,1,28942.42
TX04122,C0305,17377.42,CARD,success,none,0,0,307,7,7,1.0,0,0,0,none,1,17377.42
TX04123,C1181,49349.77,UPI,success,none,0,0,178,4,4,1.0,1,0,0,none,1,49349.77
TX04124,C0016,12774.42,CARD,failed,network_error,4,0,499,19,13,0.68,0,0,2,retry_payment,0,0.0
TX04125,C0312,13630.13,WALLET,success,none,0,0,429,13,0,0.0,1,1,0,none,1,13630.13
TX04126,C2485,27921.16,WALLET,failed,technical_error,1,0,408,14,5,0.36,0,0,2,payment_link,0,0.0
TX04127,C2166,26452.23,WALLET,failed,timeout,4,0,364,12,7,0.58,0,0,0,retry_payment,0,0.0
TX04128,C0464,40029.5,NETBANKING,abandoned,checkout_dropoff,2,1,409,3,3,1.0,0,0,1,send_reminder,1,40029.5
TX04129,C1028,23978.09,WALLET,success,none,0,0,459,6,0,0.0,0,0,0,none,1,23978.09
TX04130,C0911,25477.94,WALLET,success,none,0,0,402,3,0,0.0,1,0,0,none,1,25477.94
TX04131,C2019,29712.84,CARD,success,none,0,0,201,20,1,0.05,0,0,0,none,1,29712.84
TX04132,C0245,16319.63,UPI,success,none,0,0,369,4,3,0.75,0,0,0,none,1,16319.63
TX04133,C1556,16239.81,NETBANKING,success,none,0,0,340,19,2,0.11,0,0,0,none,1,16239.81
TX04134,C1136,15285.26,CARD,success,none,0,0,138,16,3,0.19,0,0,0,none,1,15285.26
TX04135,C0772,30581.37,CARD,abandoned,checkout_dropoff,0,1,426,11,3,0.27,0,0,0,send_reminder,0,0.0
TX04136,C1510,30704.1,WALLET,success,none,0,0,564,1,1,1.0,0,0,0,none,1,30704.1
TX04137,C2064,9458.04,UPI,success,none,0,0,10,17,15,0.88,1,7,0,none,1,9458.04
TX04138,C1333,31718.12,CARD,failed,technical_error,1,0,486,14,3,0.21,0,0,1,payment_link,0,0.0
TX04139,C1867,11130.72,CARD,failed,technical_error,3,0,37,19,15,0.79,1,1,1,payment_link,1,11130.72
TX04140,C0046,39589.97,UPI,failed,insufficient_funds,2,0,382,2,1,0.5,0,0,0,send_reminder,0,0.0
TX04141,C2498,44756.83,UPI,failed,network_error,3,0,246,6,5,0.83,0,0,1,retry_payment,0,0.0
TX04142,C1457,7556.28,CARD,success,none,0,0,405,8,0,0.0,1,1,0,none,1,7556.28
TX04143,C0322,36944.24,WALLET,success,none,0,0,79,15,14,0.93,1,0,0,none,1,36944.24
TX04144,C2258,42040.28,WALLET,success,none,0,0,333,18,2,0.11,1,3,0,none,1,42040.28
TX04145,C2073,33628.57,NETBANKING,success,none,0,0,347,11,3,0.27,0,0,0,none,1,33628.57
TX04146,C1494,9950.67,WALLET,success,none,0,0,498,5,3,0.6,0,0,0,none,1,9950.67
TX04147,C1520,1855.19,WALLET,failed,network_error,2,0,94,7,0,0.0,1,1,1,retry_payment,0,0.0
TX04148,C0745,3428.33,CARD,success,none,0,0,335,13,8,0.62,0,0,0,none,1,3428.33
TX04149,C2265,22605.14,UPI,failed,bank_error,3,0,543,11,3,0.27,1,1,0,payment_link,0,0.0
TX04150,C0458,14581.51,CARD,success,none,0,0,238,16,3,0.19,1,0,0,none,1,14581.51
TX04151,C1746,34486.8,UPI,failed,timeout,2,0,553,7,0,0.0,1,1,2,retry_payment,0,0.0
TX04152,C2056,10368.59,WALLET,failed,timeout,0,0,443,15,5,0.33,0,0,1,retry_payment,1,10368.59
TX04153,C1377,33402.08,UPI,abandoned,checkout_dropoff,3,1,502,12,5,0.42,1,0,1,payment_link,0,0.0
TX04154,C1191,5204.08,UPI,success,none,0,0,462,16,4,0.25,1,30,0,none,1,5204.08
TX04155,C1203,2147.14,NETBANKING,failed,timeout,4,0,524,18,2,0.11,0,0,2,retry_payment,0,0.0
TX04156,C2215,45614.87,NETBANKING,success,none,0,0,164,7,5,0.71,1,1,0,none,1,45614.87
TX04157,C1474,39252.5,CARD,success,none,0,0,31,5,2,0.4,0,0,0,none,1,39252.5
TX04158,C0068,39689.95,UPI,success,none,0,0,488,10,9,0.9,0,0,0,none,1,39689.95
TX04159,C0479,20422.15,UPI,success,none,0,0,131,14,12,0.86,0,0,0,none,1,20422.15
TX04160,C0353,17295.16,NETBANKING,success,none,0,0,457,3,1,0.33,1,0,0,none,1,17295.16
TX04161,C1129,22134.44,NETBANKING,success,none,0,0,52,10,5,0.5,1,0,0,none,1,22134.44
TX04162,C2269,29440.62,CARD,success,none,0,0,33,13,13,1.0,0,0,0,none,1,29440.62
TX04163,C1575,15646.42,NETBANKING,success,none,0,0,350,14,10,0.71,1,3,0,none,1,15646.42
TX04164,C2074,47282.6,CARD,failed,technical_error,1,0,585,7,6,0.86,1,0,1,payment_link,0,0.0
TX04165,C1487,16395.33,UPI,success,none,0,0,546,8,3,0.38,1,0,0,none,1,16395.33
TX04166,C1216,43584.66,CARD,success,none,0,0,426,13,11,0.85,0,0,0,none,1,43584.66
TX04167,C2489,1953.85,UPI,failed,insufficient_funds,2,0,226,19,17,0.89,0,0,2,send_reminder,1,1953.85
TX04168,C2254,43415.44,WALLET,success,none,0,0,179,11,1,0.09,1,0,0,none,1,43415.44
TX04169,C2357,18948.69,WALLET,success,none,0,0,524,15,6,0.4,0,0,0,none,1,18948.69
TX04170,C2040,41266.81,UPI,failed,technical_error,4,0,584,4,1,0.25,0,0,2,payment_link,1,41266.81
TX04171,C2235,14844.06,UPI,failed,timeout,0,0,383,2,0,0.0,1,0,1,retry_payment,1,14844.06
TX04172,C1578,49767.33,NETBANKING,success,none,0,0,124,5,2,0.4,0,0,0,none,1,49767.33
TX04173,C1728,5578.65,WALLET,success,none,0,0,522,15,12,0.8,0,0,0,none,1,5578.65
TX04174,C0663,39374.28,NETBANKING,abandoned,checkout_dropoff,4,1,326,16,8,0.5,1,0,2,payment_link,0,0.0
TX04175,C2071,30921.38,WALLET,success,none,0,0,247,8,1,0.12,1,7,0,none,1,30921.38
TX04176,C0386,46655.26,UPI,failed,bank_error,3,0,94,9,4,0.44,1,0,0,payment_link,0,0.0
TX04177,C1086,13272.12,UPI,success,none,0,0,450,9,4,0.44,1,3,0,none,1,13272.12
TX04178,C2049,37044.85,CARD,success,none,0,0,434,20,9,0.45,1,0,0,none,1,37044.85
TX04179,C2349,39948.44,UPI,failed,technical_error,4,0,55,9,9,1.0,1,7,2,payment_link,1,39948.44
TX04180,C0776,40567.11,CARD,success,none,0,0,411,11,11,1.0,0,0,0,none,1,40567.11
TX04181,C1280,44967.92,WALLET,failed,network_error,3,0,298,4,2,0.5,1,0,1,retry_payment,0,0.0
TX04182,C0014,39878.53,WALLET,failed,bank_error,2,0,205,10,2,0.2,1,0,2,payment_link,0,0.0
TX04183,C0809,7340.24,WALLET,failed,network_error,1,0,556,9,1,0.11,1,0,2,retry_payment,0,0.0
TX04184,C1441,13803.89,CARD,failed,insufficient_funds,1,0,502,11,0,0.0,1,0,2,send_reminder,0,0.0
TX04185,C0253,25625.57,NETBANKING,success,none,0,0,548,6,5,0.83,0,0,0,none,1,25625.57
TX04186,C1797,7986.44,UPI,success,none,0,0,202,7,4,0.57,0,0,0,none,1,7986.44
TX04187,C0756,32897.44,CARD,success,none,0,0,117,8,2,0.25,1,0,0,none,1,32897.44
TX04188,C1849,12523.42,CARD,failed,bank_error,3,0,467,14,7,0.5,1,0,2,payment_link,0,0.0
TX04189,C2084,43023.97,NETBANKING,failed,timeout,3,0,478,10,9,0.9,0,0,2,retry_payment,0,0.0
TX04190,C1186,13570.62,CARD,failed,bank_error,3,0,510,12,10,0.83,1,0,2,payment_link,0,0.0
TX04191,C1652,20561.7,NETBANKING,failed,timeout,0,0,348,8,6,0.75,1,15,0,retry_payment,1,20561.7
TX04192,C0765,1781.08,UPI,success,none,0,0,221,4,3,0.75,1,1,0,none,1,1781.08
TX04193,C1399,12317.62,UPI,abandoned,checkout_dropoff,4,1,556,8,3,0.38,0,0,2,payment_link,0,0.0
TX04194,C0393,25702.12,UPI,success,none,0,0,296,18,0,0.0,0,0,0,none,1,25702.12
TX04195,C1023,21284.06,UPI,failed,timeout,1,0,522,17,11,0.65,0,0,1,retry_payment,1,21284.06
TX04196,C1131,38789.7,CARD,success,none,0,0,567,4,2,0.5,1,0,0,none,1,38789.7
TX04197,C0355,43040.71,UPI,success,none,0,0,396,14,0,0.0,1,7,0,none,1,43040.71
TX04198,C0966,35843.08,NETBANKING,success,none,0,0,416,2,0,0.0,1,15,0,none,1,35843.08
TX04199,C0716,40525.01,NETBANKING,failed,technical_error,4,0,144,5,2,0.4,0,0,2,payment_link,0,0.0
TX04200,C0600,43467.49,WALLET,abandoned,checkout_dropoff,0,1,260,11,0,0.0,1,0,0,payment_link,0,0.0
TX04201,C0317,16289.29,WALLET,failed,timeout,3,0,28,13,2,0.15,0,0,0,retry_payment,0,0.0
TX04202,C2312,49941.84,WALLET,success,none,0,0,198,14,8,0.57,1,0,0,none,1,49941.84
TX04203,C1533,2670.96,CARD,success,none,0,0,105,13,8,0.62,0,0,0,none,1,2670.96
TX04204,C0466,14687.35,WALLET,abandoned,checkout_dropoff,3,1,210,2,2,1.0,1,0,2,send_reminder,0,0.0
TX04205,C0074,9911.54,UPI,success,none,0,0,168,1,0,0.0,1,7,0,none,1,9911.54
TX04206,C1603,9018.7,UPI,success,none,0,0,191,10,7,0.7,1,1,0,none,1,9018.7
TX04207,C1337,44662.07,WALLET,success,none,0,0,557,17,5,0.29,0,0,0,none,1,44662.07
TX04208,C0947,8578.26,CARD,success,none,0,0,348,6,1,0.17,0,0,0,none,1,8578.26
TX04209,C0709,6932.16,WALLET,failed,bank_error,2,0,272,2,0,0.0,1,1,0,payment_link,0,0.0
TX04210,C2256,34259.97,NETBANKING,success,none,0,0,386,10,3,0.3,0,0,0,none,1,34259.97
TX04211,C2073,26942.85,NETBANKING,success,none,0,0,284,15,1,0.07,0,0,0,none,1,26942.85
TX04212,C1948,40736.74,CARD,failed,insufficient_funds,3,0,231,13,6,0.46,0,0,1,send_reminder,1,40736.74
TX04213,C1473,48907.88,NETBANKING,success,none,0,0,296,11,8,0.73,0,0,0,none,1,48907.88
TX04214,C2211,24743.32,UPI,success,none,0,0,521,15,1,0.07,0,0,0,none,1,24743.32
TX04215,C0772,5955.36,CARD,success,none,0,0,89,8,5,0.62,0,0,0,none,1,5955.36
TX04216,C1159,9808.71,CARD,success,none,0,0,393,14,9,0.64,1,0,0,none,1,9808.71
TX04217,C0474,2628.29,NETBANKING,success,none,0,0,102,20,6,0.3,0,0,0,none,1,2628.29
TX04218,C1339,9442.51,WALLET,success,none,0,0,188,13,0,0.0,0,0,0,none,1,9442.51
TX04219,C0317,49486.68,NETBANKING,success,none,0,0,405,13,13,1.0,0,0,0,none,1,49486.68
TX04220,C0947,6025.17,UPI,success,none,0,0,572,5,1,0.2,0,0,0,none,1,6025.17
TX04221,C0032,3377.57,UPI,failed,network_error,4,0,312,11,7,0.64,1,0,0,retry_payment,0,0.0
TX04222,C2473,33360.71,NETBANKING,success,none,0,0,85,20,0,0.0,0,0,0,none,1,33360.71
TX04223,C1363,20770.86,WALLET,failed,bank_error,2,0,171,14,3,0.21,1,1,1,payment_link,1,20770.86
TX04224,C0978,18203.26,NETBANKING,success,none,0,0,38,5,5,1.0,0,0,0,none,1,18203.26
TX04225,C2160,39212.47,WALLET,success,none,0,0,110,2,1,0.5,1,0,0,none,1,39212.47
TX04226,C1735,1280.76,NETBANKING,success,none,0,0,207,12,7,0.58,1,0,0,none,1,1280.76
TX04227,C0333,33281.77,UPI,success,none,0,0,97,16,10,0.62,0,0,0,none,1,33281.77
TX04228,C0620,6599.55,WALLET,failed,timeout,4,0,515,12,2,0.17,1,30,1,retry_payment,0,0.0
TX04229,C2159,23336.58,UPI,success,none,0,0,577,8,1,0.12,1,30,0,none,1,23336.58
TX04230,C1300,43315.31,UPI,success,none,0,0,274,6,5,0.83,1,0,0,none,1,43315.31
TX04231,C1200,35145.6,NETBANKING,abandoned,checkout_dropoff,2,1,436,15,6,0.4,0,0,2,payment_link,0,0.0
TX04232,C1925,44805.95,NETBANKING,success,none,0,0,10,14,6,0.43,1,0,0,none,1,44805.95
TX04233,C1301,32801.77,NETBANKING,success,none,0,0,15,7,4,0.57,0,0,0,none,1,32801.77
TX04234,C0501,32546.55,UPI,abandoned,checkout_dropoff,3,1,101,15,0,0.0,1,0,2,payment_link,1,32546.55
TX04235,C0515,22706.35,CARD,failed,timeout,0,0,475,6,0,0.0,0,0,1,retry_payment,0,0.0
TX04236,C2405,19157.9,WALLET,success,none,0,0,41,3,0,0.0,1,0,0,none,1,19157.9
TX04237,C0532,39101.09,UPI,failed,technical_error,4,0,162,10,1,0.1,0,0,1,payment_link,0,0.0
TX04238,C0843,13707.48,CARD,success,none,0,0,81,4,2,0.5,1,0,0,none,1,13707.48
TX04239,C1195,33012.14,WALLET,success,none,0,0,550,5,1,0.2,0,0,0,none,1,33012.14
TX04240,C0256,32282.2,NETBANKING,success,none,0,0,85,3,3,1.0,1,0,0,none,1,32282.2
TX04241,C0919,26022.27,NETBANKING,success,none,0,0,356,20,4,0.2,0,0,0,none,1,26022.27
TX04242,C1144,45983.62,WALLET,success,none,0,0,160,3,3,1.0,1,0,0,none,1,45983.62
TX04243,C1331,9578.58,CARD,success,none,0,0,453,9,9,1.0,1,0,0,none,1,9578.58
TX04244,C0139,39000.58,NETBANKING,success,none,0,0,228,16,3,0.19,0,0,0,none,1,39000.58
TX04245,C1191,32110.22,CARD,success,none,0,0,22,16,1,0.06,1,1,0,none,1,32110.22
TX04246,C2362,41813.41,NETBANKING,success,none,0,0,394,2,0,0.0,0,0,0,none,1,41813.41
TX04247,C0057,13859.62,NETBANKING,success,none,0,0,294,10,7,0.7,1,7,0,none,1,13859.62
TX04248,C0985,12058.27,CARD,success,none,0,0,490,8,6,0.75,1,0,0,none,1,12058.27
TX04249,C1748,25197.76,NETBANKING,success,none,0,0,381,8,1,0.12,1,7,0,none,1,25197.76
TX04250,C1310,2629.31,UPI,failed,bank_error,3,0,28,3,0,0.0,1,1,2,payment_link,0,0.0
TX04251,C1834,13579.55,UPI,failed,insufficient_funds,1,0,588,1,1,1.0,1,0,2,send_reminder,1,13579.55
TX04252,C0628,25209.07,NETBANKING,success,none,0,0,166,13,6,0.46,0,0,0,none,1,25209.07
TX04253,C1625,47327.05,CARD,success,none,0,0,446,4,0,0.0,1,15,0,none,1,47327.05
TX04254,C0145,40662.4,WALLET,success,none,0,0,509,17,0,0.0,0,0,0,none,1,40662.4
TX04255,C1613,25214.66,CARD,success,none,0,0,135,5,5,1.0,0,0,0,none,1,25214.66
TX04256,C1886,46840.24,NETBANKING,success,none,0,0,577,5,1,0.2,0,0,0,none,1,46840.24
TX04257,C0989,47787.43,CARD,success,none,0,0,507,16,4,0.25,1,0,0,none,1,47787.43
TX04258,C0878,26051.34,NETBANKING,abandoned,checkout_dropoff,3,1,136,14,2,0.14,1,3,1,send_reminder,1,26051.34
TX04259,C0715,24940.89,WALLET,success,none,0,0,216,11,10,0.91,1,0,0,none,1,24940.89
TX04260,C2008,43173.31,CARD,abandoned,checkout_dropoff,0,1,326,5,0,0.0,1,0,1,send_reminder,0,0.0
TX04261,C1069,5774.28,WALLET,success,none,0,0,304,5,2,0.4,0,0,0,none,1,5774.28
TX04262,C1349,49819.47,CARD,failed,insufficient_funds,1,0,12,19,11,0.58,1,3,2,send_reminder,0,0.0
TX04263,C2014,24819.64,CARD,success,none,0,0,196,16,6,0.38,1,1,0,none,1,24819.64
TX04264,C1859,7618.31,UPI,success,none,0,0,83,5,4,0.8,0,0,0,none,1,7618.31
TX04265,C0349,12119.79,UPI,success,none,0,0,85,8,3,0.38,0,0,0,none,1,12119.79
TX04266,C0438,1663.18,NETBANKING,success,none,0,0,55,6,6,1.0,1,0,0,none,1,1663.18
TX04267,C2363,14090.19,NETBANKING,failed,network_error,1,0,226,5,5,1.0,0,0,0,retry_payment,1,14090.19
TX04268,C0137,27974.25,CARD,success,none,0,0,339,16,1,0.06,1,0,0,none,1,27974.25
TX04269,C0430,12577.88,UPI,abandoned,checkout_dropoff,2,1,585,15,6,0.4,1,1,0,payment_link,1,12577.88
TX04270,C1738,40824.74,CARD,success,none,0,0,65,17,0,0.0,0,0,0,none,1,40824.74
TX04271,C1829,3566.79,UPI,success,none,0,0,86,15,9,0.6,1,3,0,none,1,3566.79
TX04272,C2231,28043.77,CARD,success,none,0,0,212,15,8,0.53,1,15,0,none,1,28043.77
TX04273,C0948,27277.74,UPI,success,none,0,0,223,15,1,0.07,1,1,0,none,1,27277.74
TX04274,C1621,8618.71,NETBANKING,success,none,0,0,41,15,15,1.0,0,0,0,none,1,8618.71
TX04275,C0064,16179.48,CARD,abandoned,checkout_dropoff,2,1,529,17,4,0.24,0,0,0,send_reminder,0,0.0
TX04276,C0510,38996.92,UPI,failed,bank_error,4,0,247,17,10,0.59,0,0,0,payment_link,0,0.0
TX04277,C2192,14160.56,WALLET,success,none,0,0,576,6,2,0.33,1,3,0,none,1,14160.56
TX04278,C0898,23331.93,NETBANKING,success,none,0,0,311,4,2,0.5,0,0,0,none,1,23331.93
TX04279,C0887,37226.55,WALLET,failed,technical_error,3,0,436,16,1,0.06,1,0,0,payment_link,0,0.0
TX04280,C0410,28738.92,UPI,failed,network_error,0,0,350,11,11,1.0,0,0,0,retry_payment,1,28738.92
TX04281,C2008,10436.97,UPI,failed,insufficient_funds,0,0,245,16,15,0.94,0,0,0,send_reminder,0,0.0
TX04282,C0881,24385.14,CARD,success,none,0,0,109,18,18,1.0,0,0,0,none,1,24385.14
TX04283,C0209,44828.58,NETBANKING,abandoned,checkout_dropoff,2,1,539,5,0,0.0,1,0,1,payment_link,0,0.0
TX04284,C1839,48693.96,NETBANKING,success,none,0,0,451,18,8,0.44,1,0,0,none,1,48693.96
TX04285,C1476,43978.09,NETBANKING,success,none,0,0,444,11,2,0.18,0,0,0,none,1,43978.09
TX04286,C1374,35881.92,CARD,success,none,0,0,461,20,20,1.0,0,0,0,none,1,35881.92
TX04287,C0530,1406.59,WALLET,abandoned,checkout_dropoff,0,1,363,16,0,0.0,0,0,2,send_reminder,0,0.0
TX04288,C1315,756.47,UPI,success,none,0,0,434,18,8,0.44,1,0,0,none,1,756.47
TX04289,C1338,47582.81,WALLET,abandoned,checkout_dropoff,4,1,91,15,8,0.53,1,30,1,payment_link,0,0.0
TX04290,C0228,46342.05,NETBANKING,abandoned,checkout_dropoff,2,1,343,14,7,0.5,1,0,2,payment_link,1,46342.05
TX04291,C1613,32370.23,NETBANKING,success,none,0,0,258,2,0,0.0,0,0,0,none,1,32370.23
TX04292,C0918,44236.34,UPI,success,none,0,0,44,12,11,0.92,0,0,0,none,1,44236.34
TX04293,C1588,31577.9,UPI,success,none,0,0,270,9,6,0.67,1,0,0,none,1,31577.9
TX04294,C1055,476.76,UPI,success,none,0,0,310,2,0,0.0,1,3,0,none,1,476.76
TX04295,C1044,42492.89,NETBANKING,success,none,0,0,404,17,6,0.35,1,3,0,none,1,42492.89
TX04296,C2194,40524.49,NETBANKING,success,none,0,0,426,1,1,1.0,0,0,0,none,1,40524.49
TX04297,C1156,19936.51,CARD,success,none,0,0,442,2,0,0.0,0,0,0,none,1,19936.51
TX04298,C2173,2168.23,WALLET,success,none,0,0,91,3,0,0.0,0,0,0,none,1,2168.23
TX04299,C0438,39672.47,WALLET,success,none,0,0,391,2,2,1.0,0,0,0,none,1,39672.47
TX04300,C1508,28393.98,UPI,success,none,0,0,121,11,0,0.0,1,15,0,none,1,28393.98
TX04301,C0290,38838.95,NETBANKING,success,none,0,0,453,9,7,0.78,1,15,0,none,1,38838.95
TX04302,C1587,43929.09,UPI,success,none,0,0,244,6,5,0.83,0,0,0,none,1,43929.09
TX04303,C0499,29280.13,WALLET,success,none,0,0,176,12,4,0.33,1,0,0,none,1,29280.13
TX04304,C2089,12848.18,NETBANKING,success,none,0,0,439,10,5,0.5,0,0,0,none,1,12848.18
TX04305,C1030,34222.56,UPI,abandoned,checkout_dropoff,4,1,243,6,4,0.67,0,0,0,payment_link,0,0.0
TX04306,C1819,31709.21,NETBANKING,abandoned,checkout_dropoff,2,1,514,20,5,0.25,1,3,0,send_reminder,0,0.0
TX04307,C1091,45789.34,NETBANKING,abandoned,checkout_dropoff,4,1,323,1,0,0.0,1,0,0,send_reminder,0,0.0
TX04308,C2376,7902.42,NETBANKING,success,none,0,0,525,16,0,0.0,1,7,0,none,1,7902.42
TX04309,C1960,19985.4,WALLET,success,none,0,0,270,19,15,0.79,0,0,0,none,1,19985.4
TX04310,C1855,26650.32,NETBANKING,success,none,0,0,161,12,1,0.08,0,0,0,none,1,26650.32
TX04311,C2204,22838.01,WALLET,success,none,0,0,561,19,14,0.74,1,0,0,none,1,22838.01
TX04312,C1875,21740.02,WALLET,failed,timeout,0,0,133,20,6,0.3,1,0,0,retry_payment,0,0.0
TX04313,C1403,28927.92,CARD,success,none,0,0,455,19,15,0.79,0,0,0,none,1,28927.92
TX04314,C2175,39718.78,WALLET,failed,technical_error,2,0,598,4,0,0.0,1,7,0,payment_link,0,0.0
TX04315,C2422,32675.5,WALLET,success,none,0,0,320,9,7,0.78,1,30,0,none,1,32675.5
TX04316,C0455,13730.25,NETBANKING,failed,technical_error,0,0,148,12,11,0.92,0,0,1,payment_link,0,0.0
TX04317,C1510,48143.01,NETBANKING,success,none,0,0,46,20,19,0.95,1,0,0,none,1,48143.01
TX04318,C1327,6782.84,WALLET,abandoned,checkout_dropoff,1,1,512,9,4,0.44,1,0,2,send_reminder,0,0.0
TX04319,C1940,19640.74,WALLET,success,none,0,0,356,9,2,0.22,0,0,0,none,1,19640.74
TX04320,C1368,1513.96,NETBANKING,abandoned,checkout_dropoff,0,1,470,6,3,0.5,1,0,2,payment_link,0,0.0
TX04321,C1340,33678.12,WALLET,success,none,0,0,578,19,8,0.42,0,0,0,none,1,33678.12
TX04322,C1747,40881.95,UPI,success,none,0,0,443,20,17,0.85,0,0,0,none,1,40881.95
TX04323,C0768,38937.83,WALLET,failed,insufficient_funds,2,0,563,6,5,0.83,1,0,0,send_reminder,1,38937.83
TX04324,C1975,30237.23,WALLET,failed,technical_error,2,0,239,16,15,0.94,1,3,1,payment_link,1,30237.23
TX04325,C2012,5487.31,NETBANKING,success,none,0,0,76,19,3,0.16,1,0,0,none,1,5487.31
TX04326,C1755,29180.71,UPI,failed,technical_error,1,0,361,20,5,0.25,1,0,0,payment_link,0,0.0
TX04327,C1429,21469.17,WALLET,success,none,0,0,501,20,16,0.8,0,0,0,none,1,21469.17
TX04328,C0853,2862.85,UPI,success,none,0,0,74,7,3,0.43,1,7,0,none,1,2862.85
TX04329,C2374,1115.46,CARD,abandoned,checkout_dropoff,3,1,316,8,2,0.25,1,1,1,payment_link,0,0.0
TX04330,C1153,5063.92,UPI,success,none,0,0,398,19,11,0.58,0,0,0,none,1,5063.92
TX04331,C0484,32314.1,CARD,success,none,0,0,317,14,14,1.0,1,0,0,none,1,32314.1
TX04332,C0280,49547.76,CARD,success,none,0,0,106,9,6,0.67,1,1,0,none,1,49547.76
TX04333,C0393,48868.78,CARD,success,none,0,0,203,8,0,0.0,1,1,0,none,1,48868.78
TX04334,C1577,49196.41,WALLET,success,none,0,0,269,5,1,0.2,1,7,0,none,1,49196.41
TX04335,C2285,33848.11,WALLET,success,none,0,0,303,6,4,0.67,1,0,0,none,1,33848.11
TX04336,C1942,36031.41,CARD,success,none,0,0,573,11,0,0.0,0,0,0,none,1,36031.41
TX04337,C0040,40851.45,CARD,failed,technical_error,1,0,91,15,6,0.4,0,0,1,payment_link,0,0.0
TX04338,C0191,47449.73,NETBANKING,success,none,0,0,171,14,7,0.5,0,0,0,none,1,47449.73
TX04339,C1139,43123.37,NETBANKING,failed,timeout,1,0,487,5,3,0.6,1,7,0,retry_payment,1,43123.37
TX04340,C2090,44008.41,NETBANKING,failed,network_error,1,0,549,14,7,0.5,0,0,1,retry_payment,1,44008.41
TX04341,C1054,24993.6,WALLET,abandoned,checkout_dropoff,0,1,63,10,0,0.0,1,0,2,payment_link,0,0.0
TX04342,C1561,15812.1,NETBANKING,success,none,0,0,334,16,7,0.44,0,0,0,none,1,15812.1
TX04343,C2105,2699.74,UPI,success,none,0,0,280,3,0,0.0,1,7,0,none,1,2699.74
TX04344,C2322,3639.25,NETBANKING,success,none,0,0,264,15,1,0.07,0,0,0,none,1,3639.25
TX04345,C1730,18347.77,UPI,success,none,0,0,415,8,5,0.62,1,0,0,none,1,18347.77
TX04346,C2386,10633.76,CARD,abandoned,checkout_dropoff,0,1,41,4,2,0.5,1,0,0,send_reminder,0,0.0
TX04347,C0897,23962.05,UPI,failed,network_error,3,0,291,19,6,0.32,0,0,1,retry_payment,0,0.0
TX04348,C1473,20859.67,UPI,failed,bank_error,0,0,199,4,3,0.75,0,0,0,payment_link,1,20859.67
TX04349,C2440,24157.49,UPI,success,none,0,0,15,4,2,0.5,0,0,0,none,1,24157.49
TX04350,C1695,7992.94,CARD,abandoned,checkout_dropoff,1,1,277,1,0,0.0,1,0,2,send_reminder,1,7992.94
TX04351,C2432,21432.53,WALLET,success,none,0,0,330,3,2,0.67,0,0,0,none,1,21432.53
TX04352,C1399,27215.77,UPI,failed,technical_error,0,0,75,18,0,0.0,0,0,1,payment_link,0,0.0
TX04353,C0216,4328.7,NETBANKING,failed,network_error,0,0,595,11,9,0.82,1,0,1,retry_payment,0,0.0
TX04354,C1664,30101.18,CARD,failed,insufficient_funds,3,0,506,20,13,0.65,1,0,2,send_reminder,1,30101.18
TX04355,C1362,18925.99,NETBANKING,success,none,0,0,18,9,2,0.22,0,0,0,none,1,18925.99
TX04356,C1269,20155.42,NETBANKING,failed,technical_error,4,0,279,17,13,0.76,0,0,1,payment_link,0,0.0
TX04357,C1383,42666.14,UPI,failed,bank_error,3,0,520,4,0,0.0,1,1,0,payment_link,0,0.0
TX04358,C1568,2964.73,UPI,abandoned,checkout_dropoff,4,1,521,11,5,0.45,1,0,2,payment_link,0,0.0
TX04359,C2247,19194.54,NETBANKING,failed,insufficient_funds,2,0,306,3,2,0.67,1,3,1,send_reminder,0,0.0
TX04360,C0594,37486.25,WALLET,failed,network_error,4,0,561,2,2,1.0,1,7,0,retry_payment,0,0.0
TX04361,C1346,40993.14,CARD,success,none,0,0,534,14,12,0.86,0,0,0,none,1,40993.14
TX04362,C1683,25590.42,WALLET,success,none,0,0,156,9,1,0.11,1,3,0,none,1,25590.42
TX04363,C2069,5996.62,CARD,failed,network_error,3,0,401,18,2,0.11,1,3,0,retry_payment,0,0.0
TX04364,C1758,26836.76,NETBANKING,success,none,0,0,378,19,15,0.79,0,0,0,none,1,26836.76
TX04365,C0925,29879.23,WALLET,success,none,0,0,117,2,1,0.5,1,0,0,none,1,29879.23
TX04366,C1881,39214.72,NETBANKING,success,none,0,0,516,14,0,0.0,0,0,0,none,1,39214.72
TX04367,C1873,17523.59,UPI,failed,timeout,0,0,15,15,15,1.0,1,0,1,retry_payment,1,17523.59
TX04368,C1486,22936.36,UPI,success,none,0,0,448,16,15,0.94,0,0,0,none,1,22936.36
TX04369,C1776,21507.9,CARD,failed,timeout,1,0,191,18,7,0.39,1,1,0,retry_payment,1,21507.9
TX04370,C0044,47543.87,CARD,success,none,0,0,172,15,5,0.33,1,1,0,none,1,47543.87
TX04371,C2191,11257.99,WALLET,abandoned,checkout_dropoff,3,1,297,2,2,1.0,0,0,0,payment_link,0,0.0
TX04372,C1415,29731.83,NETBANKING,failed,technical_error,3,0,556,18,0,0.0,0,0,0,payment_link,1,29731.83
TX04373,C1402,37816.03,CARD,success,none,0,0,231,14,1,0.07,0,0,0,none,1,37816.03
TX04374,C2292,27077.91,CARD,success,none,0,0,49,3,3,1.0,0,0,0,none,1,27077.91
TX04375,C0194,36814.17,WALLET,failed,technical_error,0,0,241,12,5,0.42,1,15,1,payment_link,0,0.0
TX04376,C0505,19692.97,WALLET,failed,technical_error,3,0,165,19,12,0.63,1,1,2,payment_link,1,19692.97
TX04377,C0790,19410.87,UPI,success,none,0,0,378,8,6,0.75,1,0,0,none,1,19410.87
TX04378,C0592,40507.36,CARD,success,none,0,0,292,12,0,0.0,0,0,0,none,1,40507.36
TX04379,C1587,30799.33,UPI,success,none,0,0,582,15,6,0.4,1,15,0,none,1,30799.33
TX04380,C2195,45755.43,NETBANKING,failed,network_error,0,0,14,14,6,0.43,1,1,0,retry_payment,1,45755.43
TX04381,C2309,11725.64,UPI,failed,insufficient_funds,3,0,73,8,5,0.62,1,0,2,send_reminder,0,0.0
TX04382,C2034,44401.69,WALLET,success,none,0,0,260,16,11,0.69,0,0,0,none,1,44401.69
TX04383,C1166,14276.13,UPI,success,none,0,0,332,18,7,0.39,0,0,0,none,1,14276.13
TX04384,C1077,23600.52,CARD,success,none,0,0,552,19,0,0.0,0,0,0,none,1,23600.52
TX04385,C1866,21387.55,NETBANKING,success,none,0,0,202,1,0,0.0,1,15,0,none,1,21387.55
TX04386,C0205,44875.86,UPI,failed,timeout,2,0,512,11,4,0.36,1,0,2,retry_payment,0,0.0
TX04387,C2081,38784.97,NETBANKING,success,none,0,0,324,1,1,1.0,0,0,0,none,1,38784.97
TX04388,C2092,8397.58,NETBANKING,failed,technical_error,1,0,362,11,3,0.27,0,0,2,payment_link,1,8397.58
TX04389,C0574,48110.4,NETBANKING,success,none,0,0,388,2,0,0.0,0,0,0,none,1,48110.4
TX04390,C1350,8018.65,WALLET,success,none,0,0,458,18,16,0.89,1,3,0,none,1,8018.65
TX04391,C1416,870.24,NETBANKING,success,none,0,0,133,17,8,0.47,0,0,0,none,1,870.24
TX04392,C2101,1420.74,UPI,failed,network_error,1,0,32,1,1,1.0,1,1,1,retry_payment,1,1420.74
TX04393,C1531,3573.73,WALLET,success,none,0,0,227,7,2,0.29,1,0,0,none,1,3573.73
TX04394,C0596,39272.78,WALLET,success,none,0,0,281,15,7,0.47,1,7,0,none,1,39272.78
TX04395,C0832,2293.7,CARD,failed,bank_error,1,0,59,13,0,0.0,1,0,0,payment_link,0,0.0
TX04396,C1798,4231.49,NETBANKING,failed,network_error,1,0,498,7,4,0.57,0,0,1,retry_payment,1,4231.49
TX04397,C2193,49425.55,UPI,success,none,0,0,450,13,9,0.69,1,15,0,none,1,49425.55
TX04398,C1765,15014.52,WALLET,success,none,0,0,209,3,2,0.67,1,3,0,none,1,15014.52
TX04399,C2442,48752.56,NETBANKING,success,none,0,0,440,18,3,0.17,1,0,0,none,1,48752.56
TX04400,C2225,29266.23,UPI,abandoned,checkout_dropoff,3,1,248,4,4,1.0,1,1,0,send_reminder,0,0.0
TX04401,C0983,48791.4,UPI,success,none,0,0,18,9,2,0.22,0,0,0,none,1,48791.4
TX04402,C0986,40684.24,CARD,success,none,0,0,593,13,0,0.0,0,0,0,none,1,40684.24
TX04403,C1329,1549.32,CARD,success,none,0,0,274,1,0,0.0,1,0,0,none,1,1549.32
TX04404,C2238,45861.96,WALLET,success,none,0,0,320,15,1,0.07,1,3,0,none,1,45861.96
TX04405,C1593,2332.65,CARD,success,none,0,0,498,17,13,0.76,1,0,0,none,1,2332.65
TX04406,C2063,1641.39,CARD,abandoned,checkout_dropoff,3,1,208,17,1,0.06,0,0,0,payment_link,1,1641.39
TX04407,C2312,23127.63,UPI,success,none,0,0,565,6,2,0.33,1,0,0,none,1,23127.63
TX04408,C1912,18224.47,WALLET,success,none,0,0,13,19,16,0.84,1,7,0,none,1,18224.47
TX04409,C1654,23127.63,CARD,success,none,0,0,79,14,8,0.57,1,0,0,none,1,23127.63
TX04410,C1550,38796.71,WALLET,failed,timeout,4,0,74,6,3,0.5,0,0,1,retry_payment,0,0.0
TX04411,C0670,18600.37,NETBANKING,success,none,0,0,525,1,1,1.0,0,0,0,none,1,18600.37
TX04412,C1842,29919.78,CARD,success,none,0,0,113,20,19,0.95,1,30,0,none,1,29919.78
TX04413,C1814,617.73,UPI,success,none,0,0,73,17,6,0.35,1,1,0,none,1,617.73
TX04414,C0018,30966.52,NETBANKING,failed,insufficient_funds,2,0,553,15,1,0.07,1,15,0,send_reminder,0,0.0
TX04415,C1045,20940.57,NETBANKING,success,none,0,0,478,5,3,0.6,0,0,0,none,1,20940.57
TX04416,C0749,5177.95,UPI,failed,timeout,0,0,442,14,11,0.79,1,0,2,retry_payment,1,5177.95
TX04417,C2482,44230.29,WALLET,success,none,0,0,320,8,0,0.0,1,3,0,none,1,44230.29
TX04418,C0036,42124.83,CARD,success,none,0,0,187,11,11,1.0,0,0,0,none,1,42124.83
TX04419,C1798,5524.39,WALLET,failed,timeout,4,0,518,1,1,1.0,0,0,1,retry_payment,0,0.0
TX04420,C1311,24433.24,UPI,success,none,0,0,460,7,1,0.14,1,7,0,none,1,24433.24
TX04421,C0490,42068.43,NETBANKING,success,none,0,0,150,9,7,0.78,1,30,0,none,1,42068.43
TX04422,C1033,12463.34,UPI,success,none,0,0,567,6,3,0.5,0,0,0,none,1,12463.34
TX04423,C0160,17722.48,WALLET,success,none,0,0,148,2,2,1.0,1,7,0,none,1,17722.48
TX04424,C1805,26138.51,WALLET,success,none,0,0,23,4,2,0.5,1,0,0,none,1,26138.51
TX04425,C1665,48532.11,CARD,success,none,0,0,507,17,10,0.59,1,0,0,none,1,48532.11
TX04426,C0513,15941.56,NETBANKING,failed,insufficient_funds,1,0,279,11,8,0.73,1,0,0,send_reminder,1,15941.56
TX04427,C2346,30433.65,WALLET,success,none,0,0,440,16,8,0.5,0,0,0,none,1,30433.65
TX04428,C1776,33377.12,UPI,success,none,0,0,276,4,1,0.25,0,0,0,none,1,33377.12
TX04429,C1796,35920.03,CARD,success,none,0,0,560,17,6,0.35,0,0,0,none,1,35920.03
TX04430,C0553,40213.54,WALLET,success,none,0,0,376,9,6,0.67,1,0,0,none,1,40213.54
TX04431,C1689,44693.31,UPI,success,none,0,0,379,13,5,0.38,1,0,0,none,1,44693.31
TX04432,C2272,2779.93,NETBANKING,success,none,0,0,91,10,9,0.9,0,0,0,none,1,2779.93
TX04433,C1682,7453.79,CARD,success,none,0,0,14,13,0,0.0,0,0,0,none,1,7453.79
TX04434,C0317,7602.57,WALLET,success,none,0,0,302,13,10,0.77,0,0,0,none,1,7602.57
TX04435,C2399,40008.96,UPI,success,none,0,0,47,19,2,0.11,0,0,0,none,1,40008.96
TX04436,C0193,29945.13,WALLET,success,none,0,0,340,10,5,0.5,1,30,0,none,1,29945.13
TX04437,C1019,2129.45,UPI,success,none,0,0,541,9,6,0.67,0,0,0,none,1,2129.45
TX04438,C2011,36413.5,CARD,failed,network_error,2,0,195,5,2,0.4,1,3,0,retry_payment,0,0.0
TX04439,C0232,25053.93,CARD,success,none,0,0,431,13,5,0.38,1,1,0,none,1,25053.93
TX04440,C0435,2483.28,WALLET,success,none,0,0,554,13,12,0.92,0,0,0,none,1,2483.28
TX04441,C0484,40725.47,UPI,success,none,0,0,268,1,0,0.0,1,0,0,none,1,40725.47
TX04442,C0092,20475.85,CARD,success,none,0,0,479,14,14,1.0,1,0,0,none,1,20475.85
TX04443,C2357,32388.71,WALLET,success,none,0,0,451,12,0,0.0,1,30,0,none,1,32388.71
TX04444,C1166,25054.55,WALLET,failed,insufficient_funds,0,0,93,14,0,0.0,0,0,2,send_reminder,0,0.0
TX04445,C2348,43885.39,CARD,failed,timeout,4,0,520,11,5,0.45,1,15,2,retry_payment,0,0.0
TX04446,C0768,3154.85,UPI,failed,insufficient_funds,1,0,552,6,6,1.0,0,0,0,send_reminder,1,3154.85
TX04447,C1636,46196.85,NETBANKING,failed,network_error,1,0,147,20,15,0.75,1,3,1,retry_payment,1,46196.85
TX04448,C0931,11549.49,CARD,success,none,0,0,326,12,10,0.83,1,1,0,none,1,11549.49
TX04449,C2044,34722.77,NETBANKING,failed,network_error,2,0,493,15,4,0.27,1,1,1,retry_payment,0,0.0
TX04450,C1123,45692.85,WALLET,success,none,0,0,532,7,4,0.57,0,0,0,none,1,45692.85
TX04451,C2306,39795.36,WALLET,success,none,0,0,86,1,0,0.0,1,1,0,none,1,39795.36
TX04452,C1195,49217.75,CARD,success,none,0,0,263,3,3,1.0,1,0,0,none,1,49217.75
TX04453,C0528,25237.6,WALLET,success,none,0,0,367,20,15,0.75,0,0,0,none,1,25237.6
TX04454,C0738,14352.45,UPI,success,none,0,0,382,16,2,0.12,1,7,0,none,1,14352.45
TX04455,C2166,37220.29,CARD,success,none,0,0,369,13,5,0.38,0,0,0,none,1,37220.29
TX04456,C0604,49696.23,CARD,success,none,0,0,281,9,0,0.0,1,3,0,none,1,49696.23
TX04457,C2106,38654.19,WALLET,failed,bank_error,0,0,255,19,10,0.53,1,0,2,payment_link,0,0.0
TX04458,C1104,42872.76,UPI,failed,bank_error,0,0,169,17,5,0.29,0,0,0,payment_link,0,0.0
TX04459,C0748,19793.8,CARD,success,none,0,0,533,3,2,0.67,1,0,0,none,1,19793.8
TX04460,C2031,48738.93,CARD,failed,technical_error,0,0,509,2,1,0.5,0,0,2,payment_link,0,0.0
TX04461,C1520,47360.7,UPI,success,none,0,0,143,13,10,0.77,0,0,0,none,1,47360.7
TX04462,C0760,22300.48,CARD,abandoned,checkout_dropoff,1,1,143,14,5,0.36,1,0,0,send_reminder,0,0.0
TX04463,C1046,36987.8,UPI,success,none,0,0,257,15,15,1.0,1,3,0,none,1,36987.8
TX04464,C0668,35078.37,CARD,success,none,0,0,455,7,6,0.86,0,0,0,none,1,35078.37
TX04465,C2127,15166.98,NETBANKING,success,none,0,0,568,8,8,1.0,1,0,0,none,1,15166.98
TX04466,C2330,7849.88,CARD,success,none,0,0,160,20,0,0.0,0,0,0,none,1,7849.88
TX04467,C1718,40202.96,NETBANKING,success,none,0,0,331,6,3,0.5,1,0,0,none,1,40202.96
TX04468,C2226,41592.49,WALLET,abandoned,checkout_dropoff,2,1,349,8,3,0.38,0,0,1,payment_link,0,0.0
TX04469,C2352,47050.87,CARD,success,none,0,0,228,10,7,0.7,1,15,0,none,1,47050.87
TX04470,C0261,30889.79,WALLET,failed,technical_error,3,0,379,2,0,0.0,0,0,0,payment_link,0,0.0
TX04471,C0178,8742.19,WALLET,success,none,0,0,586,12,8,0.67,1,0,0,none,1,8742.19
TX04472,C0021,17681.54,CARD,abandoned,checkout_dropoff,1,1,535,2,2,1.0,1,0,0,payment_link,1,17681.54
TX04473,C2032,41767.31,WALLET,abandoned,checkout_dropoff,1,1,184,18,14,0.78,0,0,1,send_reminder,1,41767.31
TX04474,C0768,9113.5,WALLET,success,none,0,0,100,3,2,0.67,0,0,0,none,1,9113.5
TX04475,C1066,38030.71,CARD,success,none,0,0,147,1,1,1.0,1,0,0,none,1,38030.71
TX04476,C0790,36698.56,NETBANKING,failed,insufficient_funds,2,0,284,4,4,1.0,1,3,2,send_reminder,1,36698.56
TX04477,C2354,48565.64,WALLET,success,none,0,0,279,7,4,0.57,0,0,0,none,1,48565.64
TX04478,C2354,47403.18,CARD,failed,technical_error,0,0,373,15,7,0.47,1,1,1,payment_link,1,47403.18
TX04479,C0241,16160.59,UPI,failed,bank_error,2,0,100,4,0,0.0,0,0,2,payment_link,1,16160.59
TX04480,C1780,22755.97,UPI,success,none,0,0,117,9,4,0.44,1,0,0,none,1,22755.97
TX04481,C0317,31038.18,WALLET,failed,technical_error,0,0,104,11,0,0.0,1,0,0,payment_link,0,0.0
TX04482,C0005,49364.64,WALLET,failed,insufficient_funds,3,0,397,10,7,0.7,1,0,1,send_reminder,0,0.0
TX04483,C1486,37353.27,CARD,failed,timeout,3,0,501,10,1,0.1,0,0,1,retry_payment,0,0.0
TX04484,C0012,21774.39,NETBANKING,success,none,0,0,165,8,3,0.38,0,0,0,none,1,21774.39
TX04485,C1217,44581.78,WALLET,failed,bank_error,0,0,328,16,0,0.0,1,7,1,payment_link,0,0.0
TX04486,C0903,42518.26,WALLET,success,none,0,0,22,11,3,0.27,1,0,0,none,1,42518.26
TX04487,C2443,203.48,WALLET,failed,network_error,3,0,162,19,6,0.32,0,0,2,retry_payment,0,0.0
TX04488,C1548,5749.33,UPI,success,none,0,0,61,14,6,0.43,0,0,0,none,1,5749.33
TX04489,C1628,30274.25,CARD,success,none,0,0,480,2,1,0.5,0,0,0,none,1,30274.25
TX04490,C1103,6096.99,WALLET,failed,timeout,3,0,463,20,13,0.65,0,0,0,retry_payment,0,0.0
TX04491,C2435,28847.74,NETBANKING,success,none,0,0,43,19,19,1.0,1,3,0,none,1,28847.74
TX04492,C2251,23167.06,WALLET,failed,bank_error,1,0,533,8,0,0.0,1,1,1,payment_link,1,23167.06
TX04493,C1853,42505.72,CARD,success,none,0,0,231,15,11,0.73,1,30,0,none,1,42505.72
TX04494,C1605,26986.99,WALLET,abandoned,checkout_dropoff,3,1,269,17,5,0.29,0,0,0,payment_link,0,0.0
TX04495,C2335,35708.87,UPI,failed,insufficient_funds,3,0,350,19,11,0.58,0,0,0,send_reminder,1,35708.87
TX04496,C0886,19355.29,CARD,failed,network_error,0,0,345,13,7,0.54,0,0,2,retry_payment,1,19355.29
TX04497,C0653,45333.44,CARD,abandoned,checkout_dropoff,3,1,325,20,20,1.0,0,0,1,payment_link,1,45333.44
TX04498,C1336,2985.64,NETBANKING,failed,bank_error,1,0,118,12,9,0.75,1,1,2,payment_link,1,2985.64
TX04499,C0352,39856.08,UPI,failed,timeout,0,0,383,4,4,1.0,0,0,1,retry_payment,0,0.0
TX04500,C2377,40205.79,UPI,success,none,0,0,460,20,1,0.05,1,0,0,none,1,40205.79
TX04501,C1251,14214.82,NETBANKING,success,none,0,0,365,18,2,0.11,1,0,0,none,1,14214.82
TX04502,C0913,30888.12,CARD,success,none,0,0,588,3,0,0.0,0,0,0,none,1,30888.12
TX04503,C1778,39522.4,UPI,success,none,0,0,522,14,10,0.71,0,0,0,none,1,39522.4
TX04504,C1732,41377.88,UPI,failed,insufficient_funds,2,0,92,14,14,1.0,1,15,0,send_reminder,0,0.0
TX04505,C1954,38010.16,CARD,failed,insufficient_funds,1,0,12,14,14,1.0,1,0,1,send_reminder,0,0.0
TX04506,C2126,37253.06,NETBANKING,success,none,0,0,296,1,1,1.0,1,0,0,none,1,37253.06
TX04507,C2415,48753.49,NETBANKING,failed,bank_error,2,0,16,2,0,0.0,0,0,1,payment_link,1,48753.49
TX04508,C0265,37371.44,WALLET,success,none,0,0,365,19,17,0.89,1,0,0,none,1,37371.44
TX04509,C0624,34375.73,NETBANKING,success,none,0,0,489,14,4,0.29,0,0,0,none,1,34375.73
TX04510,C2499,13669.94,NETBANKING,failed,bank_error,1,0,381,3,0,0.0,0,0,1,payment_link,1,13669.94
TX04511,C0952,10770.14,CARD,abandoned,checkout_dropoff,3,1,507,16,1,0.06,1,1,0,payment_link,0,0.0
TX04512,C0962,30926.67,NETBANKING,failed,insufficient_funds,1,0,294,9,8,0.89,0,0,2,send_reminder,1,30926.67
TX04513,C0018,6036.02,NETBANKING,success,none,0,0,357,16,12,0.75,1,7,0,none,1,6036.02
TX04514,C1519,43530.73,UPI,success,none,0,0,568,12,5,0.42,0,0,0,none,1,43530.73
TX04515,C0644,45301.96,CARD,success,none,0,0,24,17,6,0.35,1,0,0,none,1,45301.96
TX04516,C1896,16116.9,CARD,failed,bank_error,1,0,160,9,3,0.33,1,3,0,payment_link,1,16116.9
TX04517,C2331,17601.87,WALLET,failed,technical_error,2,0,457,6,4,0.67,0,0,0,payment_link,1,17601.87
TX04518,C1532,1146.45,WALLET,failed,insufficient_funds,2,0,545,2,1,0.5,0,0,1,send_reminder,0,0.0
TX04519,C0171,23897.62,CARD,success,none,0,0,201,12,11,0.92,1,1,0,none,1,23897.62
TX04520,C0737,28911.7,WALLET,success,none,0,0,448,6,5,0.83,1,15,0,none,1,28911.7
TX04521,C1897,36252.64,WALLET,success,none,0,0,71,12,5,0.42,0,0,0,none,1,36252.64
TX04522,C0557,21019.64,CARD,abandoned,checkout_dropoff,0,1,428,15,11,0.73,0,0,0,payment_link,1,21019.64
TX04523,C0556,31868.35,WALLET,failed,bank_error,2,0,107,10,7,0.7,1,15,2,payment_link,0,0.0
TX04524,C2232,25564.32,WALLET,success,none,0,0,509,3,1,0.33,1,30,0,none,1,25564.32
TX04525,C2408,26948.94,UPI,success,none,0,0,350,8,8,1.0,0,0,0,none,1,26948.94
TX04526,C2211,46764.51,UPI,failed,bank_error,1,0,409,11,7,0.64,1,7,1,payment_link,0,0.0
TX04527,C1594,13637.5,NETBANKING,success,none,0,0,172,11,6,0.55,0,0,0,none,1,13637.5
TX04528,C0693,7828.95,CARD,failed,technical_error,2,0,285,5,4,0.8,1,0,1,payment_link,1,7828.95
TX04529,C0308,28038.24,WALLET,success,none,0,0,452,19,18,0.95,0,0,0,none,1,28038.24
TX04530,C2479,30021.47,NETBANKING,success,none,0,0,403,17,6,0.35,0,0,0,none,1,30021.47
TX04531,C0578,3716.04,CARD,abandoned,checkout_dropoff,4,1,396,1,1,1.0,0,0,2,send_reminder,0,0.0
TX04532,C2030,39790.63,UPI,failed,bank_error,3,0,205,1,1,1.0,1,1,2,payment_link,0,0.0
TX04533,C1701,45663.19,NETBANKING,success,none,0,0,402,20,9,0.45,0,0,0,none,1,45663.19
TX04534,C0575,10870.02,CARD,success,none,0,0,569,20,18,0.9,0,0,0,none,1,10870.02
TX04535,C2247,44501.25,WALLET,failed,timeout,0,0,103,1,1,1.0,0,0,2,retry_payment,1,44501.25
TX04536,C0715,45721.53,CARD,failed,network_error,1,0,433,17,0,0.0,1,30,1,retry_payment,1,45721.53
TX04537,C1070,39146.23,NETBANKING,success,none,0,0,509,5,0,0.0,0,0,0,none,1,39146.23
TX04538,C0712,21690.37,WALLET,abandoned,checkout_dropoff,3,1,227,18,7,0.39,0,0,2,payment_link,0,0.0
TX04539,C0225,40091.39,CARD,success,none,0,0,314,8,0,0.0,1,1,0,none,1,40091.39
TX04540,C2000,16606.62,WALLET,success,none,0,0,277,6,0,0.0,0,0,0,none,1,16606.62
TX04541,C2278,38010.26,UPI,success,none,0,0,548,16,8,0.5,1,0,0,none,1,38010.26
TX04542,C0375,35727.36,CARD,success,none,0,0,173,13,5,0.38,1,0,0,none,1,35727.36
TX04543,C0031,11016.73,CARD,failed,network_error,1,0,83,16,16,1.0,0,0,0,retry_payment,1,11016.73
TX04544,C1264,9051.14,CARD,failed,technical_error,2,0,548,18,17,0.94,0,0,2,payment_link,0,0.0
TX04545,C1301,30629.46,CARD,success,none,0,0,233,1,1,1.0,0,0,0,none,1,30629.46
TX04546,C1561,17334.67,WALLET,success,none,0,0,415,3,0,0.0,0,0,0,none,1,17334.67
TX04547,C2355,17337.4,UPI,abandoned,checkout_dropoff,0,1,81,15,5,0.33,1,0,0,send_reminder,0,0.0
TX04548,C0640,9909.42,UPI,success,none,0,0,469,2,0,0.0,0,0,0,none,1,9909.42
TX04549,C2318,32703.15,UPI,failed,insufficient_funds,0,0,86,9,6,0.67,1,0,1,send_reminder,0,0.0
TX04550,C0147,46796.43,WALLET,success,none,0,0,512,6,0,0.0,1,0,0,none,1,46796.43
TX04551,C2341,47805.04,UPI,success,none,0,0,219,12,3,0.25,0,0,0,none,1,47805.04
TX04552,C0848,18248.51,UPI,abandoned,checkout_dropoff,1,1,441,5,2,0.4,0,0,2,payment_link,1,18248.51
TX04553,C1115,19017.73,UPI,success,none,0,0,46,12,10,0.83,0,0,0,none,1,19017.73
TX04554,C1385,5204.64,CARD,failed,network_error,4,0,415,15,6,0.4,0,0,2,retry_payment,0,0.0
TX04555,C0614,14812.14,UPI,success,none,0,0,105,7,5,0.71,1,0,0,none,1,14812.14
TX04556,C0979,11977.77,UPI,success,none,0,0,403,8,8,1.0,1,0,0,none,1,11977.77
TX04557,C0822,11219.99,UPI,success,none,0,0,526,1,0,0.0,0,0,0,none,1,11219.99
TX04558,C2264,15062.53,WALLET,success,none,0,0,396,16,11,0.69,0,0,0,none,1,15062.53
TX04559,C0379,35725.74,WALLET,success,none,0,0,134,9,6,0.67,1,0,0,none,1,35725.74
TX04560,C0073,11412.42,NETBANKING,failed,insufficient_funds,2,0,533,10,6,0.6,1,1,2,send_reminder,1,11412.42
TX04561,C0433,38186.3,UPI,success,none,0,0,183,1,0,0.0,1,30,0,none,1,38186.3
TX04562,C0431,30082.34,UPI,success,none,0,0,26,20,3,0.15,1,7,0,none,1,30082.34
TX04563,C0133,22930.59,NETBANKING,success,none,0,0,175,13,13,1.0,1,0,0,none,1,22930.59
TX04564,C1452,40160.19,NETBANKING,success,none,0,0,410,6,5,0.83,0,0,0,none,1,40160.19
TX04565,C2111,31439.27,NETBANKING,abandoned,checkout_dropoff,4,1,451,12,6,0.5,1,7,0,payment_link,1,31439.27
TX04566,C1054,42296.76,WALLET,success,none,0,0,40,8,6,0.75,1,0,0,none,1,42296.76
TX04567,C1999,18954.42,NETBANKING,success,none,0,0,308,5,5,1.0,1,0,0,none,1,18954.42
TX04568,C2385,46793.21,NETBANKING,success,none,0,0,75,10,5,0.5,1,0,0,none,1,46793.21
TX04569,C2294,48054.92,UPI,success,none,0,0,28,14,11,0.79,1,0,0,none,1,48054.92
TX04570,C0802,48699.33,WALLET,abandoned,checkout_dropoff,2,1,148,15,4,0.27,1,0,2,payment_link,1,48699.33
TX04571,C0102,28361.54,CARD,success,none,0,0,68,17,3,0.18,1,3,0,none,1,28361.54
TX04572,C1218,22209.26,CARD,failed,technical_error,0,0,460,10,1,0.1,1,0,0,payment_link,0,0.0
TX04573,C0711,18277.67,NETBANKING,success,none,0,0,217,3,1,0.33,1,3,0,none,1,18277.67
TX04574,C1844,21178.83,CARD,success,none,0,0,599,12,4,0.33,0,0,0,none,1,21178.83
TX04575,C2015,18624.82,UPI,success,none,0,0,263,15,1,0.07,1,7,0,none,1,18624.82
TX04576,C1099,27812.48,UPI,success,none,0,0,219,7,6,0.86,0,0,0,none,1,27812.48
TX04577,C0108,38089.85,CARD,failed,technical_error,2,0,454,4,1,0.25,0,0,1,payment_link,0,0.0
TX04578,C1167,19445.89,WALLET,failed,technical_error,3,0,275,15,11,0.73,1,0,2,payment_link,0,0.0
TX04579,C1072,46100.39,UPI,failed,network_error,2,0,263,19,18,0.95,0,0,1,retry_payment,0,0.0
TX04580,C1920,44162.79,CARD,success,none,0,0,132,1,0,0.0,1,1,0,none,1,44162.79
TX04581,C0439,12694.04,CARD,success,none,0,0,351,5,0,0.0,0,0,0,none,1,12694.04
TX04582,C0761,46953.78,WALLET,success,none,0,0,587,4,4,1.0,0,0,0,none,1,46953.78
TX04583,C2306,39624.45,UPI,failed,bank_error,4,0,220,20,1,0.05,1,0,1,payment_link,0,0.0
TX04584,C0899,44500.07,CARD,failed,bank_error,4,0,549,10,0,0.0,0,0,2,payment_link,0,0.0
TX04585,C1945,23303.13,WALLET,success,none,0,0,76,19,3,0.16,0,0,0,none,1,23303.13
TX04586,C1346,832.56,WALLET,failed,timeout,3,0,45,20,11,0.55,1,0,1,retry_payment,0,0.0
TX04587,C1427,46823.1,NETBANKING,success,none,0,0,456,19,3,0.16,1,0,0,none,1,46823.1
TX04588,C1863,39964.38,WALLET,success,none,0,0,322,8,1,0.12,1,3,0,none,1,39964.38
TX04589,C1527,20774.96,WALLET,success,none,0,0,482,20,5,0.25,1,0,0,none,1,20774.96
TX04590,C1676,11483.72,WALLET,success,none,0,0,280,8,7,0.88,0,0,0,none,1,11483.72
TX04591,C0781,33884.2,UPI,success,none,0,0,51,11,6,0.55,1,7,0,none,1,33884.2
TX04592,C0448,46211.23,NETBANKING,success,none,0,0,249,10,3,0.3,0,0,0,none,1,46211.23
TX04593,C1837,19979.35,CARD,success,none,0,0,529,15,12,0.8,0,0,0,none,1,19979.35
TX04594,C1768,1862.99,NETBANKING,failed,network_error,4,0,115,16,0,0.0,0,0,2,retry_payment,0,0.0
TX04595,C1098,9467.06,CARD,success,none,0,0,256,15,8,0.53,0,0,0,none,1,9467.06
TX04596,C1895,12619.31,UPI,success,none,0,0,87,17,8,0.47,0,0,0,none,1,12619.31
TX04597,C1177,3938.53,NETBANKING,failed,technical_error,0,0,457,18,4,0.22,1,0,1,payment_link,1,3938.53
TX04598,C1890,19211.25,CARD,success,none,0,0,219,9,7,0.78,1,15,0,none,1,19211.25
TX04599,C0938,36702.69,NETBANKING,success,none,0,0,341,12,12,1.0,1,15,0,none,1,36702.69
TX04600,C1852,45155.12,CARD,success,none,0,0,110,13,8,0.62,1,1,0,none,1,45155.12
TX04601,C1657,20240.69,WALLET,success,none,0,0,29,1,1,1.0,0,0,0,none,1,20240.69
TX04602,C2248,9878.35,UPI,success,none,0,0,384,16,16,1.0,0,0,0,none,1,9878.35
TX04603,C1658,18801.41,WALLET,success,none,0,0,552,2,2,1.0,1,15,0,none,1,18801.41
TX04604,C2082,34252.61,UPI,failed,bank_error,2,0,301,13,12,0.92,0,0,0,payment_link,1,34252.61
TX04605,C1771,3466.98,CARD,success,none,0,0,396,2,2,1.0,1,0,0,none,1,3466.98
TX04606,C1778,41758.04,UPI,success,none,0,0,209,3,0,0.0,0,0,0,none,1,41758.04
TX04607,C1850,45562.76,CARD,success,none,0,0,216,17,0,0.0,1,0,0,none,1,45562.76
TX04608,C0939,363.6,CARD,success,none,0,0,124,3,3,1.0,1,0,0,none,1,363.6
TX04609,C1045,29115.42,WALLET,success,none,0,0,426,18,3,0.17,0,0,0,none,1,29115.42
TX04610,C0958,46306.9,WALLET,success,none,0,0,175,16,3,0.19,0,0,0,none,1,46306.9
TX04611,C1491,17398.69,CARD,failed,bank_error,2,0,525,18,7,0.39,0,0,0,payment_link,0,0.0
TX04612,C0820,19996.76,UPI,success,none,0,0,254,8,8,1.0,1,0,0,none,1,19996.76
TX04613,C1940,38009.46,WALLET,success,none,0,0,168,17,15,0.88,1,1,0,none,1,38009.46
TX04614,C0059,23709.43,WALLET,abandoned,checkout_dropoff,2,1,553,17,2,0.12,0,0,0,send_reminder,0,0.0
TX04615,C2408,4586.19,WALLET,success,none,0,0,187,17,16,0.94,0,0,0,none,1,4586.19
TX04616,C1820,30557.23,CARD,success,none,0,0,563,11,10,0.91,0,0,0,none,1,30557.23
TX04617,C0238,38899.28,CARD,abandoned,checkout_dropoff,1,1,468,17,3,0.18,1,0,1,send_reminder,1,38899.28
TX04618,C1004,41411.25,WALLET,success,none,0,0,162,8,2,0.25,0,0,0,none,1,41411.25
TX04619,C1797,8536.18,NETBANKING,failed,technical_error,0,0,97,11,6,0.55,0,0,0,payment_link,1,8536.18
TX04620,C1593,25015.22,UPI,success,none,0,0,599,9,6,0.67,1,0,0,none,1,25015.22
TX04621,C0347,13992.14,UPI,failed,timeout,0,0,271,10,7,0.7,0,0,0,retry_payment,0,0.0
TX04622,C0153,49363.41,CARD,failed,bank_error,2,0,571,15,9,0.6,1,0,1,payment_link,1,49363.41
TX04623,C2231,32397.71,WALLET,failed,technical_error,1,0,143,15,14,0.93,1,0,0,payment_link,1,32397.71
TX04624,C1360,32102.98,CARD,success,none,0,0,592,19,1,0.05,1,0,0,none,1,32102.98
TX04625,C1944,14730.52,WALLET,success,none,0,0,267,8,6,0.75,1,30,0,none,1,14730.52
TX04626,C0999,33837.71,WALLET,failed,insufficient_funds,3,0,97,17,8,0.47,1,0,1,send_reminder,1,33837.71
TX04627,C2032,44481.96,NETBANKING,success,none,0,0,293,11,8,0.73,0,0,0,none,1,44481.96
TX04628,C1696,3870.79,CARD,success,none,0,0,329,18,18,1.0,0,0,0,none,1,3870.79
TX04629,C0779,37977.45,WALLET,success,none,0,0,143,9,4,0.44,1,0,0,none,1,37977.45
TX04630,C1440,41663.69,WALLET,success,none,0,0,73,5,0,0.0,1,7,0,none,1,41663.69
TX04631,C0709,30968.87,UPI,abandoned,checkout_dropoff,0,1,13,8,7,0.88,1,0,0,payment_link,1,30968.87
TX04632,C0913,41734.95,UPI,success,none,0,0,512,9,1,0.11,0,0,0,none,1,41734.95
TX04633,C1791,30625.1,UPI,success,none,0,0,394,11,5,0.45,0,0,0,none,1,30625.1
TX04634,C0063,26295.66,UPI,success,none,0,0,483,1,1,1.0,0,0,0,none,1,26295.66
TX04635,C0847,33985.17,CARD,success,none,0,0,321,2,0,0.0,1,7,0,none,1,33985.17
TX04636,C2409,14688.38,NETBANKING,abandoned,checkout_dropoff,0,1,423,12,7,0.58,1,0,1,send_reminder,1,14688.38
TX04637,C0870,31803.17,UPI,abandoned,checkout_dropoff,3,1,13,11,6,0.55,0,0,1,send_reminder,0,0.0
TX04638,C0861,26263.87,NETBANKING,success,none,0,0,595,13,0,0.0,0,0,0,none,1,26263.87
TX04639,C1768,46419.78,UPI,success,none,0,0,78,11,3,0.27,0,0,0,none,1,46419.78
TX04640,C1805,19047.63,UPI,failed,bank_error,2,0,308,12,6,0.5,1,3,0,payment_link,1,19047.63
TX04641,C1202,10803.52,WALLET,failed,technical_error,2,0,479,11,5,0.45,1,0,2,payment_link,1,10803.52
TX04642,C0781,13562.43,CARD,success,none,0,0,391,7,3,0.43,0,0,0,none,1,13562.43
TX04643,C1271,30478.43,WALLET,success,none,0,0,396,2,2,1.0,0,0,0,none,1,30478.43
TX04644,C2105,23419.39,NETBANKING,success,none,0,0,47,10,1,0.1,1,1,0,none,1,23419.39
TX04645,C0791,21068.0,CARD,abandoned,checkout_dropoff,4,1,465,9,5,0.56,0,0,1,payment_link,0,0.0
TX04646,C0496,45409.65,CARD,failed,timeout,0,0,178,6,5,0.83,0,0,2,retry_payment,0,0.0
TX04647,C1193,14856.45,UPI,failed,network_error,1,0,291,11,5,0.45,1,1,0,retry_payment,1,14856.45
TX04648,C1948,9439.83,WALLET,success,none,0,0,580,16,4,0.25,0,0,0,none,1,9439.83
TX04649,C0236,19203.18,CARD,abandoned,checkout_dropoff,2,1,467,17,6,0.35,1,3,0,send_reminder,1,19203.18
TX04650,C1167,5132.37,WALLET,success,none,0,0,504,13,7,0.54,1,7,0,none,1,5132.37
TX04651,C0827,37220.44,CARD,success,none,0,0,402,16,6,0.38,1,0,0,none,1,37220.44
TX04652,C1728,23688.31,NETBANKING,failed,timeout,0,0,145,1,1,1.0,1,0,0,retry_payment,1,23688.31
TX04653,C2205,35302.18,NETBANKING,abandoned,checkout_dropoff,1,1,583,17,4,0.24,1,7,1,send_reminder,0,0.0
TX04654,C0496,11930.24,WALLET,success,none,0,0,286,18,16,0.89,1,7,0,none,1,11930.24
TX04655,C2476,49510.34,WALLET,success,none,0,0,18,17,15,0.88,1,0,0,none,1,49510.34
TX04656,C0323,49347.71,NETBANKING,success,none,0,0,255,11,9,0.82,0,0,0,none,1,49347.71
TX04657,C1169,30573.26,NETBANKING,failed,insufficient_funds,3,0,295,6,3,0.5,0,0,1,send_reminder,1,30573.26
TX04658,C1230,13780.18,CARD,success,none,0,0,431,3,0,0.0,1,0,0,none,1,13780.18
TX04659,C0669,27570.44,NETBANKING,abandoned,checkout_dropoff,3,1,335,3,1,0.33,0,0,0,send_reminder,1,27570.44
TX04660,C0980,22551.93,CARD,abandoned,checkout_dropoff,0,1,243,11,6,0.55,0,0,2,payment_link,0,0.0
TX04661,C1525,26840.04,WALLET,success,none,0,0,490,12,0,0.0,0,0,0,none,1,26840.04
TX04662,C0784,28870.82,CARD,failed,timeout,1,0,340,13,7,0.54,1,3,2,retry_payment,1,28870.82
TX04663,C1616,40760.73,UPI,failed,technical_error,3,0,78,17,12,0.71,0,0,2,payment_link,1,40760.73
TX04664,C1801,36794.1,WALLET,success,none,0,0,248,8,8,1.0,1,0,0,none,1,36794.1
TX04665,C2188,6145.13,UPI,abandoned,checkout_dropoff,1,1,429,5,2,0.4,1,0,1,send_reminder,1,6145.13
TX04666,C1134,28437.68,WALLET,success,none,0,0,330,8,6,0.75,1,0,0,none,1,28437.68
TX04667,C1018,40892.86,NETBANKING,success,none,0,0,145,4,3,0.75,1,0,0,none,1,40892.86
TX04668,C2216,32677.04,UPI,failed,timeout,4,0,265,9,8,0.89,0,0,2,retry_payment,0,0.0
TX04669,C0038,45872.73,CARD,failed,insufficient_funds,1,0,404,11,0,0.0,1,1,1,send_reminder,1,45872.73
TX04670,C1716,30013.69,UPI,abandoned,checkout_dropoff,4,1,183,7,3,0.43,0,0,1,send_reminder,1,30013.69
TX04671,C0060,47489.83,UPI,abandoned,checkout_dropoff,3,1,344,17,8,0.47,0,0,1,send_reminder,1,47489.83
TX04672,C0382,32652.36,CARD,success,none,0,0,594,7,3,0.43,0,0,0,none,1,32652.36
TX04673,C0980,41482.46,WALLET,abandoned,checkout_dropoff,4,1,328,5,0,0.0,0,0,1,send_reminder,1,41482.46
TX04674,C1834,19808.16,WALLET,success,none,0,0,189,19,11,0.58,0,0,0,none,1,19808.16
TX04675,C1698,14210.83,UPI,success,none,0,0,557,10,1,0.1,1,15,0,none,1,14210.83
TX04676,C0740,31994.34,NETBANKING,failed,bank_error,2,0,448,12,11,0.92,1,0,0,payment_link,0,0.0
TX04677,C0253,11175.0,NETBANKING,failed,technical_error,3,0,187,14,4,0.29,1,3,2,payment_link,1,11175.0
TX04678,C2102,30959.08,UPI,failed,bank_error,2,0,227,11,10,0.91,1,7,2,payment_link,1,30959.08
TX04679,C1761,6443.52,WALLET,failed,network_error,3,0,533,3,1,0.33,1,30,1,retry_payment,0,0.0
TX04680,C1365,42371.3,CARD,failed,insufficient_funds,0,0,484,9,9,1.0,0,0,2,send_reminder,0,0.0
TX04681,C1300,1119.12,CARD,failed,network_error,2,0,332,9,6,0.67,1,0,0,retry_payment,0,0.0
TX04682,C1645,30917.74,WALLET,success,none,0,0,367,19,14,0.74,0,0,0,none,1,30917.74
TX04683,C1801,7945.61,CARD,failed,bank_error,0,0,333,18,8,0.44,1,0,2,payment_link,0,0.0
TX04684,C1026,13718.97,CARD,success,none,0,0,338,9,0,0.0,0,0,0,none,1,13718.97
TX04685,C2394,49493.2,CARD,success,none,0,0,373,2,1,0.5,1,0,0,none,1,49493.2
TX04686,C1402,34290.11,UPI,failed,bank_error,2,0,224,6,5,0.83,0,0,0,payment_link,0,0.0
TX04687,C0103,44701.6,NETBANKING,failed,insufficient_funds,2,0,401,5,4,0.8,1,1,1,send_reminder,1,44701.6
TX04688,C1813,27408.99,CARD,failed,bank_error,4,0,258,20,18,0.9,1,0,2,payment_link,1,27408.99
TX04689,C1439,4156.48,NETBANKING,failed,timeout,3,0,553,6,6,1.0,0,0,2,retry_payment,0,0.0
TX04690,C2318,17137.26,CARD,failed,timeout,1,0,466,17,6,0.35,0,0,0,retry_payment,1,17137.26
TX04691,C2298,30205.01,WALLET,failed,timeout,4,0,309,13,12,0.92,0,0,1,retry_payment,0,0.0
TX04692,C1198,17205.33,WALLET,success,none,0,0,337,13,10,0.77,1,0,0,none,1,17205.33
TX04693,C0857,45627.59,WALLET,success,none,0,0,557,17,14,0.82,1,1,0,none,1,45627.59
TX04694,C1345,2862.04,UPI,failed,network_error,3,0,359,5,0,0.0,1,0,2,retry_payment,0,0.0
TX04695,C0193,44356.11,NETBANKING,success,none,0,0,31,13,13,1.0,1,15,0,none,1,44356.11
TX04696,C1030,24104.52,WALLET,success,none,0,0,181,2,0,0.0,1,1,0,none,1,24104.52
TX04697,C1047,41269.76,NETBANKING,success,none,0,0,499,8,1,0.12,1,0,0,none,1,41269.76
TX04698,C2218,32705.55,UPI,success,none,0,0,195,2,0,0.0,1,0,0,none,1,32705.55
TX04699,C0737,30599.12,UPI,failed,timeout,2,0,138,14,1,0.07,1,0,1,retry_payment,0,0.0
TX04700,C1125,24274.12,UPI,success,none,0,0,596,8,5,0.62,0,0,0,none,1,24274.12
TX04701,C1815,17214.24,NETBANKING,success,none,0,0,35,18,7,0.39,0,0,0,none,1,17214.24
TX04702,C0790,769.53,UPI,success,none,0,0,405,3,1,0.33,0,0,0,none,1,769.53
TX04703,C0372,16660.39,UPI,success,none,0,0,514,10,1,0.1,1,15,0,none,1,16660.39
TX04704,C1097,10697.6,UPI,success,none,0,0,34,10,2,0.2,0,0,0,none,1,10697.6
TX04705,C0395,20011.52,CARD,success,none,0,0,317,13,13,1.0,1,30,0,none,1,20011.52
TX04706,C1943,5960.93,WALLET,success,none,0,0,412,2,1,0.5,1,30,0,none,1,5960.93
TX04707,C0971,24673.91,WALLET,success,none,0,0,178,3,2,0.67,0,0,0,none,1,24673.91
TX04708,C2226,6070.34,UPI,success,none,0,0,36,17,8,0.47,1,1,0,none,1,6070.34
TX04709,C2184,36055.71,UPI,failed,technical_error,0,0,363,13,4,0.31,1,1,2,payment_link,0,0.0
TX04710,C1356,27059.75,NETBANKING,success,none,0,0,383,15,0,0.0,0,0,0,none,1,27059.75
TX04711,C0922,20043.56,WALLET,failed,insufficient_funds,4,0,296,16,2,0.12,0,0,2,send_reminder,0,0.0
TX04712,C2392,41951.35,CARD,failed,technical_error,4,0,299,18,12,0.67,1,0,2,payment_link,0,0.0
TX04713,C0019,14592.82,CARD,success,none,0,0,227,1,1,1.0,0,0,0,none,1,14592.82
TX04714,C0107,39418.83,UPI,success,none,0,0,167,13,12,0.92,1,0,0,none,1,39418.83
TX04715,C1073,22444.21,CARD,failed,timeout,3,0,307,3,3,1.0,0,0,2,retry_payment,0,0.0
TX04716,C0572,17206.64,UPI,success,none,0,0,154,7,0,0.0,0,0,0,none,1,17206.64
TX04717,C1430,25446.47,UPI,success,none,0,0,189,13,3,0.23,0,0,0,none,1,25446.47
TX04718,C0120,27295.32,UPI,failed,insufficient_funds,4,0,23,18,16,0.89,1,15,0,send_reminder,1,27295.32
TX04719,C1505,25205.45,NETBANKING,success,none,0,0,247,2,1,0.5,1,3,0,none,1,25205.45
TX04720,C1903,46145.1,CARD,success,none,0,0,146,15,3,0.2,1,1,0,none,1,46145.1
TX04721,C0004,28320.41,UPI,abandoned,checkout_dropoff,3,1,435,14,3,0.21,1,0,1,send_reminder,1,28320.41
TX04722,C1983,10258.43,WALLET,success,none,0,0,22,15,0,0.0,1,1,0,none,1,10258.43
TX04723,C2155,32309.97,NETBANKING,success,none,0,0,324,4,2,0.5,1,15,0,none,1,32309.97
TX04724,C1434,43768.36,NETBANKING,success,none,0,0,592,11,3,0.27,1,0,0,none,1,43768.36
TX04725,C0761,17271.05,NETBANKING,success,none,0,0,398,18,18,1.0,1,3,0,none,1,17271.05
TX04726,C0906,34089.64,NETBANKING,success,none,0,0,405,2,0,0.0,0,0,0,none,1,34089.64
TX04727,C1021,32898.04,UPI,success,none,0,0,27,20,11,0.55,0,0,0,none,1,32898.04
TX04728,C1802,39841.88,UPI,success,none,0,0,109,20,19,0.95,1,3,0,none,1,39841.88
TX04729,C0912,7213.51,UPI,failed,technical_error,3,0,164,11,11,1.0,1,0,2,payment_link,1,7213.51
TX04730,C2493,48837.98,NETBANKING,failed,bank_error,1,0,527,10,1,0.1,1,0,2,payment_link,0,0.0
TX04731,C2375,34237.59,UPI,success,none,0,0,570,17,2,0.12,1,3,0,none,1,34237.59
TX04732,C1674,20000.74,CARD,success,none,0,0,599,18,1,0.06,1,30,0,none,1,20000.74
TX04733,C2139,10930.18,CARD,success,none,0,0,591,7,6,0.86,0,0,0,none,1,10930.18
TX04734,C1318,21868.91,UPI,failed,timeout,3,0,463,20,20,1.0,0,0,1,retry_payment,0,0.0
TX04735,C1996,7419.67,NETBANKING,success,none,0,0,444,15,12,0.8,0,0,0,none,1,7419.67
TX04736,C0387,40076.74,WALLET,failed,bank_error,0,0,426,10,7,0.7,1,0,0,payment_link,1,40076.74
TX04737,C1601,26507.72,NETBANKING,success,none,0,0,34,20,20,1.0,0,0,0,none,1,26507.72
TX04738,C2391,42457.07,UPI,success,none,0,0,182,18,18,1.0,0,0,0,none,1,42457.07
TX04739,C2280,15746.03,NETBANKING,success,none,0,0,168,13,2,0.15,1,0,0,none,1,15746.03
TX04740,C0843,11317.6,CARD,success,none,0,0,108,5,5,1.0,1,0,0,none,1,11317.6
TX04741,C1649,11302.46,UPI,success,none,0,0,116,20,14,0.7,1,0,0,none,1,11302.46
TX04742,C1916,21381.21,CARD,failed,bank_error,2,0,420,20,12,0.6,1,30,2,payment_link,1,21381.21
TX04743,C0730,3513.24,NETBANKING,success,none,0,0,116,8,5,0.62,0,0,0,none,1,3513.24
TX04744,C2267,14994.19,NETBANKING,success,none,0,0,39,11,0,0.0,0,0,0,none,1,14994.19
TX04745,C1452,40317.72,WALLET,success,none,0,0,350,17,1,0.06,1,0,0,none,1,40317.72
TX04746,C1280,26827.14,NETBANKING,success,none,0,0,568,8,1,0.12,0,0,0,none,1,26827.14
TX04747,C1869,21898.24,WALLET,success,none,0,0,250,7,5,0.71,1,1,0,none,1,21898.24
TX04748,C0523,46024.26,NETBANKING,success,none,0,0,564,18,3,0.17,1,15,0,none,1,46024.26
TX04749,C0775,44021.91,CARD,success,none,0,0,508,14,11,0.79,1,0,0,none,1,44021.91
TX04750,C0437,40409.08,UPI,success,none,0,0,121,2,2,1.0,0,0,0,none,1,40409.08
TX04751,C1200,33744.42,WALLET,failed,timeout,0,0,183,19,16,0.84,0,0,1,retry_payment,0,0.0
TX04752,C2130,12669.96,UPI,failed,bank_error,3,0,496,3,1,0.33,1,30,1,payment_link,0,0.0
TX04753,C1578,32429.3,NETBANKING,success,none,0,0,14,19,3,0.16,1,0,0,none,1,32429.3
TX04754,C1997,28582.11,NETBANKING,success,none,0,0,548,1,0,0.0,0,0,0,none,1,28582.11
TX04755,C2204,29836.04,CARD,success,none,0,0,55,13,4,0.31,0,0,0,none,1,29836.04
TX04756,C2479,30962.42,WALLET,success,none,0,0,312,2,0,0.0,0,0,0,none,1,30962.42
TX04757,C1903,21154.94,NETBANKING,success,none,0,0,435,11,8,0.73,1,30,0,none,1,21154.94
TX04758,C2150,909.92,CARD,success,none,0,0,404,11,6,0.55,0,0,0,none,1,909.92
TX04759,C1696,2378.65,UPI,success,none,0,0,383,19,17,0.89,0,0,0,none,1,2378.65
TX04760,C0493,43177.79,UPI,success,none,0,0,263,1,0,0.0,1,15,0,none,1,43177.79
TX04761,C1869,26996.36,WALLET,failed,technical_error,1,0,168,2,0,0.0,0,0,0,payment_link,0,0.0
TX04762,C2222,3313.55,WALLET,success,none,0,0,184,6,1,0.17,1,0,0,none,1,3313.55
TX04763,C1604,8533.28,NETBANKING,success,none,0,0,366,3,0,0.0,1,0,0,none,1,8533.28
TX04764,C0520,22826.28,CARD,success,none,0,0,180,20,9,0.45,0,0,0,none,1,22826.28
TX04765,C2289,20563.2,NETBANKING,success,none,0,0,253,10,9,0.9,0,0,0,none,1,20563.2
TX04766,C1600,10171.61,WALLET,success,none,0,0,285,20,10,0.5,1,1,0,none,1,10171.61
TX04767,C0218,30546.88,CARD,abandoned,checkout_dropoff,2,1,381,17,16,0.94,1,0,2,payment_link,0,0.0
TX04768,C0906,13274.72,CARD,success,none,0,0,109,14,1,0.07,0,0,0,none,1,13274.72
TX04769,C1435,16194.74,WALLET,success,none,0,0,28,5,4,0.8,1,0,0,none,1,16194.74
TX04770,C2397,30152.28,UPI,abandoned,checkout_dropoff,4,1,314,3,3,1.0,1,1,0,payment_link,0,0.0
TX04771,C1902,29870.76,UPI,success,none,0,0,279,18,2,0.11,0,0,0,none,1,29870.76
TX04772,C2304,47628.56,UPI,success,none,0,0,175,17,8,0.47,1,7,0,none,1,47628.56
TX04773,C1233,26894.5,WALLET,success,none,0,0,273,2,0,0.0,0,0,0,none,1,26894.5
TX04774,C1724,9355.68,WALLET,success,none,0,0,563,1,1,1.0,0,0,0,none,1,9355.68
TX04775,C0088,41446.01,UPI,success,none,0,0,31,3,3,1.0,1,15,0,none,1,41446.01
TX04776,C1319,22428.9,CARD,failed,timeout,1,0,348,12,11,0.92,1,15,0,retry_payment,1,22428.9
TX04777,C2242,13573.05,UPI,success,none,0,0,357,18,3,0.17,0,0,0,none,1,13573.05
TX04778,C0865,19132.97,CARD,success,none,0,0,201,10,9,0.9,1,7,0,none,1,19132.97
TX04779,C0153,432.51,NETBANKING,success,none,0,0,50,13,10,0.77,1,15,0,none,1,432.51
TX04780,C1263,34781.68,WALLET,success,none,0,0,378,16,15,0.94,0,0,0,none,1,34781.68
TX04781,C1177,26726.38,WALLET,success,none,0,0,405,8,0,0.0,0,0,0,none,1,26726.38
TX04782,C1366,22085.56,UPI,abandoned,checkout_dropoff,0,1,68,2,2,1.0,1,0,2,send_reminder,1,22085.56
TX04783,C0330,25343.52,NETBANKING,failed,bank_error,0,0,167,6,1,0.17,0,0,2,payment_link,1,25343.52
TX04784,C1953,43806.5,WALLET,success,none,0,0,453,18,5,0.28,1,0,0,none,1,43806.5
TX04785,C1841,18124.0,NETBANKING,success,none,0,0,349,17,13,0.76,1,30,0,none,1,18124.0
TX04786,C2215,18132.47,WALLET,failed,insufficient_funds,4,0,498,17,5,0.29,1,0,1,send_reminder,0,0.0
TX04787,C0457,11363.37,UPI,success,none,0,0,361,12,4,0.33,1,1,0,none,1,11363.37
TX04788,C1395,42455.79,CARD,success,none,0,0,531,12,2,0.17,1,1,0,none,1,42455.79
TX04789,C2084,14450.58,WALLET,success,none,0,0,131,10,5,0.5,0,0,0,none,1,14450.58
TX04790,C1348,33384.65,WALLET,success,none,0,0,210,16,1,0.06,1,1,0,none,1,33384.65
TX04791,C1372,32508.24,UPI,success,none,0,0,413,4,1,0.25,1,15,0,none,1,32508.24
TX04792,C1491,32816.76,NETBANKING,success,none,0,0,296,6,1,0.17,0,0,0,none,1,32816.76
TX04793,C0783,12458.32,CARD,success,none,0,0,481,15,2,0.13,0,0,0,none,1,12458.32
TX04794,C2130,489.27,UPI,failed,technical_error,3,0,481,10,3,0.3,1,0,2,payment_link,1,489.27
TX04795,C0011,43330.2,NETBANKING,success,none,0,0,459,4,2,0.5,0,0,0,none,1,43330.2
TX04796,C1703,28757.4,NETBANKING,success,none,0,0,220,10,7,0.7,1,3,0,none,1,28757.4
TX04797,C2117,26754.03,CARD,failed,technical_error,0,0,410,3,3,1.0,1,0,1,payment_link,0,0.0
TX04798,C2145,33759.94,NETBANKING,success,none,0,0,434,11,2,0.18,0,0,0,none,1,33759.94
TX04799,C1832,41893.93,UPI,success,none,0,0,38,11,3,0.27,0,0,0,none,1,41893.93
TX04800,C0550,49642.85,UPI,success,none,0,0,511,10,0,0.0,0,0,0,none,1,49642.85
TX04801,C2178,37674.49,NETBANKING,abandoned,checkout_dropoff,4,1,386,18,14,0.78,1,1,0,send_reminder,0,0.0
TX04802,C0699,20904.88,UPI,success,none,0,0,517,17,7,0.41,1,15,0,none,1,20904.88
TX04803,C0448,39108.34,CARD,success,none,0,0,324,4,1,0.25,0,0,0,none,1,39108.34
TX04804,C1072,16523.55,CARD,success,none,0,0,388,17,1,0.06,0,0,0,none,1,16523.55
TX04805,C1184,17506.94,WALLET,success,none,0,0,114,13,2,0.15,1,0,0,none,1,17506.94
TX04806,C0851,16780.55,NETBANKING,success,none,0,0,536,14,3,0.21,0,0,0,none,1,16780.55
TX04807,C2031,35101.54,CARD,success,none,0,0,485,9,0,0.0,0,0,0,none,1,35101.54
TX04808,C2150,37231.79,UPI,abandoned,checkout_dropoff,0,1,506,13,3,0.23,1,0,1,payment_link,1,37231.79
TX04809,C0009,9236.6,WALLET,abandoned,checkout_dropoff,1,1,261,12,6,0.5,1,0,2,send_reminder,0,0.0
TX04810,C2242,33265.69,WALLET,success,none,0,0,185,11,2,0.18,0,0,0,none,1,33265.69
TX04811,C1475,36110.46,UPI,success,none,0,0,243,12,1,0.08,1,0,0,none,1,36110.46
TX04812,C0811,33493.77,NETBANKING,success,none,0,0,329,18,11,0.61,0,0,0,none,1,33493.77
TX04813,C1592,2754.32,CARD,failed,bank_error,2,0,304,16,4,0.25,0,0,1,payment_link,1,2754.32
TX04814,C1476,40177.77,CARD,success,none,0,0,425,3,0,0.0,0,0,0,none,1,40177.77
TX04815,C0070,412.54,NETBANKING,failed,timeout,1,0,494,12,10,0.83,0,0,0,retry_payment,1,412.54
TX04816,C2075,24692.37,NETBANKING,success,none,0,0,240,8,5,0.62,1,30,0,none,1,24692.37
TX04817,C1646,12145.09,NETBANKING,success,none,0,0,74,17,4,0.24,1,15,0,none,1,12145.09
TX04818,C2310,38939.95,NETBANKING,success,none,0,0,408,19,17,0.89,0,0,0,none,1,38939.95
TX04819,C0180,43736.66,NETBANKING,success,none,0,0,223,7,0,0.0,1,1,0,none,1,43736.66
TX04820,C0516,20421.59,WALLET,success,none,0,0,305,1,1,1.0,1,0,0,none,1,20421.59
TX04821,C1517,1506.07,WALLET,failed,network_error,2,0,432,13,5,0.38,1,1,2,retry_payment,0,0.0
TX04822,C0160,32347.18,NETBANKING,success,none,0,0,416,19,15,0.79,0,0,0,none,1,32347.18
TX04823,C0671,10257.39,NETBANKING,success,none,0,0,268,8,0,0.0,0,0,0,none,1,10257.39
TX04824,C1636,12106.11,UPI,success,none,0,0,48,14,13,0.93,1,7,0,none,1,12106.11
TX04825,C0413,37001.61,CARD,success,none,0,0,257,11,9,0.82,0,0,0,none,1,37001.61
TX04826,C0373,42287.55,CARD,failed,bank_error,4,0,417,4,1,0.25,0,0,2,payment_link,1,42287.55
TX04827,C1685,34030.43,UPI,success,none,0,0,144,10,5,0.5,1,0,0,none,1,34030.43
TX04828,C1071,36964.53,CARD,success,none,0,0,255,1,0,0.0,0,0,0,none,1,36964.53
TX04829,C0539,38745.08,UPI,success,none,0,0,108,7,2,0.29,1,1,0,none,1,38745.08
TX04830,C2473,8730.72,CARD,success,none,0,0,251,11,0,0.0,1,1,0,none,1,8730.72
TX04831,C0956,16915.4,CARD,success,none,0,0,399,4,3,0.75,1,0,0,none,1,16915.4
TX04832,C1150,44734.71,NETBANKING,success,none,0,0,509,13,4,0.31,0,0,0,none,1,44734.71
TX04833,C2202,37730.16,WALLET,success,none,0,0,381,7,6,0.86,0,0,0,none,1,37730.16
TX04834,C1127,373.11,CARD,success,none,0,0,486,2,2,1.0,0,0,0,none,1,373.11
TX04835,C1607,12450.0,CARD,success,none,0,0,141,16,6,0.38,0,0,0,none,1,12450.0
TX04836,C1370,21268.98,CARD,success,none,0,0,511,7,6,0.86,0,0,0,none,1,21268.98
TX04837,C2408,7449.89,NETBANKING,failed,timeout,4,0,491,15,14,0.93,0,0,2,retry_payment,0,0.0
TX04838,C0747,34622.22,CARD,abandoned,checkout_dropoff,1,1,75,9,6,0.67,0,0,0,payment_link,1,34622.22
TX04839,C2172,42736.39,CARD,success,none,0,0,94,7,5,0.71,0,0,0,none,1,42736.39
TX04840,C0670,11030.04,UPI,success,none,0,0,506,1,1,1.0,0,0,0,none,1,11030.04
TX04841,C0393,49933.82,NETBANKING,success,none,0,0,328,11,2,0.18,0,0,0,none,1,49933.82
TX04842,C2418,49369.92,NETBANKING,failed,technical_error,3,0,36,17,7,0.41,0,0,2,payment_link,0,0.0
TX04843,C1428,1923.36,WALLET,abandoned,checkout_dropoff,4,1,203,7,7,1.0,1,0,2,payment_link,0,0.0
TX04844,C0960,10519.7,WALLET,success,none,0,0,383,20,2,0.1,0,0,0,none,1,10519.7
TX04845,C1395,12267.0,UPI,success,none,0,0,284,11,8,0.73,1,0,0,none,1,12267.0
TX04846,C1416,3147.96,CARD,success,none,0,0,498,5,1,0.2,0,0,0,none,1,3147.96
TX04847,C0783,897.64,WALLET,success,none,0,0,441,3,3,1.0,1,1,0,none,1,897.64
TX04848,C1221,19812.02,WALLET,success,none,0,0,368,6,5,0.83,0,0,0,none,1,19812.02
TX04849,C1102,27476.07,NETBANKING,abandoned,checkout_dropoff,3,1,381,2,2,1.0,1,1,2,payment_link,1,27476.07
TX04850,C0003,37364.74,NETBANKING,failed,insufficient_funds,2,0,115,4,0,0.0,1,0,2,send_reminder,1,37364.74
TX04851,C1243,48927.14,CARD,success,none,0,0,427,15,13,0.87,0,0,0,none,1,48927.14
TX04852,C2334,41404.72,UPI,failed,timeout,3,0,319,16,1,0.06,0,0,0,retry_payment,0,0.0
TX04853,C1738,41110.43,CARD,failed,insufficient_funds,1,0,169,1,1,1.0,1,0,0,send_reminder,0,0.0
TX04854,C0575,48920.2,UPI,success,none,0,0,235,10,0,0.0,0,0,0,none,1,48920.2
TX04855,C1960,3745.55,CARD,failed,insufficient_funds,1,0,132,2,2,1.0,0,0,1,send_reminder,1,3745.55
TX04856,C2186,12523.43,UPI,success,none,0,0,383,8,1,0.12,0,0,0,none,1,12523.43
TX04857,C0670,49571.56,CARD,failed,technical_error,2,0,464,10,7,0.7,1,0,2,payment_link,1,49571.56
TX04858,C1562,14665.49,CARD,success,none,0,0,248,2,1,0.5,0,0,0,none,1,14665.49
TX04859,C1885,26305.2,UPI,failed,network_error,0,0,148,10,4,0.4,0,0,2,retry_payment,1,26305.2
TX04860,C1218,47133.74,UPI,success,none,0,0,531,16,9,0.56,0,0,0,none,1,47133.74
TX04861,C0105,14117.38,UPI,failed,network_error,3,0,183,7,1,0.14,1,15,0,retry_payment,0,0.0
TX04862,C0127,14304.82,CARD,success,none,0,0,434,10,0,0.0,1,0,0,none,1,14304.82
TX04863,C0301,3138.02,UPI,failed,insufficient_funds,1,0,86,1,1,1.0,1,7,1,send_reminder,1,3138.02
TX04864,C2139,25775.49,NETBANKING,success,none,0,0,435,1,1,1.0,1,30,0,none,1,25775.49
TX04865,C1466,32444.62,NETBANKING,success,none,0,0,544,8,5,0.62,0,0,0,none,1,32444.62
TX04866,C1361,20276.26,NETBANKING,success,none,0,0,144,15,15,1.0,0,0,0,none,1,20276.26
TX04867,C0640,3439.0,CARD,success,none,0,0,127,4,2,0.5,0,0,0,none,1,3439.0
TX04868,C0482,4147.78,WALLET,success,none,0,0,492,4,2,0.5,0,0,0,none,1,4147.78
TX04869,C1515,30893.57,NETBANKING,success,none,0,0,412,4,3,0.75,1,0,0,none,1,30893.57
TX04870,C1044,47698.11,WALLET,success,none,0,0,335,12,3,0.25,0,0,0,none,1,47698.11
TX04871,C0148,24939.53,WALLET,failed,bank_error,1,0,17,15,4,0.27,1,3,1,payment_link,0,0.0
TX04872,C1315,40721.48,CARD,success,none,0,0,30,18,16,0.89,1,3,0,none,1,40721.48
TX04873,C0142,37036.53,WALLET,failed,bank_error,2,0,245,8,6,0.75,0,0,0,payment_link,1,37036.53
TX04874,C2386,36822.09,CARD,failed,timeout,0,0,285,2,0,0.0,0,0,2,retry_payment,1,36822.09
TX04875,C1851,47086.35,UPI,abandoned,checkout_dropoff,4,1,148,6,4,0.67,1,15,1,send_reminder,0,0.0
TX04876,C2422,43205.4,NETBANKING,success,none,0,0,374,9,3,0.33,1,3,0,none,1,43205.4
TX04877,C0181,7602.73,WALLET,success,none,0,0,187,16,7,0.44,1,1,0,none,1,7602.73
TX04878,C1613,42024.37,NETBANKING,success,none,0,0,95,2,1,0.5,0,0,0,none,1,42024.37
TX04879,C0701,28363.21,CARD,failed,technical_error,1,0,287,7,0,0.0,1,0,2,payment_link,0,0.0
TX04880,C0957,33228.44,WALLET,success,none,0,0,78,1,1,1.0,0,0,0,none,1,33228.44
TX04881,C2092,34620.06,CARD,success,none,0,0,65,17,7,0.41,1,0,0,none,1,34620.06
TX04882,C0897,9711.57,UPI,abandoned,checkout_dropoff,3,1,600,6,0,0.0,0,0,1,payment_link,0,0.0
TX04883,C0344,41465.71,WALLET,success,none,0,0,26,3,3,1.0,0,0,0,none,1,41465.71
TX04884,C2416,40614.87,NETBANKING,failed,bank_error,3,0,420,2,2,1.0,1,30,0,payment_link,1,40614.87
TX04885,C0359,42572.62,UPI,success,none,0,0,11,8,0,0.0,0,0,0,none,1,42572.62
TX04886,C1956,19675.8,WALLET,success,none,0,0,431,1,1,1.0,0,0,0,none,1,19675.8
TX04887,C0847,11083.49,NETBANKING,success,none,0,0,410,13,10,0.77,1,0,0,none,1,11083.49
TX04888,C1395,17840.2,UPI,success,none,0,0,357,2,2,1.0,0,0,0,none,1,17840.2
TX04889,C2247,11062.04,WALLET,success,none,0,0,201,12,0,0.0,0,0,0,none,1,11062.04
TX04890,C1440,49180.23,NETBANKING,failed,insufficient_funds,2,0,89,19,18,0.95,1,7,1,send_reminder,0,0.0
TX04891,C0866,21005.45,WALLET,success,none,0,0,23,6,4,0.67,0,0,0,none,1,21005.45
TX04892,C1804,20066.63,UPI,failed,timeout,0,0,327,20,17,0.85,0,0,2,retry_payment,1,20066.63
TX04893,C1080,30573.73,CARD,success,none,0,0,105,15,14,0.93,1,1,0,none,1,30573.73
TX04894,C0384,48709.35,WALLET,success,none,0,0,350,12,0,0.0,0,0,0,none,1,48709.35
TX04895,C1144,9576.1,WALLET,success,none,0,0,213,4,2,0.5,1,0,0,none,1,9576.1
TX04896,C0542,44678.03,NETBANKING,success,none,0,0,561,8,8,1.0,1,0,0,none,1,44678.03
TX04897,C0811,47352.04,UPI,success,none,0,0,517,10,8,0.8,1,0,0,none,1,47352.04
TX04898,C1475,44147.97,WALLET,abandoned,checkout_dropoff,1,1,342,3,2,0.67,0,0,1,send_reminder,0,0.0
TX04899,C1166,10256.59,CARD,success,none,0,0,540,4,1,0.25,0,0,0,none,1,10256.59
TX04900,C1877,27375.39,UPI,success,none,0,0,562,3,0,0.0,0,0,0,none,1,27375.39
TX04901,C0013,12604.09,CARD,failed,network_error,4,0,165,8,4,0.5,0,0,1,retry_payment,0,0.0
TX04902,C0040,29944.51,UPI,success,none,0,0,365,16,16,1.0,1,0,0,none,1,29944.51
TX04903,C1641,20049.58,UPI,success,none,0,0,415,9,4,0.44,1,15,0,none,1,20049.58
TX04904,C0197,14178.68,NETBANKING,failed,technical_error,0,0,454,5,1,0.2,0,0,2,payment_link,0,0.0
TX04905,C1819,6785.24,UPI,success,none,0,0,285,2,0,0.0,1,0,0,none,1,6785.24
TX04906,C0738,26256.5,NETBANKING,failed,technical_error,2,0,349,19,4,0.21,0,0,2,payment_link,0,0.0
TX04907,C1299,19276.38,WALLET,abandoned,checkout_dropoff,4,1,599,7,3,0.43,1,30,2,send_reminder,1,19276.38
TX04908,C0260,26705.63,CARD,success,none,0,0,311,18,14,0.78,1,0,0,none,1,26705.63
TX04909,C1245,15322.32,CARD,failed,bank_error,3,0,247,13,12,0.92,0,0,0,payment_link,1,15322.32
TX04910,C2098,16598.55,NETBANKING,success,none,0,0,489,20,9,0.45,1,0,0,none,1,16598.55
TX04911,C0886,5413.45,CARD,failed,bank_error,4,0,26,1,0,0.0,1,30,1,payment_link,1,5413.45
TX04912,C2201,46854.31,NETBANKING,success,none,0,0,217,10,6,0.6,0,0,0,none,1,46854.31
TX04913,C1300,3655.73,CARD,success,none,0,0,446,16,12,0.75,0,0,0,none,1,3655.73
TX04914,C2143,46582.69,WALLET,success,none,0,0,30,13,6,0.46,1,1,0,none,1,46582.69
TX04915,C1826,25201.46,CARD,failed,bank_error,2,0,441,12,8,0.67,0,0,0,payment_link,0,0.0
TX04916,C2281,40935.71,NETBANKING,failed,network_error,2,0,311,11,0,0.0,0,0,2,retry_payment,0,0.0
TX04917,C2255,20090.2,CARD,failed,technical_error,3,0,33,17,3,0.18,1,0,0,payment_link,0,0.0
TX04918,C0563,30330.03,WALLET,failed,bank_error,1,0,579,8,1,0.12,1,3,1,payment_link,1,30330.03
TX04919,C0069,23421.52,UPI,success,none,0,0,308,17,15,0.88,1,30,0,none,1,23421.52
TX04920,C0311,18073.89,CARD,abandoned,checkout_dropoff,1,1,293,11,1,0.09,0,0,2,payment_link,0,0.0
TX04921,C1031,17483.71,UPI,success,none,0,0,214,16,16,1.0,0,0,0,none,1,17483.71
TX04922,C1247,32600.1,NETBANKING,success,none,0,0,368,1,1,1.0,1,0,0,none,1,32600.1
TX04923,C0545,2482.02,CARD,success,none,0,0,70,2,1,0.5,1,0,0,none,1,2482.02
TX04924,C1364,16835.63,UPI,failed,bank_error,2,0,505,13,11,0.85,0,0,1,payment_link,0,0.0
TX04925,C1853,10607.13,WALLET,success,none,0,0,195,9,7,0.78,1,0,0,none,1,10607.13
TX04926,C1460,38271.15,UPI,failed,bank_error,1,0,333,14,6,0.43,0,0,2,payment_link,0,0.0
TX04927,C0641,48044.83,NETBANKING,failed,technical_error,2,0,568,11,1,0.09,1,1,2,payment_link,0,0.0
TX04928,C1482,37280.09,WALLET,success,none,0,0,406,3,2,0.67,1,0,0,none,1,37280.09
TX04929,C2018,33551.01,UPI,success,none,0,0,323,1,0,0.0,0,0,0,none,1,33551.01
TX04930,C2410,7923.2,WALLET,failed,bank_error,2,0,446,5,3,0.6,0,0,2,payment_link,1,7923.2
TX04931,C1941,23983.43,WALLET,success,none,0,0,10,5,1,0.2,1,30,0,none,1,23983.43
TX04932,C1930,38142.95,NETBANKING,success,none,0,0,207,15,8,0.53,0,0,0,none,1,38142.95
TX04933,C0524,26678.78,CARD,success,none,0,0,374,14,5,0.36,0,0,0,none,1,26678.78
TX04934,C2336,11293.04,WALLET,success,none,0,0,407,6,3,0.5,1,7,0,none,1,11293.04
TX04935,C1397,33775.64,NETBANKING,success,none,0,0,322,19,16,0.84,0,0,0,none,1,33775.64
TX04936,C2479,22557.26,NETBANKING,success,none,0,0,418,10,10,1.0,0,0,0,none,1,22557.26
TX04937,C0743,34354.79,NETBANKING,success,none,0,0,349,9,4,0.44,1,15,0,none,1,34354.79
TX04938,C1467,25315.49,CARD,success,none,0,0,21,3,3,1.0,1,7,0,none,1,25315.49
TX04939,C2485,8385.99,WALLET,success,none,0,0,255,17,17,1.0,1,15,0,none,1,8385.99
TX04940,C0602,43334.24,WALLET,success,none,0,0,371,17,7,0.41,1,3,0,none,1,43334.24
TX04941,C1092,11390.57,CARD,failed,timeout,3,0,255,18,10,0.56,1,0,0,retry_payment,0,0.0
TX04942,C1149,3222.26,NETBANKING,failed,timeout,0,0,318,14,8,0.57,1,3,2,retry_payment,0,0.0
TX04943,C2286,31886.29,UPI,success,none,0,0,472,13,3,0.23,1,30,0,none,1,31886.29
TX04944,C0714,24484.46,NETBANKING,success,none,0,0,486,4,0,0.0,1,0,0,none,1,24484.46
TX04945,C1869,9837.73,UPI,success,none,0,0,426,4,3,0.75,0,0,0,none,1,9837.73
TX04946,C0267,37079.61,CARD,success,none,0,0,495,3,1,0.33,1,0,0,none,1,37079.61
TX04947,C1196,1198.62,CARD,abandoned,checkout_dropoff,4,1,130,13,6,0.46,1,15,1,payment_link,0,0.0
TX04948,C1627,30942.98,WALLET,success,none,0,0,412,6,5,0.83,0,0,0,none,1,30942.98
TX04949,C2058,7103.08,NETBANKING,success,none,0,0,195,5,2,0.4,1,0,0,none,1,7103.08
TX04950,C2262,21295.67,UPI,abandoned,checkout_dropoff,3,1,114,13,13,1.0,1,0,2,send_reminder,0,0.0
TX04951,C1472,23120.65,CARD,success,none,0,0,559,12,11,0.92,0,0,0,none,1,23120.65
TX04952,C0788,47838.91,CARD,success,none,0,0,66,1,0,0.0,1,7,0,none,1,47838.91
TX04953,C0913,38910.27,CARD,success,none,0,0,285,5,2,0.4,1,7,0,none,1,38910.27
TX04954,C0393,48210.71,NETBANKING,failed,timeout,1,0,195,3,0,0.0,1,0,2,retry_payment,1,48210.71
TX04955,C0008,22657.15,UPI,success,none,0,0,493,14,10,0.71,0,0,0,none,1,22657.15
TX04956,C0480,10634.72,WALLET,abandoned,checkout_dropoff,2,1,330,8,8,1.0,0,0,1,payment_link,1,10634.72
TX04957,C0661,17569.26,UPI,failed,insufficient_funds,1,0,258,6,6,1.0,0,0,0,send_reminder,1,17569.26
TX04958,C1382,47407.57,WALLET,success,none,0,0,80,10,9,0.9,1,7,0,none,1,47407.57
TX04959,C1840,23667.05,CARD,success,none,0,0,501,1,1,1.0,1,1,0,none,1,23667.05
TX04960,C0516,18610.6,CARD,success,none,0,0,78,9,3,0.33,1,0,0,none,1,18610.6
TX04961,C1591,40269.49,CARD,failed,technical_error,4,0,532,17,7,0.41,1,1,2,payment_link,1,40269.49
TX04962,C1231,49151.92,NETBANKING,failed,timeout,4,0,129,1,1,1.0,0,0,0,retry_payment,0,0.0
TX04963,C1690,42999.88,CARD,success,none,0,0,37,13,13,1.0,0,0,0,none,1,42999.88
TX04964,C1126,7202.08,NETBANKING,success,none,0,0,153,3,0,0.0,0,0,0,none,1,7202.08
TX04965,C1091,22455.55,CARD,success,none,0,0,359,2,1,0.5,1,1,0,none,1,22455.55
TX04966,C0695,3175.72,CARD,success,none,0,0,147,4,0,0.0,0,0,0,none,1,3175.72
TX04967,C0076,10933.42,CARD,failed,timeout,4,0,206,19,19,1.0,0,0,0,retry_payment,0,0.0
TX04968,C1512,44460.79,NETBANKING,success,none,0,0,315,16,13,0.81,0,0,0,none,1,44460.79
TX04969,C1781,28028.79,UPI,failed,technical_error,4,0,45,8,0,0.0,1,3,0,payment_link,0,0.0
TX04970,C1339,34171.22,NETBANKING,failed,timeout,0,0,91,7,1,0.14,1,0,0,retry_payment,1,34171.22
TX04971,C1466,24781.3,CARD,success,none,0,0,120,4,2,0.5,1,1,0,none,1,24781.3
TX04972,C0533,28980.68,WALLET,success,none,0,0,120,20,12,0.6,0,0,0,none,1,28980.68
TX04973,C2467,43241.34,CARD,success,none,0,0,77,16,13,0.81,1,30,0,none,1,43241.34
TX04974,C2331,6615.86,NETBANKING,abandoned,checkout_dropoff,2,1,565,7,6,0.86,0,0,0,payment_link,0,0.0
TX04975,C1723,41260.02,UPI,success,none,0,0,94,11,10,0.91,0,0,0,none,1,41260.02
TX04976,C1706,1098.62,WALLET,success,none,0,0,316,12,10,0.83,0,0,0,none,1,1098.62
TX04977,C1093,44764.0,WALLET,success,none,0,0,70,1,1,1.0,0,0,0,none,1,44764.0
TX04978,C0478,18706.37,NETBANKING,success,none,0,0,39,12,3,0.25,0,0,0,none,1,18706.37
TX04979,C1409,48268.54,CARD,abandoned,checkout_dropoff,4,1,569,18,17,0.94,0,0,1,send_reminder,0,0.0
TX04980,C0177,13383.49,NETBANKING,success,none,0,0,348,11,5,0.45,0,0,0,none,1,13383.49
TX04981,C1657,28594.5,CARD,success,none,0,0,299,2,1,0.5,1,7,0,none,1,28594.5
TX04982,C1185,5167.17,CARD,success,none,0,0,590,4,0,0.0,0,0,0,none,1,5167.17
TX04983,C2102,32268.54,UPI,failed,technical_error,3,0,461,1,1,1.0,0,0,2,payment_link,1,32268.54
TX04984,C1361,33887.28,WALLET,success,none,0,0,53,9,3,0.33,1,0,0,none,1,33887.28
TX04985,C0058,1828.95,CARD,success,none,0,0,562,11,7,0.64,0,0,0,none,1,1828.95
TX04986,C2494,35809.71,UPI,success,none,0,0,34,7,7,1.0,1,0,0,none,1,35809.71
TX04987,C0339,7839.54,NETBANKING,abandoned,checkout_dropoff,4,1,429,19,9,0.47,1,0,2,payment_link,0,0.0
TX04988,C1880,47378.48,UPI,failed,insufficient_funds,0,0,367,4,2,0.5,0,0,2,send_reminder,1,47378.48
TX04989,C0295,27766.91,CARD,failed,technical_error,0,0,516,2,0,0.0,0,0,2,payment_link,0,0.0
TX04990,C1466,15360.13,UPI,failed,bank_error,1,0,266,17,3,0.18,0,0,2,payment_link,0,0.0
TX04991,C1165,33983.55,CARD,success,none,0,0,264,19,12,0.63,0,0,0,none,1,33983.55
TX04992,C1324,42125.03,WALLET,success,none,0,0,285,4,1,0.25,1,0,0,none,1,42125.03
TX04993,C0240,30685.21,CARD,success,none,0,0,159,19,8,0.42,0,0,0,none,1,30685.21
TX04994,C2033,40354.21,UPI,success,none,0,0,325,17,7,0.41,0,0,0,none,1,40354.21
TX04995,C1027,37556.71,UPI,success,none,0,0,361,5,5,1.0,1,7,0,none,1,37556.71
TX04996,C0540,6347.8,WALLET,abandoned,checkout_dropoff,4,1,315,17,2,0.12,0,0,0,payment_link,1,6347.8
TX04997,C0849,11118.69,UPI,success,none,0,0,475,19,12,0.63,1,30,0,none,1,11118.69
TX04998,C1599,32596.82,CARD,success,none,0,0,571,7,6,0.86,1,0,0,none,1,32596.82
TX04999,C0987,15502.65,WALLET,failed,bank_error,4,0,33,16,8,0.5,0,0,0,payment_link,1,15502.65
TX05000,C2099,33761.62,UPI,success,none,0,0,386,1,1,1.0,0,0,0,none,1,33761.62
TX05001,C2150,32125.65,WALLET,success,none,0,0,416,5,2,0.4,1,0,0,none,1,32125.65
TX05002,C0352,1508.7,WALLET,success,none,0,0,303,4,0,0.0,1,1,0,none,1,1508.7
TX05003,C1433,37109.62,UPI,success,none,0,0,354,3,2,0.67,1,3,0,none,1,37109.62
TX05004,C1508,8539.82,WALLET,success,none,0,0,335,5,1,0.2,0,0,0,none,1,8539.82
TX05005,C1983,10072.78,NETBANKING,success,none,0,0,547,16,5,0.31,0,0,0,none,1,10072.78
TX05006,C0664,1320.24,CARD,success,none,0,0,479,6,3,0.5,1,7,0,none,1,1320.24
TX05007,C1000,36005.9,CARD,success,none,0,0,353,16,16,1.0,0,0,0,none,1,36005.9
TX05008,C1001,5513.14,NETBANKING,abandoned,checkout_dropoff,3,1,150,12,3,0.25,0,0,0,payment_link,1,5513.14
TX05009,C1150,42522.95,CARD,success,none,0,0,128,4,1,0.25,0,0,0,none,1,42522.95
TX05010,C1154,21329.79,NETBANKING,success,none,0,0,298,8,7,0.88,1,1,0,none,1,21329.79
TX05011,C0114,48233.29,NETBANKING,success,none,0,0,151,5,3,0.6,1,0,0,none,1,48233.29
TX05012,C0520,21485.6,NETBANKING,success,none,0,0,419,20,20,1.0,1,1,0,none,1,21485.6
TX05013,C2123,46839.5,CARD,success,none,0,0,456,10,1,0.1,0,0,0,none,1,46839.5
TX05014,C0868,17513.52,WALLET,failed,insufficient_funds,4,0,399,15,5,0.33,1,3,2,send_reminder,1,17513.52
TX05015,C1683,25400.27,UPI,success,none,0,0,118,20,9,0.45,1,0,0,none,1,25400.27
TX05016,C1459,31822.89,CARD,success,none,0,0,77,5,3,0.6,0,0,0,none,1,31822.89
TX05017,C1155,7290.97,NETBANKING,abandoned,checkout_dropoff,1,1,251,5,1,0.2,0,0,0,send_reminder,1,7290.97
TX05018,C1665,44770.49,UPI,success,none,0,0,425,20,15,0.75,1,3,0,none,1,44770.49
TX05019,C1693,29194.3,UPI,success,none,0,0,124,20,16,0.8,1,15,0,none,1,29194.3
TX05020,C0451,6061.66,WALLET,success,none,0,0,474,5,1,0.2,0,0,0,none,1,6061.66
TX05021,C0808,24837.02,NETBANKING,success,none,0,0,538,13,0,0.0,0,0,0,none,1,24837.02
TX05022,C1648,15210.95,CARD,success,none,0,0,192,10,5,0.5,1,3,0,none,1,15210.95
TX05023,C2379,42563.66,WALLET,success,none,0,0,297,15,15,1.0,1,15,0,none,1,42563.66
TX05024,C2127,33568.8,NETBANKING,success,none,0,0,480,3,0,0.0,1,1,0,none,1,33568.8
TX05025,C1257,14098.85,UPI,success,none,0,0,509,9,8,0.89,1,0,0,none,1,14098.85
TX05026,C1257,46871.95,WALLET,success,none,0,0,219,13,6,0.46,1,30,0,none,1,46871.95
TX05027,C1174,15616.0,WALLET,failed,technical_error,0,0,132,18,16,0.89,0,0,2,payment_link,1,15616.0
TX05028,C0692,37043.37,WALLET,success,none,0,0,312,15,14,0.93,1,1,0,none,1,37043.37
TX05029,C1795,48624.71,NETBANKING,success,none,0,0,138,15,7,0.47,0,0,0,none,1,48624.71
TX05030,C0420,32101.27,UPI,success,none,0,0,517,11,4,0.36,0,0,0,none,1,32101.27
TX05031,C0875,39598.77,NETBANKING,success,none,0,0,370,11,10,0.91,1,1,0,none,1,39598.77
TX05032,C0123,36249.25,UPI,success,none,0,0,462,2,1,0.5,1,0,0,none,1,36249.25
TX05033,C0863,1534.67,UPI,success,none,0,0,210,4,2,0.5,0,0,0,none,1,1534.67
TX05034,C0620,23643.66,NETBANKING,success,none,0,0,121,6,4,0.67,1,0,0,none,1,23643.66
TX05035,C0521,13064.97,NETBANKING,success,none,0,0,176,11,1,0.09,1,0,0,none,1,13064.97
TX05036,C2179,17889.84,NETBANKING,success,none,0,0,423,10,2,0.2,1,0,0,none,1,17889.84
TX05037,C1261,7891.81,CARD,failed,network_error,1,0,140,2,1,0.5,0,0,1,retry_payment,1,7891.81
TX05038,C2339,20409.71,WALLET,success,none,0,0,358,6,5,0.83,0,0,0,none,1,20409.71
TX05039,C0438,36264.17,WALLET,success,none,0,0,431,15,7,0.47,1,0,0,none,1,36264.17
TX05040,C0138,2936.29,CARD,abandoned,checkout_dropoff,0,1,596,11,6,0.55,0,0,2,payment_link,1,2936.29
TX05041,C0005,21239.25,NETBANKING,success,none,0,0,591,13,10,0.77,0,0,0,none,1,21239.25
TX05042,C1376,45780.61,NETBANKING,success,none,0,0,369,5,1,0.2,1,0,0,none,1,45780.61
TX05043,C1083,3795.07,UPI,failed,bank_error,0,0,560,19,12,0.63,1,0,0,payment_link,1,3795.07
TX05044,C1688,7360.38,CARD,success,none,0,0,381,4,3,0.75,1,0,0,none,1,7360.38
TX05045,C1542,23744.27,CARD,failed,technical_error,0,0,355,17,13,0.76,1,0,2,payment_link,0,0.0
TX05046,C0868,13670.05,CARD,success,none,0,0,517,2,1,0.5,0,0,0,none,1,13670.05
TX05047,C0323,39543.39,UPI,abandoned,checkout_dropoff,3,1,182,6,1,0.17,1,0,2,send_reminder,0,0.0
TX05048,C0789,36746.84,WALLET,abandoned,checkout_dropoff,1,1,563,13,0,0.0,0,0,2,send_reminder,0,0.0
TX05049,C1930,33450.44,WALLET,abandoned,checkout_dropoff,4,1,538,2,0,0.0,0,0,0,payment_link,0,0.0
TX05050,C1434,8771.79,CARD,abandoned,checkout_dropoff,4,1,237,12,2,0.17,0,0,1,payment_link,0,0.0
TX05051,C0182,13634.01,UPI,success,none,0,0,257,6,2,0.33,1,1,0,none,1,13634.01
TX05052,C2497,20076.29,NETBANKING,success,none,0,0,295,4,1,0.25,1,0,0,none,1,20076.29
TX05053,C1501,16379.14,NETBANKING,success,none,0,0,263,7,7,1.0,0,0,0,none,1,16379.14
TX05054,C0542,6214.19,NETBANKING,failed,network_error,3,0,45,10,7,0.7,1,0,0,retry_payment,0,0.0
TX05055,C1751,33167.4,NETBANKING,success,none,0,0,94,19,1,0.05,1,0,0,none,1,33167.4
TX05056,C1905,43370.26,CARD,success,none,0,0,434,15,1,0.07,1,0,0,none,1,43370.26
TX05057,C1317,20794.96,CARD,success,none,0,0,471,6,6,1.0,1,0,0,none,1,20794.96
TX05058,C1100,38626.76,WALLET,success,none,0,0,560,12,1,0.08,0,0,0,none,1,38626.76
TX05059,C2397,29739.52,WALLET,success,none,0,0,412,8,2,0.25,0,0,0,none,1,29739.52
TX05060,C1656,24363.88,UPI,failed,network_error,3,0,530,11,1,0.09,0,0,1,retry_payment,0,0.0
TX05061,C2469,35628.89,WALLET,success,none,0,0,89,13,9,0.69,1,30,0,none,1,35628.89
TX05062,C0598,6710.88,CARD,abandoned,checkout_dropoff,1,1,569,9,1,0.11,1,0,1,send_reminder,0,0.0
TX05063,C0355,24599.98,NETBANKING,failed,bank_error,1,0,274,12,8,0.67,0,0,0,payment_link,1,24599.98
TX05064,C2047,29348.28,CARD,success,none,0,0,299,2,2,1.0,0,0,0,none,1,29348.28
TX05065,C0797,23700.84,CARD,success,none,0,0,125,12,10,0.83,0,0,0,none,1,23700.84
TX05066,C1594,20849.47,WALLET,success,none,0,0,540,1,0,0.0,1,1,0,none,1,20849.47
TX05067,C1709,16927.9,UPI,success,none,0,0,200,5,3,0.6,1,0,0,none,1,16927.9
TX05068,C0827,34657.79,UPI,success,none,0,0,15,20,4,0.2,0,0,0,none,1,34657.79
TX05069,C0962,44760.2,WALLET,failed,insufficient_funds,1,0,124,7,7,1.0,1,0,2,send_reminder,1,44760.2
TX05070,C0933,29023.46,CARD,failed,timeout,4,0,295,19,10,0.53,1,0,1,retry_payment,0,0.0
TX05071,C0516,30615.05,CARD,abandoned,checkout_dropoff,4,1,533,7,2,0.29,1,0,2,send_reminder,1,30615.05
TX05072,C0351,39142.62,NETBANKING,success,none,0,0,117,14,14,1.0,0,0,0,none,1,39142.62
TX05073,C2053,1467.67,UPI,success,none,0,0,584,2,1,0.5,0,0,0,none,1,1467.67
TX05074,C0852,11710.0,CARD,success,none,0,0,285,10,5,0.5,0,0,0,none,1,11710.0
TX05075,C0761,24298.42,NETBANKING,success,none,0,0,510,8,2,0.25,1,0,0,none,1,24298.42
TX05076,C0605,5275.05,NETBANKING,abandoned,checkout_dropoff,1,1,159,11,0,0.0,0,0,2,send_reminder,0,0.0
TX05077,C0769,38910.31,CARD,success,none,0,0,463,9,5,0.56,0,0,0,none,1,38910.31
TX05078,C0350,35290.15,WALLET,success,none,0,0,80,14,0,0.0,1,0,0,none,1,35290.15
TX05079,C1214,41695.54,NETBANKING,failed,bank_error,1,0,445,14,13,0.93,0,0,1,payment_link,0,0.0
TX05080,C1902,16320.62,CARD,success,none,0,0,425,13,11,0.85,1,15,0,none,1,16320.62
TX05081,C1962,3471.72,UPI,success,none,0,0,227,5,5,1.0,0,0,0,none,1,3471.72
TX05082,C1858,7921.16,UPI,success,none,0,0,99,18,8,0.44,1,0,0,none,1,7921.16
TX05083,C1495,43046.36,WALLET,abandoned,checkout_dropoff,3,1,530,11,1,0.09,1,0,1,send_reminder,0,0.0
TX05084,C1455,31078.59,UPI,abandoned,checkout_dropoff,4,1,398,14,9,0.64,1,0,1,payment_link,1,31078.59
TX05085,C1126,49175.38,NETBANKING,failed,insufficient_funds,1,0,471,1,1,1.0,0,0,1,send_reminder,0,0.0
TX05086,C0636,14978.54,UPI,failed,bank_error,3,0,212,4,3,0.75,1,0,1,payment_link,1,14978.54
TX05087,C0606,9219.1,UPI,failed,insufficient_funds,1,0,120,19,15,0.79,0,0,0,send_reminder,0,0.0
TX05088,C2361,1607.12,CARD,success,none,0,0,218,4,3,0.75,1,0,0,none,1,1607.12
TX05089,C0724,29627.88,NETBANKING,success,none,0,0,582,11,0,0.0,0,0,0,none,1,29627.88
TX05090,C0964,8580.92,UPI,success,none,0,0,331,7,5,0.71,0,0,0,none,1,8580.92
TX05091,C0892,16027.79,WALLET,failed,insufficient_funds,1,0,77,15,2,0.13,0,0,1,send_reminder,0,0.0
TX05092,C0944,46502.35,CARD,failed,insufficient_funds,3,0,97,12,4,0.33,0,0,2,send_reminder,1,46502.35
TX05093,C2073,47261.67,CARD,success,none,0,0,120,16,13,0.81,0,0,0,none,1,47261.67
TX05094,C0603,1823.76,CARD,success,none,0,0,270,11,8,0.73,0,0,0,none,1,1823.76
TX05095,C0712,46476.6,NETBANKING,success,none,0,0,131,18,13,0.72,0,0,0,none,1,46476.6
TX05096,C2311,33257.75,UPI,success,none,0,0,190,12,4,0.33,0,0,0,none,1,33257.75
TX05097,C0438,46029.99,NETBANKING,success,none,0,0,438,11,1,0.09,0,0,0,none,1,46029.99
TX05098,C0889,46048.14,WALLET,success,none,0,0,238,14,7,0.5,1,7,0,none,1,46048.14
TX05099,C0335,21667.59,WALLET,failed,insufficient_funds,2,0,256,8,7,0.88,0,0,2,send_reminder,1,21667.59
TX05100,C0971,19251.15,UPI,success,none,0,0,275,16,0,0.0,1,1,0,none,1,19251.15
TX05101,C1536,48170.37,UPI,success,none,0,0,474,17,9,0.53,0,0,0,none,1,48170.37
TX05102,C1589,31165.3,WALLET,success,none,0,0,446,15,4,0.27,0,0,0,none,1,31165.3
TX05103,C1118,4635.83,WALLET,success,none,0,0,210,3,0,0.0,1,15,0,none,1,4635.83
TX05104,C2261,46295.42,WALLET,success,none,0,0,581,13,11,0.85,1,0,0,none,1,46295.42
TX05105,C1059,910.83,UPI,success,none,0,0,157,12,5,0.42,0,0,0,none,1,910.83
TX05106,C0495,22761.94,NETBANKING,success,none,0,0,11,9,6,0.67,0,0,0,none,1,22761.94
TX05107,C1780,5787.29,CARD,success,none,0,0,288,2,0,0.0,1,0,0,none,1,5787.29
TX05108,C1551,23942.98,NETBANKING,success,none,0,0,438,19,1,0.05,1,0,0,none,1,23942.98
TX05109,C0531,17918.05,UPI,success,none,0,0,411,7,6,0.86,0,0,0,none,1,17918.05
TX05110,C0894,25570.75,NETBANKING,success,none,0,0,545,6,1,0.17,0,0,0,none,1,25570.75
TX05111,C0861,7598.73,WALLET,success,none,0,0,231,10,3,0.3,1,1,0,none,1,7598.73
TX05112,C1495,30956.11,UPI,failed,technical_error,3,0,429,8,8,1.0,1,1,2,payment_link,1,30956.11
TX05113,C2358,7571.88,NETBANKING,failed,insufficient_funds,1,0,509,14,3,0.21,1,0,0,send_reminder,0,0.0
TX05114,C0315,23180.65,UPI,abandoned,checkout_dropoff,3,1,389,7,5,0.71,1,0,1,payment_link,1,23180.65
TX05115,C0196,21364.56,NETBANKING,success,none,0,0,141,20,8,0.4,1,0,0,none,1,21364.56
TX05116,C0251,30415.65,WALLET,failed,timeout,2,0,343,9,1,0.11,1,1,2,retry_payment,0,0.0
TX05117,C1226,45636.16,UPI,success,none,0,0,589,4,2,0.5,0,0,0,none,1,45636.16
TX05118,C0292,17939.91,NETBANKING,failed,network_error,4,0,421,15,12,0.8,0,0,1,retry_payment,0,0.0
TX05119,C0585,27602.24,NETBANKING,success,none,0,0,43,10,0,0.0,1,0,0,none,1,27602.24
TX05120,C1987,31903.62,WALLET,abandoned,checkout_dropoff,0,1,215,12,4,0.33,1,0,1,payment_link,1,31903.62
TX05121,C1809,28602.86,WALLET,success,none,0,0,10,19,0,0.0,1,3,0,none,1,28602.86
TX05122,C1449,38374.36,UPI,success,none,0,0,299,1,1,1.0,0,0,0,none,1,38374.36
TX05123,C0936,14168.41,WALLET,success,none,0,0,52,9,1,0.11,0,0,0,none,1,14168.41
TX05124,C2045,2683.62,CARD,success,none,0,0,152,2,2,1.0,0,0,0,none,1,2683.62
TX05125,C1302,4584.43,CARD,success,none,0,0,14,6,4,0.67,1,0,0,none,1,4584.43
TX05126,C0384,15331.75,NETBANKING,abandoned,checkout_dropoff,3,1,190,20,18,0.9,0,0,1,send_reminder,0,0.0
TX05127,C0519,12183.76,CARD,failed,network_error,2,0,516,12,7,0.58,1,0,2,retry_payment,0,0.0
TX05128,C1160,14320.94,WALLET,success,none,0,0,225,8,8,1.0,1,15,0,none,1,14320.94
TX05129,C1698,17263.95,UPI,success,none,0,0,307,18,6,0.33,0,0,0,none,1,17263.95
TX05130,C2291,7066.31,UPI,success,none,0,0,130,14,12,0.86,0,0,0,none,1,7066.31
TX05131,C1662,33158.91,NETBANKING,failed,insufficient_funds,4,0,52,7,5,0.71,0,0,1,send_reminder,0,0.0
TX05132,C0487,48266.5,WALLET,failed,bank_error,1,0,301,8,0,0.0,1,0,0,payment_link,0,0.0
TX05133,C0410,31352.56,CARD,success,none,0,0,402,1,1,1.0,0,0,0,none,1,31352.56
TX05134,C2331,8415.11,CARD,success,none,0,0,395,15,3,0.2,0,0,0,none,1,8415.11
TX05135,C0112,27292.56,UPI,success,none,0,0,251,18,17,0.94,0,0,0,none,1,27292.56
TX05136,C1635,49861.82,WALLET,abandoned,checkout_dropoff,1,1,374,15,10,0.67,0,0,1,send_reminder,1,49861.82
TX05137,C0262,45195.18,CARD,success,none,0,0,472,6,4,0.67,1,0,0,none,1,45195.18
TX05138,C2317,35130.08,CARD,success,none,0,0,27,6,1,0.17,1,30,0,none,1,35130.08
TX05139,C0590,3067.51,UPI,success,none,0,0,363,20,2,0.1,1,0,0,none,1,3067.51
TX05140,C2488,2410.71,UPI,failed,timeout,2,0,500,5,4,0.8,1,1,2,retry_payment,0,0.0
TX05141,C1393,11930.68,UPI,success,none,0,0,502,8,3,0.38,0,0,0,none,1,11930.68
TX05142,C2129,9378.71,WALLET,abandoned,checkout_dropoff,2,1,231,10,8,0.8,0,0,2,payment_link,0,0.0
TX05143,C1595,19682.27,CARD,success,none,0,0,580,12,8,0.67,1,3,0,none,1,19682.27
TX05144,C0748,1555.49,UPI,failed,network_error,2,0,327,10,4,0.4,1,0,0,retry_payment,0,0.0
TX05145,C0017,22439.85,UPI,success,none,0,0,572,15,0,0.0,0,0,0,none,1,22439.85
TX05146,C0552,8669.06,WALLET,success,none,0,0,65,5,2,0.4,1,3,0,none,1,8669.06
TX05147,C2446,46922.66,CARD,success,none,0,0,36,7,2,0.29,0,0,0,none,1,46922.66
TX05148,C1124,5470.19,UPI,success,none,0,0,508,5,4,0.8,0,0,0,none,1,5470.19
TX05149,C0225,49365.9,WALLET,success,none,0,0,359,15,10,0.67,1,15,0,none,1,49365.9
TX05150,C0469,7956.93,CARD,success,none,0,0,67,16,13,0.81,0,0,0,none,1,7956.93
TX05151,C0852,35156.96,CARD,success,none,0,0,115,15,12,0.8,1,0,0,none,1,35156.96
TX05152,C2182,31225.05,CARD,success,none,0,0,178,16,9,0.56,1,0,0,none,1,31225.05
TX05153,C0852,10861.39,NETBANKING,success,none,0,0,365,18,5,0.28,1,30,0,none,1,10861.39
TX05154,C1436,20008.51,UPI,success,none,0,0,185,20,10,0.5,0,0,0,none,1,20008.51
TX05155,C2390,44829.74,NETBANKING,failed,network_error,2,0,520,12,3,0.25,1,0,0,retry_payment,0,0.0
TX05156,C1851,38090.02,CARD,success,none,0,0,437,10,8,0.8,1,1,0,none,1,38090.02
TX05157,C1277,49758.12,WALLET,success,none,0,0,376,11,10,0.91,1,0,0,none,1,49758.12
TX05158,C0019,16213.53,WALLET,failed,network_error,3,0,485,20,18,0.9,1,15,1,retry_payment,0,0.0
TX05159,C0273,5151.88,UPI,success,none,0,0,150,11,6,0.55,1,0,0,none,1,5151.88
TX05160,C0679,21352.61,WALLET,abandoned,checkout_dropoff,3,1,375,2,2,1.0,0,0,1,send_reminder,0,0.0
TX05161,C0028,34692.61,WALLET,success,none,0,0,197,17,11,0.65,0,0,0,none,1,34692.61
TX05162,C1212,5290.09,CARD,failed,insufficient_funds,0,0,176,1,0,0.0,0,0,0,send_reminder,1,5290.09
TX05163,C0756,38344.48,CARD,success,none,0,0,188,19,9,0.47,1,3,0,none,1,38344.48
TX05164,C1566,48957.38,CARD,failed,technical_error,1,0,341,4,2,0.5,1,0,2,payment_link,0,0.0
TX05165,C0376,15892.71,UPI,success,none,0,0,346,9,5,0.56,0,0,0,none,1,15892.71
TX05166,C2238,15794.75,CARD,success,none,0,0,310,19,19,1.0,0,0,0,none,1,15794.75
TX05167,C1775,29601.41,CARD,abandoned,checkout_dropoff,4,1,357,5,1,0.2,1,3,0,send_reminder,1,29601.41
TX05168,C2341,34711.58,UPI,success,none,0,0,518,10,9,0.9,1,0,0,none,1,34711.58
TX05169,C0260,6300.52,NETBANKING,failed,technical_error,1,0,224,14,13,0.93,0,0,2,payment_link,1,6300.52
TX05170,C0395,46480.1,UPI,success,none,0,0,12,10,10,1.0,1,1,0,none,1,46480.1
TX05171,C1596,31828.53,UPI,success,none,0,0,473,9,0,0.0,0,0,0,none,1,31828.53
TX05172,C1484,30926.98,NETBANKING,failed,bank_error,2,0,307,12,9,0.75,1,0,1,payment_link,1,30926.98
TX05173,C0668,1031.44,NETBANKING,failed,timeout,1,0,568,14,5,0.36,1,1,2,retry_payment,0,0.0
TX05174,C1815,8868.6,NETBANKING,success,none,0,0,392,10,1,0.1,1,30,0,none,1,8868.6
TX05175,C0495,30389.6,CARD,success,none,0,0,468,15,0,0.0,1,7,0,none,1,30389.6
TX05176,C2373,49766.31,UPI,abandoned,checkout_dropoff,3,1,104,14,9,0.64,1,0,0,send_reminder,0,0.0
TX05177,C2220,13275.2,CARD,success,none,0,0,330,12,9,0.75,1,1,0,none,1,13275.2
TX05178,C0656,24322.03,UPI,failed,timeout,4,0,144,5,3,0.6,0,0,1,retry_payment,0,0.0
TX05179,C1592,28255.02,NETBANKING,success,none,0,0,455,1,0,0.0,1,0,0,none,1,28255.02
TX05180,C0080,736.31,CARD,success,none,0,0,88,5,0,0.0,1,0,0,none,1,736.31
TX05181,C2402,35481.83,WALLET,success,none,0,0,352,16,6,0.38,1,1,0,none,1,35481.83
TX05182,C0798,28210.97,WALLET,success,none,0,0,498,12,9,0.75,1,1,0,none,1,28210.97
TX05183,C0349,12288.57,WALLET,failed,timeout,3,0,12,4,4,1.0,0,0,2,retry_payment,0,0.0
TX05184,C0359,6175.31,CARD,success,none,0,0,494,20,10,0.5,0,0,0,none,1,6175.31
TX05185,C0854,10261.43,NETBANKING,success,none,0,0,292,3,3,1.0,0,0,0,none,1,10261.43
TX05186,C1906,43939.02,UPI,success,none,0,0,525,16,13,0.81,0,0,0,none,1,43939.02
TX05187,C1007,37334.83,WALLET,failed,timeout,0,0,534,3,1,0.33,0,0,0,retry_payment,1,37334.83
TX05188,C2079,46924.08,CARD,failed,insufficient_funds,2,0,541,10,10,1.0,0,0,0,send_reminder,0,0.0
TX05189,C2473,24642.26,UPI,success,none,0,0,271,19,11,0.58,1,0,0,none,1,24642.26
TX05190,C0141,40100.5,CARD,failed,insufficient_funds,4,0,27,1,0,0.0,1,0,0,send_reminder,1,40100.5
TX05191,C2043,2376.88,UPI,success,none,0,0,238,4,1,0.25,1,0,0,none,1,2376.88
TX05192,C1130,10638.71,UPI,success,none,0,0,70,11,11,1.0,1,1,0,none,1,10638.71
TX05193,C1361,35419.03,UPI,success,none,0,0,238,8,5,0.62,0,0,0,none,1,35419.03
TX05194,C0953,20543.59,CARD,failed,network_error,0,0,352,5,4,0.8,1,1,1,retry_payment,1,20543.59
TX05195,C1655,8949.12,UPI,success,none,0,0,472,1,0,0.0,1,0,0,none,1,8949.12
TX05196,C2106,7017.8,UPI,failed,insufficient_funds,0,0,478,13,6,0.46,1,3,2,send_reminder,0,0.0
TX05197,C0873,19565.91,CARD,success,none,0,0,261,11,0,0.0,0,0,0,none,1,19565.91
TX05198,C0430,12143.11,NETBANKING,abandoned,checkout_dropoff,3,1,564,19,10,0.53,0,0,0,payment_link,0,0.0
TX05199,C2158,14408.02,NETBANKING,success,none,0,0,294,20,14,0.7,0,0,0,none,1,14408.02
TX05200,C1441,14878.21,CARD,failed,network_error,2,0,511,9,4,0.44,0,0,2,retry_payment,0,0.0
TX05201,C0442,22498.86,NETBANKING,success,none,0,0,592,9,9,1.0,0,0,0,none,1,22498.86
TX05202,C1077,40702.78,NETBANKING,success,none,0,0,300,10,4,0.4,1,0,0,none,1,40702.78
TX05203,C1488,24352.54,UPI,failed,insufficient_funds,1,0,334,5,5,1.0,1,0,0,send_reminder,1,24352.54
TX05204,C2295,30596.75,UPI,success,none,0,0,94,16,9,0.56,0,0,0,none,1,30596.75
TX05205,C0314,12032.26,UPI,success,none,0,0,457,20,19,0.95,1,0,0,none,1,12032.26
TX05206,C2159,11095.69,CARD,success,none,0,0,505,5,5,1.0,1,3,0,none,1,11095.69
TX05207,C1483,12717.69,CARD,success,none,0,0,128,6,2,0.33,0,0,0,none,1,12717.69
TX05208,C0834,42620.13,CARD,success,none,0,0,110,6,2,0.33,1,0,0,none,1,42620.13
TX05209,C0941,48737.91,WALLET,abandoned,checkout_dropoff,0,1,465,10,1,0.1,1,0,2,send_reminder,1,48737.91
TX05210,C0213,42823.73,CARD,success,none,0,0,580,18,15,0.83,1,0,0,none,1,42823.73
TX05211,C1528,8133.12,UPI,success,none,0,0,552,7,7,1.0,1,0,0,none,1,8133.12
TX05212,C2237,44648.73,CARD,abandoned,checkout_dropoff,1,1,172,3,2,0.67,1,15,1,payment_link,1,44648.73
TX05213,C2079,28283.29,UPI,success,none,0,0,112,20,19,0.95,1,0,0,none,1,28283.29
TX05214,C0492,24946.43,CARD,success,none,0,0,12,14,4,0.29,0,0,0,none,1,24946.43
TX05215,C0822,32969.55,NETBANKING,success,none,0,0,326,7,3,0.43,1,1,0,none,1,32969.55
TX05216,C1859,35671.89,WALLET,success,none,0,0,22,9,0,0.0,0,0,0,none,1,35671.89
TX05217,C0759,14693.82,NETBANKING,failed,network_error,0,0,92,15,7,0.47,0,0,0,retry_payment,1,14693.82
TX05218,C0548,14810.83,CARD,success,none,0,0,538,16,5,0.31,1,0,0,none,1,14810.83
TX05219,C2060,12108.03,UPI,abandoned,checkout_dropoff,0,1,148,3,1,0.33,1,0,0,send_reminder,0,0.0
TX05220,C0205,7495.16,UPI,success,none,0,0,525,6,3,0.5,0,0,0,none,1,7495.16
TX05221,C1151,14685.77,NETBANKING,success,none,0,0,48,15,12,0.8,0,0,0,none,1,14685.77
TX05222,C1457,7338.6,CARD,success,none,0,0,589,15,15,1.0,1,0,0,none,1,7338.6
TX05223,C1662,18042.21,UPI,abandoned,checkout_dropoff,4,1,59,2,1,0.5,1,0,1,payment_link,0,0.0
TX05224,C1793,19614.65,UPI,failed,bank_error,1,0,109,13,2,0.15,1,7,0,payment_link,0,0.0
TX05225,C0138,1163.53,WALLET,failed,timeout,2,0,492,10,3,0.3,1,30,0,retry_payment,0,0.0
TX05226,C2248,13652.53,WALLET,abandoned,checkout_dropoff,0,1,569,9,5,0.56,0,0,0,send_reminder,1,13652.53
TX05227,C0723,5536.32,UPI,success,none,0,0,206,14,3,0.21,1,30,0,none,1,5536.32
TX05228,C1353,41303.83,UPI,success,none,0,0,543,2,2,1.0,0,0,0,none,1,41303.83
TX05229,C0355,2825.36,WALLET,success,none,0,0,461,1,1,1.0,0,0,0,none,1,2825.36
TX05230,C1572,39159.98,NETBANKING,success,none,0,0,188,12,2,0.17,0,0,0,none,1,39159.98
TX05231,C2359,8154.43,NETBANKING,failed,technical_error,2,0,295,16,12,0.75,0,0,1,payment_link,0,0.0
TX05232,C2466,4793.67,NETBANKING,success,none,0,0,64,7,6,0.86,1,0,0,none,1,4793.67
TX05233,C1156,8096.1,CARD,success,none,0,0,271,14,6,0.43,1,15,0,none,1,8096.1
TX05234,C0515,8534.71,WALLET,success,none,0,0,514,10,10,1.0,1,1,0,none,1,8534.71
TX05235,C1137,40276.38,NETBANKING,abandoned,checkout_dropoff,1,1,311,6,5,0.83,0,0,1,send_reminder,0,0.0
TX05236,C1068,48510.46,CARD,success,none,0,0,470,18,1,0.06,1,0,0,none,1,48510.46
TX05237,C1976,4338.71,WALLET,success,none,0,0,203,10,8,0.8,1,15,0,none,1,4338.71
TX05238,C0910,3640.92,WALLET,success,none,0,0,366,13,13,1.0,1,0,0,none,1,3640.92
TX05239,C2319,30228.51,CARD,abandoned,checkout_dropoff,0,1,335,9,2,0.22,1,0,2,send_reminder,1,30228.51
TX05240,C1070,10841.08,WALLET,success,none,0,0,72,17,13,0.76,0,0,0,none,1,10841.08
TX05241,C2176,40268.92,CARD,success,none,0,0,388,12,8,0.67,0,0,0,none,1,40268.92
TX05242,C1750,13190.86,NETBANKING,success,none,0,0,469,12,12,1.0,1,1,0,none,1,13190.86
TX05243,C1979,13145.07,NETBANKING,failed,bank_error,4,0,69,10,3,0.3,1,1,1,payment_link,0,0.0
TX05244,C1654,25853.54,WALLET,failed,timeout,2,0,73,15,13,0.87,1,15,1,retry_payment,0,0.0
TX05245,C0953,3025.0,UPI,success,none,0,0,15,18,12,0.67,1,1,0,none,1,3025.0
TX05246,C2439,13224.66,UPI,success,none,0,0,237,6,6,1.0,1,0,0,none,1,13224.66
TX05247,C0291,32356.16,CARD,success,none,0,0,185,7,7,1.0,0,0,0,none,1,32356.16
TX05248,C0084,43874.97,CARD,failed,timeout,2,0,404,7,5,0.71,0,0,2,retry_payment,0,0.0
TX05249,C1991,17673.05,UPI,success,none,0,0,195,2,2,1.0,0,0,0,none,1,17673.05
TX05250,C1542,4000.06,UPI,success,none,0,0,329,14,4,0.29,0,0,0,none,1,4000.06
TX05251,C1976,8054.18,NETBANKING,success,none,0,0,68,7,6,0.86,1,0,0,none,1,8054.18
TX05252,C0059,19502.73,CARD,success,none,0,0,546,19,8,0.42,0,0,0,none,1,19502.73
TX05253,C0291,48022.04,WALLET,success,none,0,0,204,2,0,0.0,1,0,0,none,1,48022.04
TX05254,C1884,5246.8,NETBANKING,success,none,0,0,479,19,1,0.05,1,0,0,none,1,5246.8
TX05255,C0959,23894.8,UPI,abandoned,checkout_dropoff,4,1,156,15,11,0.73,0,0,0,send_reminder,1,23894.8
TX05256,C0346,2348.1,WALLET,success,none,0,0,463,16,9,0.56,0,0,0,none,1,2348.1
TX05257,C0007,29801.31,WALLET,success,none,0,0,535,7,2,0.29,1,1,0,none,1,29801.31
TX05258,C1632,19187.61,UPI,success,none,0,0,396,4,0,0.0,1,7,0,none,1,19187.61
TX05259,C1859,2242.53,WALLET,success,none,0,0,31,4,0,0.0,0,0,0,none,1,2242.53
TX05260,C0576,6793.94,UPI,success,none,0,0,415,18,6,0.33,0,0,0,none,1,6793.94
TX05261,C1306,4970.76,UPI,success,none,0,0,88,18,2,0.11,1,1,0,none,1,4970.76
TX05262,C1101,36368.79,UPI,success,none,0,0,401,15,13,0.87,1,7,0,none,1,36368.79
TX05263,C0163,41972.19,UPI,success,none,0,0,322,3,0,0.0,1,0,0,none,1,41972.19
TX05264,C0736,28020.41,CARD,success,none,0,0,591,13,4,0.31,0,0,0,none,1,28020.41
TX05265,C2417,46857.36,WALLET,success,none,0,0,466,5,0,0.0,0,0,0,none,1,46857.36
TX05266,C1986,1184.08,CARD,failed,insufficient_funds,2,0,409,11,5,0.45,0,0,2,send_reminder,0,0.0
TX05267,C1129,46192.81,CARD,abandoned,checkout_dropoff,0,1,540,5,2,0.4,1,1,1,payment_link,1,46192.81
TX05268,C1415,30960.88,NETBANKING,success,none,0,0,184,10,2,0.2,1,3,0,none,1,30960.88
TX05269,C0567,21062.73,CARD,abandoned,checkout_dropoff,1,1,242,4,3,0.75,1,0,0,send_reminder,1,21062.73
TX05270,C0796,7850.94,CARD,success,none,0,0,102,7,2,0.29,0,0,0,none,1,7850.94
TX05271,C0963,5472.16,WALLET,success,none,0,0,483,9,4,0.44,0,0,0,none,1,5472.16
TX05272,C0729,25611.97,WALLET,success,none,0,0,520,7,0,0.0,0,0,0,none,1,25611.97
TX05273,C1226,30684.53,CARD,success,none,0,0,405,14,6,0.43,1,7,0,none,1,30684.53
TX05274,C1790,8896.81,WALLET,success,none,0,0,170,20,13,0.65,1,7,0,none,1,8896.81
TX05275,C2451,3689.5,UPI,success,none,0,0,514,4,3,0.75,1,7,0,none,1,3689.5
TX05276,C2439,16516.74,NETBANKING,abandoned,checkout_dropoff,2,1,524,9,4,0.44,1,0,0,send_reminder,0,0.0
TX05277,C1005,34455.74,WALLET,success,none,0,0,212,9,2,0.22,1,1,0,none,1,34455.74
TX05278,C2384,10752.55,CARD,success,none,0,0,485,7,2,0.29,0,0,0,none,1,10752.55
TX05279,C1919,38422.02,WALLET,abandoned,checkout_dropoff,2,1,557,10,2,0.2,1,15,2,send_reminder,0,0.0
TX05280,C1251,17269.54,NETBANKING,success,none,0,0,203,1,0,0.0,0,0,0,none,1,17269.54
TX05281,C0411,42519.54,CARD,success,none,0,0,344,19,9,0.47,1,15,0,none,1,42519.54
TX05282,C0825,27795.58,CARD,abandoned,checkout_dropoff,1,1,149,8,4,0.5,1,3,1,payment_link,1,27795.58
TX05283,C2109,40491.05,CARD,failed,timeout,4,0,435,12,12,1.0,1,3,1,retry_payment,0,0.0
TX05284,C2478,45101.19,CARD,failed,bank_error,4,0,570,1,0,0.0,0,0,2,payment_link,1,45101.19
TX05285,C1912,32013.71,UPI,failed,network_error,2,0,477,16,0,0.0,0,0,1,retry_payment,0,0.0
TX05286,C0366,5936.95,UPI,success,none,0,0,551,4,3,0.75,0,0,0,none,1,5936.95
TX05287,C0868,3642.85,CARD,success,none,0,0,174,18,2,0.11,0,0,0,none,1,3642.85
TX05288,C1468,27358.84,WALLET,success,none,0,0,600,3,3,1.0,0,0,0,none,1,27358.84
TX05289,C2459,22534.74,NETBANKING,success,none,0,0,459,20,4,0.2,0,0,0,none,1,22534.74
TX05290,C1519,3404.84,UPI,success,none,0,0,281,10,3,0.3,0,0,0,none,1,3404.84
TX05291,C0146,7129.23,WALLET,success,none,0,0,24,13,5,0.38,1,1,0,none,1,7129.23
TX05292,C0599,22434.15,WALLET,success,none,0,0,576,1,0,0.0,1,15,0,none,1,22434.15
TX05293,C0676,43592.49,WALLET,success,none,0,0,241,4,0,0.0,1,0,0,none,1,43592.49
TX05294,C0252,23047.91,CARD,failed,timeout,3,0,90,9,1,0.11,1,15,0,retry_payment,0,0.0
TX05295,C1769,36116.1,NETBANKING,success,none,0,0,236,1,1,1.0,1,3,0,none,1,36116.1
TX05296,C0459,14208.12,CARD,success,none,0,0,216,17,2,0.12,1,0,0,none,1,14208.12
TX05297,C0551,34588.24,NETBANKING,abandoned,checkout_dropoff,0,1,374,18,9,0.5,1,0,1,send_reminder,1,34588.24
TX05298,C0548,39863.84,WALLET,failed,bank_error,2,0,351,20,14,0.7,0,0,1,payment_link,1,39863.84
TX05299,C1393,17372.21,NETBANKING,success,none,0,0,296,5,0,0.0,0,0,0,none,1,17372.21
TX05300,C0039,5815.71,WALLET,success,none,0,0,494,15,10,0.67,1,0,0,none,1,5815.71
TX05301,C2318,36997.68,UPI,failed,technical_error,4,0,569,13,6,0.46,0,0,1,payment_link,0,0.0
TX05302,C2436,9000.96,CARD,success,none,0,0,356,8,0,0.0,0,0,0,none,1,9000.96
TX05303,C0524,32786.84,NETBANKING,abandoned,checkout_dropoff,4,1,352,6,6,1.0,1,0,1,payment_link,1,32786.84
TX05304,C0894,5454.44,NETBANKING,success,none,0,0,380,17,15,0.88,0,0,0,none,1,5454.44
TX05305,C0504,11199.98,UPI,failed,network_error,0,0,465,12,1,0.08,1,0,2,retry_payment,1,11199.98
TX05306,C0804,20680.56,NETBANKING,failed,bank_error,0,0,354,3,2,0.67,1,1,2,payment_link,1,20680.56
TX05307,C2030,44318.1,WALLET,success,none,0,0,80,8,5,0.62,0,0,0,none,1,44318.1
TX05308,C1428,44823.12,UPI,abandoned,checkout_dropoff,2,1,295,18,5,0.28,1,0,1,send_reminder,1,44823.12
TX05309,C1150,10115.54,CARD,failed,technical_error,0,0,167,1,0,0.0,1,3,2,payment_link,0,0.0
TX05310,C1949,28006.09,CARD,failed,technical_error,3,0,348,4,2,0.5,0,0,1,payment_link,0,0.0
TX05311,C0561,2547.55,WALLET,failed,insufficient_funds,0,0,403,13,9,0.69,0,0,2,send_reminder,0,0.0
TX05312,C0527,49841.45,NETBANKING,abandoned,checkout_dropoff,3,1,540,11,9,0.82,1,0,2,send_reminder,1,49841.45
TX05313,C0970,10431.95,UPI,success,none,0,0,400,18,10,0.56,1,30,0,none,1,10431.95
TX05314,C0697,19464.66,CARD,success,none,0,0,52,13,11,0.85,0,0,0,none,1,19464.66
TX05315,C1006,37559.71,WALLET,success,none,0,0,246,12,11,0.92,0,0,0,none,1,37559.71
TX05316,C2253,16401.81,CARD,success,none,0,0,101,14,13,0.93,1,0,0,none,1,16401.81
TX05317,C0817,34823.55,UPI,failed,bank_error,4,0,537,15,2,0.13,1,1,1,payment_link,0,0.0
TX05318,C1262,46202.38,CARD,success,none,0,0,485,10,5,0.5,1,3,0,none,1,46202.38
TX05319,C1921,46029.96,UPI,success,none,0,0,310,14,13,0.93,1,15,0,none,1,46029.96
TX05320,C2054,10656.37,WALLET,success,none,0,0,189,12,3,0.25,0,0,0,none,1,10656.37
TX05321,C1776,10003.28,NETBANKING,success,none,0,0,371,15,12,0.8,1,15,0,none,1,10003.28
TX05322,C1857,49981.42,CARD,failed,insufficient_funds,0,0,477,13,6,0.46,1,0,2,send_reminder,1,49981.42
TX05323,C1463,1160.18,NETBANKING,failed,technical_error,0,0,58,14,8,0.57,1,0,2,payment_link,0,0.0
TX05324,C0857,6970.06,NETBANKING,success,none,0,0,119,9,1,0.11,0,0,0,none,1,6970.06
TX05325,C1115,897.21,NETBANKING,success,none,0,0,456,17,9,0.53,0,0,0,none,1,897.21
TX05326,C1304,29236.76,WALLET,success,none,0,0,15,3,1,0.33,0,0,0,none,1,29236.76
TX05327,C2104,24515.82,WALLET,success,none,0,0,553,18,3,0.17,0,0,0,none,1,24515.82
TX05328,C2383,31643.95,CARD,success,none,0,0,589,4,4,1.0,0,0,0,none,1,31643.95
TX05329,C2290,42082.23,UPI,abandoned,checkout_dropoff,4,1,499,20,4,0.2,0,0,0,send_reminder,1,42082.23
TX05330,C2150,47763.89,WALLET,failed,technical_error,3,0,18,4,4,1.0,0,0,1,payment_link,0,0.0
TX05331,C1801,34246.99,NETBANKING,failed,bank_error,3,0,144,10,9,0.9,0,0,2,payment_link,1,34246.99
TX05332,C2124,30810.72,CARD,success,none,0,0,423,14,5,0.36,0,0,0,none,1,30810.72
TX05333,C1997,47416.42,CARD,success,none,0,0,95,20,14,0.7,1,1,0,none,1,47416.42
TX05334,C0474,12116.61,CARD,failed,technical_error,3,0,196,12,5,0.42,0,0,1,payment_link,0,0.0
TX05335,C1516,3317.95,CARD,success,none,0,0,444,11,1,0.09,1,0,0,none,1,3317.95
TX05336,C0450,22896.91,WALLET,success,none,0,0,347,9,8,0.89,0,0,0,none,1,22896.91
TX05337,C1694,8773.32,UPI,failed,bank_error,2,0,134,8,5,0.62,0,0,1,payment_link,1,8773.32
TX05338,C1648,816.29,WALLET,success,none,0,0,435,17,14,0.82,1,0,0,none,1,816.29
TX05339,C1212,21509.13,NETBANKING,success,none,0,0,269,18,4,0.22,0,0,0,none,1,21509.13
TX05340,C2111,42397.77,WALLET,success,none,0,0,581,6,0,0.0,0,0,0,none,1,42397.77
TX05341,C1352,45293.71,WALLET,abandoned,checkout_dropoff,2,1,50,12,0,0.0,0,0,0,payment_link,1,45293.71
TX05342,C1272,38254.53,WALLET,success,none,0,0,568,14,5,0.36,1,1,0,none,1,38254.53
TX05343,C1757,34548.71,CARD,success,none,0,0,282,10,7,0.7,1,0,0,none,1,34548.71
TX05344,C1262,4521.58,NETBANKING,failed,timeout,1,0,279,3,0,0.0,1,0,0,retry_payment,1,4521.58
TX05345,C1825,21194.75,WALLET,success,none,0,0,170,2,1,0.5,1,1,0,none,1,21194.75
TX05346,C0968,44619.95,CARD,success,none,0,0,394,15,15,1.0,1,0,0,none,1,44619.95
TX05347,C0389,1866.89,NETBANKING,success,none,0,0,490,4,0,0.0,0,0,0,none,1,1866.89
TX05348,C0226,45124.93,CARD,failed,insufficient_funds,0,0,261,11,11,1.0,0,0,2,send_reminder,1,45124.93
TX05349,C0465,45991.55,WALLET,success,none,0,0,148,2,0,0.0,0,0,0,none,1,45991.55
TX05350,C0045,21969.71,WALLET,success,none,0,0,456,12,1,0.08,1,0,0,none,1,21969.71
TX05351,C2082,25019.38,WALLET,success,none,0,0,534,10,5,0.5,1,1,0,none,1,25019.38
TX05352,C1457,23369.09,WALLET,success,none,0,0,309,20,2,0.1,1,15,0,none,1,23369.09
TX05353,C2465,42162.34,WALLET,success,none,0,0,65,13,9,0.69,0,0,0,none,1,42162.34
TX05354,C0923,32003.13,NETBANKING,success,none,0,0,561,7,2,0.29,1,3,0,none,1,32003.13
TX05355,C1630,19745.61,WALLET,success,none,0,0,595,17,9,0.53,0,0,0,none,1,19745.61
TX05356,C0073,1239.58,CARD,abandoned,checkout_dropoff,2,1,71,8,0,0.0,1,15,1,send_reminder,1,1239.58
TX05357,C0690,2158.97,WALLET,abandoned,checkout_dropoff,2,1,107,8,3,0.38,1,0,1,send_reminder,0,0.0
TX05358,C1791,2841.61,WALLET,failed,network_error,0,0,562,9,9,1.0,0,0,2,retry_payment,0,0.0
TX05359,C1958,2876.12,NETBANKING,success,none,0,0,444,18,14,0.78,1,0,0,none,1,2876.12
TX05360,C2326,22542.46,WALLET,success,none,0,0,126,7,5,0.71,1,1,0,none,1,22542.46
TX05361,C1655,37580.78,NETBANKING,failed,network_error,2,0,212,17,6,0.35,1,1,2,retry_payment,0,0.0
TX05362,C2361,43415.76,NETBANKING,success,none,0,0,77,6,6,1.0,0,0,0,none,1,43415.76
TX05363,C0131,26086.22,NETBANKING,success,none,0,0,53,10,0,0.0,0,0,0,none,1,26086.22
TX05364,C0719,14127.43,WALLET,success,none,0,0,424,9,2,0.22,0,0,0,none,1,14127.43
TX05365,C2011,36197.19,CARD,success,none,0,0,316,5,2,0.4,0,0,0,none,1,36197.19
TX05366,C1198,44245.03,WALLET,success,none,0,0,534,19,15,0.79,1,0,0,none,1,44245.03
TX05367,C0307,38030.25,WALLET,success,none,0,0,311,5,5,1.0,0,0,0,none,1,38030.25
TX05368,C0404,1946.14,UPI,success,none,0,0,517,9,8,0.89,0,0,0,none,1,1946.14
TX05369,C0332,35485.13,UPI,abandoned,checkout_dropoff,2,1,30,16,13,0.81,0,0,1,payment_link,1,35485.13
TX05370,C0248,33189.39,NETBANKING,success,none,0,0,92,20,13,0.65,1,0,0,none,1,33189.39
TX05371,C1624,19730.01,WALLET,success,none,0,0,369,16,1,0.06,1,0,0,none,1,19730.01
TX05372,C2177,45106.53,WALLET,failed,technical_error,1,0,229,15,11,0.73,1,0,1,payment_link,0,0.0
TX05373,C0504,9061.19,CARD,failed,timeout,0,0,514,13,11,0.85,1,0,1,retry_payment,0,0.0
TX05374,C0047,271.92,CARD,success,none,0,0,444,6,5,0.83,1,0,0,none,1,271.92
TX05375,C0750,22234.25,NETBANKING,abandoned,checkout_dropoff,0,1,20,8,8,1.0,1,1,1,payment_link,1,22234.25
TX05376,C1736,44924.67,NETBANKING,failed,insufficient_funds,4,0,99,18,13,0.72,1,1,2,send_reminder,0,0.0
TX05377,C1114,30190.53,CARD,failed,network_error,1,0,154,6,3,0.5,1,1,2,retry_payment,1,30190.53
TX05378,C0848,23627.79,NETBANKING,abandoned,checkout_dropoff,3,1,554,12,12,1.0,1,0,0,send_reminder,0,0.0
TX05379,C0018,29083.47,NETBANKING,failed,technical_error,2,0,220,1,0,0.0,0,0,0,payment_link,1,29083.47
TX05380,C1418,48927.54,NETBANKING,success,none,0,0,87,5,1,0.2,1,0,0,none,1,48927.54
TX05381,C0978,34672.28,NETBANKING,failed,network_error,4,0,297,11,5,0.45,1,0,1,retry_payment,0,0.0
TX05382,C2336,7704.46,WALLET,success,none,0,0,158,9,7,0.78,1,0,0,none,1,7704.46
TX05383,C0826,49006.46,CARD,failed,timeout,0,0,502,3,0,0.0,0,0,1,retry_payment,1,49006.46
TX05384,C2153,38672.02,WALLET,success,none,0,0,480,19,7,0.37,1,1,0,none,1,38672.02
TX05385,C2471,12381.67,CARD,failed,timeout,1,0,261,17,6,0.35,0,0,1,retry_payment,1,12381.67
TX05386,C2269,25715.95,WALLET,success,none,0,0,552,5,2,0.4,0,0,0,none,1,25715.95
TX05387,C1833,10677.6,WALLET,abandoned,checkout_dropoff,0,1,397,12,2,0.17,0,0,1,payment_link,1,10677.6
TX05388,C2471,41723.73,CARD,success,none,0,0,512,8,5,0.62,0,0,0,none,1,41723.73
TX05389,C0467,29072.26,UPI,success,none,0,0,538,9,9,1.0,1,0,0,none,1,29072.26
TX05390,C0807,46492.14,NETBANKING,success,none,0,0,369,2,2,1.0,1,0,0,none,1,46492.14
TX05391,C0632,20534.62,WALLET,success,none,0,0,100,2,1,0.5,1,0,0,none,1,20534.62
TX05392,C1820,40365.57,WALLET,abandoned,checkout_dropoff,1,1,503,3,0,0.0,0,0,1,send_reminder,0,0.0
TX05393,C1085,45387.5,CARD,success,none,0,0,380,7,7,1.0,1,0,0,none,1,45387.5
TX05394,C1739,8060.04,NETBANKING,success,none,0,0,130,2,2,1.0,0,0,0,none,1,8060.04
TX05395,C0990,7741.0,WALLET,success,none,0,0,408,12,1,0.08,1,7,0,none,1,7741.0
TX05396,C0455,30782.74,WALLET,failed,network_error,1,0,154,19,9,0.47,0,0,1,retry_payment,1,30782.74
TX05397,C1936,9287.87,WALLET,success,none,0,0,218,20,17,0.85,1,0,0,none,1,9287.87
TX05398,C0604,40438.44,NETBANKING,success,none,0,0,486,5,4,0.8,1,7,0,none,1,40438.44
TX05399,C2082,32487.13,NETBANKING,success,none,0,0,18,1,1,1.0,1,15,0,none,1,32487.13
TX05400,C2329,8220.12,NETBANKING,success,none,0,0,330,1,1,1.0,0,0,0,none,1,8220.12
TX05401,C1095,30893.86,NETBANKING,success,none,0,0,488,8,5,0.62,1,0,0,none,1,30893.86
TX05402,C0925,41849.94,NETBANKING,success,none,0,0,400,10,9,0.9,1,0,0,none,1,41849.94
TX05403,C0252,24468.64,WALLET,success,none,0,0,163,6,1,0.17,1,0,0,none,1,24468.64
TX05404,C1552,36577.0,UPI,failed,insufficient_funds,1,0,252,2,0,0.0,0,0,0,send_reminder,1,36577.0
TX05405,C1886,38803.24,UPI,failed,technical_error,3,0,491,14,11,0.79,0,0,2,payment_link,0,0.0
TX05406,C0159,44876.53,UPI,success,none,0,0,256,18,12,0.67,0,0,0,none,1,44876.53
TX05407,C0480,46546.14,UPI,success,none,0,0,48,16,10,0.62,0,0,0,none,1,46546.14
TX05408,C0224,1459.81,UPI,abandoned,checkout_dropoff,2,1,552,12,9,0.75,0,0,1,payment_link,0,0.0
TX05409,C1050,16077.17,WALLET,success,none,0,0,227,6,1,0.17,0,0,0,none,1,16077.17
TX05410,C1244,37204.75,NETBANKING,success,none,0,0,95,7,5,0.71,0,0,0,none,1,37204.75
TX05411,C1832,20220.91,CARD,success,none,0,0,63,8,8,1.0,0,0,0,none,1,20220.91
TX05412,C1298,21810.8,NETBANKING,success,none,0,0,52,16,0,0.0,1,3,0,none,1,21810.8
TX05413,C1784,29967.32,UPI,success,none,0,0,451,7,6,0.86,0,0,0,none,1,29967.32
TX05414,C0261,40429.89,WALLET,success,none,0,0,524,4,0,0.0,1,7,0,none,1,40429.89
TX05415,C0102,34404.43,CARD,failed,bank_error,0,0,292,11,2,0.18,1,15,2,payment_link,0,0.0
TX05416,C2468,37934.0,WALLET,success,none,0,0,600,8,0,0.0,0,0,0,none,1,37934.0
TX05417,C2264,14487.51,NETBANKING,success,none,0,0,524,12,0,0.0,1,0,0,none,1,14487.51
TX05418,C0214,28069.73,CARD,failed,timeout,0,0,163,14,0,0.0,1,3,2,retry_payment,1,28069.73
TX05419,C2164,28449.41,NETBANKING,success,none,0,0,574,3,2,0.67,1,30,0,none,1,28449.41
TX05420,C2434,43719.69,WALLET,success,none,0,0,325,15,2,0.13,0,0,0,none,1,43719.69
TX05421,C2047,32145.03,UPI,failed,insufficient_funds,2,0,532,15,9,0.6,1,0,0,send_reminder,1,32145.03
TX05422,C0922,1566.95,UPI,failed,technical_error,0,0,326,9,6,0.67,0,0,0,payment_link,1,1566.95
TX05423,C0568,42034.66,CARD,abandoned,checkout_dropoff,0,1,437,13,10,0.77,1,15,1,send_reminder,0,0.0
TX05424,C0120,49228.66,UPI,failed,insufficient_funds,2,0,478,14,5,0.36,1,1,1,send_reminder,0,0.0
TX05425,C2347,35037.35,CARD,success,none,0,0,325,16,8,0.5,0,0,0,none,1,35037.35
TX05426,C1891,7767.84,UPI,failed,insufficient_funds,1,0,94,19,12,0.63,0,0,0,send_reminder,0,0.0
TX05427,C0566,22887.34,NETBANKING,success,none,0,0,325,6,2,0.33,0,0,0,none,1,22887.34
TX05428,C0690,4216.85,UPI,failed,timeout,0,0,143,14,10,0.71,1,7,1,retry_payment,1,4216.85
TX05429,C1844,9768.89,UPI,failed,bank_error,0,0,560,8,1,0.12,1,0,1,payment_link,1,9768.89
TX05430,C2188,46084.23,UPI,success,none,0,0,405,7,3,0.43,0,0,0,none,1,46084.23
TX05431,C2110,22260.15,CARD,failed,technical_error,2,0,423,18,12,0.67,1,7,2,payment_link,1,22260.15
TX05432,C1367,46024.13,UPI,success,none,0,0,378,18,18,1.0,1,15,0,none,1,46024.13
TX05433,C0882,27314.89,NETBANKING,success,none,0,0,391,2,0,0.0,1,0,0,none,1,27314.89
TX05434,C2227,49376.32,NETBANKING,success,none,0,0,119,18,1,0.06,1,0,0,none,1,49376.32
TX05435,C1122,31037.31,UPI,failed,timeout,4,0,127,12,10,0.83,0,0,1,retry_payment,0,0.0
TX05436,C1111,21498.76,UPI,failed,timeout,2,0,268,4,3,0.75,0,0,0,retry_payment,0,0.0
TX05437,C0016,43410.33,WALLET,abandoned,checkout_dropoff,3,1,154,13,6,0.46,1,1,1,send_reminder,1,43410.33
TX05438,C1363,11900.21,WALLET,success,none,0,0,518,14,6,0.43,1,1,0,none,1,11900.21
TX05439,C1443,30990.53,UPI,success,none,0,0,244,9,4,0.44,0,0,0,none,1,30990.53
TX05440,C0955,44724.41,UPI,failed,bank_error,1,0,400,14,4,0.29,1,1,2,payment_link,1,44724.41
TX05441,C1606,5015.36,WALLET,failed,timeout,4,0,249,13,3,0.23,1,1,0,retry_payment,0,0.0
TX05442,C1533,37642.97,CARD,success,none,0,0,379,3,1,0.33,0,0,0,none,1,37642.97
TX05443,C0807,17406.29,UPI,failed,technical_error,0,0,177,16,16,1.0,1,0,1,payment_link,1,17406.29
TX05444,C2367,39478.22,WALLET,success,none,0,0,189,8,1,0.12,1,7,0,none,1,39478.22
TX05445,C0312,30585.46,WALLET,success,none,0,0,184,12,8,0.67,1,3,0,none,1,30585.46
TX05446,C2141,49460.1,NETBANKING,failed,network_error,1,0,331,16,9,0.56,0,0,1,retry_payment,1,49460.1
TX05447,C1831,13838.69,WALLET,success,none,0,0,498,5,4,0.8,1,0,0,none,1,13838.69
TX05448,C1996,17491.2,NETBANKING,success,none,0,0,595,2,1,0.5,0,0,0,none,1,17491.2
TX05449,C2076,44930.9,NETBANKING,success,none,0,0,346,4,0,0.0,0,0,0,none,1,44930.9
TX05450,C2447,15949.61,NETBANKING,success,none,0,0,139,10,1,0.1,1,15,0,none,1,15949.61
TX05451,C2105,47917.86,CARD,success,none,0,0,267,1,0,0.0,1,7,0,none,1,47917.86
TX05452,C0357,33607.93,UPI,failed,technical_error,2,0,130,10,4,0.4,1,0,2,payment_link,1,33607.93
TX05453,C1432,42188.79,UPI,success,none,0,0,378,13,9,0.69,0,0,0,none,1,42188.79
TX05454,C1131,21881.92,UPI,success,none,0,0,315,3,2,0.67,1,0,0,none,1,21881.92
TX05455,C1947,21387.87,NETBANKING,success,none,0,0,100,7,4,0.57,0,0,0,none,1,21387.87
TX05456,C2013,25440.05,UPI,success,none,0,0,508,4,4,1.0,1,0,0,none,1,25440.05
TX05457,C0419,32917.96,NETBANKING,abandoned,checkout_dropoff,0,1,329,19,11,0.58,0,0,2,send_reminder,0,0.0
TX05458,C1472,16479.21,CARD,success,none,0,0,227,13,8,0.62,0,0,0,none,1,16479.21
TX05459,C1913,8907.0,WALLET,success,none,0,0,89,17,1,0.06,1,0,0,none,1,8907.0
TX05460,C2132,26025.28,UPI,success,none,0,0,563,10,8,0.8,0,0,0,none,1,26025.28
TX05461,C1919,35733.22,CARD,failed,network_error,4,0,42,15,0,0.0,1,3,1,retry_payment,0,0.0
TX05462,C1129,12686.91,UPI,success,none,0,0,17,13,10,0.77,0,0,0,none,1,12686.91
TX05463,C1072,18009.36,UPI,failed,timeout,0,0,533,3,3,1.0,0,0,0,retry_payment,1,18009.36
TX05464,C0727,24750.44,WALLET,success,none,0,0,152,15,5,0.33,0,0,0,none,1,24750.44
TX05465,C0847,39151.97,CARD,failed,timeout,2,0,70,9,3,0.33,0,0,2,retry_payment,0,0.0
TX05466,C1581,44552.15,NETBANKING,success,none,0,0,276,15,7,0.47,1,0,0,none,1,44552.15
TX05467,C0577,8382.4,NETBANKING,success,none,0,0,220,2,1,0.5,0,0,0,none,1,8382.4
TX05468,C2308,23518.25,CARD,failed,insufficient_funds,0,0,209,12,12,1.0,1,0,2,send_reminder,1,23518.25
TX05469,C1556,41233.64,UPI,success,none,0,0,479,6,3,0.5,1,15,0,none,1,41233.64
TX05470,C1288,4667.78,CARD,success,none,0,0,406,10,1,0.1,0,0,0,none,1,4667.78
TX05471,C2491,30823.46,UPI,failed,technical_error,2,0,439,10,0,0.0,0,0,1,payment_link,0,0.0
TX05472,C0710,21515.28,UPI,success,none,0,0,562,19,5,0.26,0,0,0,none,1,21515.28
TX05473,C0776,26128.3,CARD,success,none,0,0,483,20,19,0.95,0,0,0,none,1,26128.3
TX05474,C2203,32384.6,NETBANKING,abandoned,checkout_dropoff,2,1,386,18,18,1.0,0,0,2,payment_link,1,32384.6
TX05475,C1977,14080.78,WALLET,success,none,0,0,287,20,14,0.7,1,0,0,none,1,14080.78
TX05476,C1501,15871.29,CARD,success,none,0,0,535,20,10,0.5,1,0,0,none,1,15871.29
TX05477,C0771,21522.26,WALLET,success,none,0,0,474,2,0,0.0,0,0,0,none,1,21522.26
TX05478,C0014,4098.19,CARD,success,none,0,0,261,8,8,1.0,1,0,0,none,1,4098.19
TX05479,C0862,32122.07,NETBANKING,success,none,0,0,318,10,8,0.8,0,0,0,none,1,32122.07
TX05480,C1376,14568.42,NETBANKING,failed,technical_error,2,0,587,17,16,0.94,0,0,2,payment_link,1,14568.42
TX05481,C0821,28184.0,CARD,success,none,0,0,390,10,3,0.3,0,0,0,none,1,28184.0
TX05482,C0788,46924.06,CARD,abandoned,checkout_dropoff,2,1,187,3,2,0.67,0,0,1,send_reminder,1,46924.06
TX05483,C1556,21114.85,UPI,abandoned,checkout_dropoff,3,1,555,19,18,0.95,0,0,1,send_reminder,1,21114.85
TX05484,C1949,39019.96,WALLET,failed,network_error,4,0,57,3,0,0.0,0,0,0,retry_payment,0,0.0
TX05485,C0665,9139.63,UPI,failed,bank_error,4,0,356,12,1,0.08,0,0,1,payment_link,1,9139.63
TX05486,C2443,25698.82,CARD,success,none,0,0,578,12,4,0.33,0,0,0,none,1,25698.82
TX05487,C1073,48813.76,CARD,success,none,0,0,246,5,3,0.6,0,0,0,none,1,48813.76
TX05488,C0467,14889.62,NETBANKING,success,none,0,0,496,4,2,0.5,0,0,0,none,1,14889.62
TX05489,C1093,16228.0,WALLET,success,none,0,0,461,16,16,1.0,0,0,0,none,1,16228.0
TX05490,C0322,34013.9,NETBANKING,failed,network_error,1,0,192,14,8,0.57,1,0,2,retry_payment,0,0.0
TX05491,C1611,9670.66,NETBANKING,failed,technical_error,4,0,51,7,3,0.43,1,7,0,payment_link,0,0.0
TX05492,C0355,1947.86,NETBANKING,success,none,0,0,591,15,7,0.47,0,0,0,none,1,1947.86
TX05493,C0821,35219.55,UPI,success,none,0,0,358,11,2,0.18,1,30,0,none,1,35219.55
TX05494,C2291,36533.08,WALLET,success,none,0,0,175,13,0,0.0,0,0,0,none,1,36533.08
TX05495,C0882,16620.66,NETBANKING,success,none,0,0,248,1,1,1.0,0,0,0,none,1,16620.66
TX05496,C2457,36268.09,UPI,success,none,0,0,584,14,7,0.5,1,1,0,none,1,36268.09
TX05497,C2486,28397.28,UPI,abandoned,checkout_dropoff,0,1,591,10,8,0.8,1,0,2,payment_link,1,28397.28
TX05498,C0342,30011.52,UPI,success,none,0,0,306,3,2,0.67,1,0,0,none,1,30011.52
TX05499,C1339,26081.67,WALLET,abandoned,checkout_dropoff,3,1,225,11,3,0.27,0,0,0,payment_link,0,0.0
TX05500,C0535,25333.77,WALLET,success,none,0,0,454,17,13,0.76,1,7,0,none,1,25333.77
TX05501,C1101,10784.02,UPI,success,none,0,0,78,2,2,1.0,1,0,0,none,1,10784.02
TX05502,C0346,15373.89,NETBANKING,failed,bank_error,4,0,422,12,10,0.83,1,3,1,payment_link,1,15373.89
TX05503,C1449,22059.58,UPI,failed,bank_error,0,0,157,15,10,0.67,1,0,2,payment_link,0,0.0
TX05504,C2369,38213.6,WALLET,success,none,0,0,203,11,8,0.73,1,0,0,none,1,38213.6
TX05505,C0660,9579.36,NETBANKING,success,none,0,0,351,6,5,0.83,0,0,0,none,1,9579.36
TX05506,C0692,17411.7,WALLET,success,none,0,0,152,1,0,0.0,0,0,0,none,1,17411.7
TX05507,C1117,2578.01,UPI,success,none,0,0,319,4,2,0.5,0,0,0,none,1,2578.01
TX05508,C1468,39420.39,NETBANKING,success,none,0,0,91,8,4,0.5,1,1,0,none,1,39420.39
TX05509,C0662,48519.75,WALLET,abandoned,checkout_dropoff,3,1,270,3,1,0.33,0,0,0,send_reminder,1,48519.75
TX05510,C1312,34666.06,CARD,failed,bank_error,2,0,358,7,6,0.86,0,0,0,payment_link,0,0.0
TX05511,C1039,1503.14,UPI,success,none,0,0,293,5,2,0.4,0,0,0,none,1,1503.14
TX05512,C2340,35024.87,WALLET,success,none,0,0,355,6,3,0.5,1,1,0,none,1,35024.87
TX05513,C0725,1154.21,UPI,success,none,0,0,572,4,1,0.25,0,0,0,none,1,1154.21
TX05514,C1257,39210.55,WALLET,success,none,0,0,275,6,6,1.0,0,0,0,none,1,39210.55
TX05515,C2480,40249.34,UPI,success,none,0,0,489,19,0,0.0,1,3,0,none,1,40249.34
TX05516,C1467,43365.85,UPI,failed,insufficient_funds,4,0,89,3,3,1.0,1,1,1,send_reminder,1,43365.85
TX05517,C0225,6936.7,NETBANKING,failed,bank_error,3,0,495,1,1,1.0,0,0,2,payment_link,1,6936.7
TX05518,C0966,23492.04,WALLET,abandoned,checkout_dropoff,4,1,481,6,6,1.0,1,0,0,payment_link,1,23492.04
TX05519,C0471,16301.87,CARD,success,none,0,0,17,7,2,0.29,1,30,0,none,1,16301.87
TX05520,C2357,45653.87,WALLET,success,none,0,0,267,3,1,0.33,0,0,0,none,1,45653.87
TX05521,C0287,46163.9,NETBANKING,success,none,0,0,434,17,7,0.41,1,30,0,none,1,46163.9
TX05522,C1234,8062.59,WALLET,failed,bank_error,0,0,386,10,3,0.3,0,0,2,payment_link,0,0.0
TX05523,C0121,49841.07,NETBANKING,failed,network_error,1,0,87,12,6,0.5,1,0,1,retry_payment,0,0.0
TX05524,C1770,24907.74,CARD,success,none,0,0,438,7,5,0.71,0,0,0,none,1,24907.74
TX05525,C1235,16376.1,CARD,success,none,0,0,148,7,2,0.29,1,3,0,none,1,16376.1
TX05526,C1265,25673.43,NETBANKING,failed,timeout,3,0,591,7,4,0.57,1,0,1,retry_payment,0,0.0
TX05527,C1869,15901.15,CARD,abandoned,checkout_dropoff,1,1,364,6,0,0.0,1,0,1,send_reminder,1,15901.15
TX05528,C1182,4599.06,CARD,abandoned,checkout_dropoff,0,1,341,9,0,0.0,0,0,1,send_reminder,1,4599.06
TX05529,C2061,10377.73,WALLET,failed,network_error,0,0,419,7,2,0.29,1,1,2,retry_payment,0,0.0
TX05530,C1104,28641.94,NETBANKING,success,none,0,0,26,12,2,0.17,1,30,0,none,1,28641.94
TX05531,C1626,10210.13,WALLET,abandoned,checkout_dropoff,1,1,485,5,5,1.0,0,0,1,payment_link,0,0.0
TX05532,C1072,34273.76,NETBANKING,success,none,0,0,508,14,8,0.57,1,1,0,none,1,34273.76
TX05533,C1776,24042.51,NETBANKING,success,none,0,0,200,13,9,0.69,1,3,0,none,1,24042.51
TX05534,C0020,44637.41,UPI,failed,bank_error,1,0,145,16,4,0.25,0,0,0,payment_link,0,0.0
TX05535,C0701,32120.88,WALLET,failed,technical_error,0,0,590,13,1,0.08,1,15,0,payment_link,1,32120.88
TX05536,C2213,17721.36,NETBANKING,failed,insufficient_funds,3,0,136,14,11,0.79,0,0,2,send_reminder,0,0.0
TX05537,C1160,29241.41,NETBANKING,abandoned,checkout_dropoff,1,1,417,1,1,1.0,0,0,1,payment_link,0,0.0
TX05538,C2320,15806.59,WALLET,success,none,0,0,96,1,1,1.0,1,0,0,none,1,15806.59
TX05539,C1510,30827.65,CARD,success,none,0,0,355,15,1,0.07,1,7,0,none,1,30827.65
TX05540,C0178,21293.29,UPI,success,none,0,0,237,10,7,0.7,0,0,0,none,1,21293.29
TX05541,C0321,9363.67,CARD,success,none,0,0,35,5,1,0.2,1,1,0,none,1,9363.67
TX05542,C1354,35171.1,UPI,failed,bank_error,4,0,167,2,1,0.5,0,0,0,payment_link,1,35171.1
TX05543,C0839,12277.65,CARD,success,none,0,0,600,18,11,0.61,0,0,0,none,1,12277.65
TX05544,C0433,34997.25,CARD,success,none,0,0,519,16,7,0.44,1,1,0,none,1,34997.25
TX05545,C1799,27654.48,WALLET,success,none,0,0,458,18,5,0.28,0,0,0,none,1,27654.48
TX05546,C1604,582.92,NETBANKING,success,none,0,0,402,14,5,0.36,0,0,0,none,1,582.92
TX05547,C1248,12935.46,NETBANKING,failed,technical_error,2,0,480,9,3,0.33,0,0,0,payment_link,0,0.0
TX05548,C0096,19229.78,UPI,success,none,0,0,580,10,9,0.9,0,0,0,none,1,19229.78
TX05549,C2407,25385.78,WALLET,success,none,0,0,187,19,16,0.84,0,0,0,none,1,25385.78
TX05550,C0258,10582.61,UPI,success,none,0,0,253,7,1,0.14,1,15,0,none,1,10582.61
TX05551,C2373,35331.7,UPI,failed,network_error,3,0,430,8,3,0.38,0,0,2,retry_payment,0,0.0
TX05552,C1383,49786.21,WALLET,failed,insufficient_funds,4,0,357,2,1,0.5,1,0,1,send_reminder,0,0.0
TX05553,C0397,41323.93,CARD,success,none,0,0,16,5,5,1.0,1,30,0,none,1,41323.93
TX05554,C1081,38156.92,UPI,failed,technical_error,0,0,396,19,6,0.32,1,7,0,payment_link,1,38156.92
TX05555,C2129,37100.66,NETBANKING,abandoned,checkout_dropoff,0,1,448,8,2,0.25,0,0,0,payment_link,1,37100.66
TX05556,C1312,24242.36,NETBANKING,success,none,0,0,258,16,13,0.81,0,0,0,none,1,24242.36
TX05557,C0718,20836.92,NETBANKING,success,none,0,0,135,11,2,0.18,1,30,0,none,1,20836.92
TX05558,C2188,10674.67,NETBANKING,success,none,0,0,451,8,5,0.62,1,1,0,none,1,10674.67
TX05559,C0486,20686.1,NETBANKING,failed,technical_error,4,0,291,16,3,0.19,0,0,2,payment_link,1,20686.1
TX05560,C0241,39656.71,UPI,failed,bank_error,4,0,113,11,8,0.73,1,3,2,payment_link,0,0.0
TX05561,C1506,26377.45,UPI,failed,network_error,0,0,302,13,0,0.0,0,0,2,retry_payment,1,26377.45
TX05562,C1519,12649.14,NETBANKING,success,none,0,0,416,17,5,0.29,0,0,0,none,1,12649.14
TX05563,C0399,39272.64,UPI,success,none,0,0,153,8,5,0.62,1,0,0,none,1,39272.64
TX05564,C0335,20075.64,WALLET,success,none,0,0,156,15,3,0.2,1,1,0,none,1,20075.64
TX05565,C0738,23265.55,NETBANKING,failed,timeout,3,0,101,18,2,0.11,0,0,2,retry_payment,0,0.0
TX05566,C0941,15497.15,WALLET,failed,insufficient_funds,0,0,22,9,7,0.78,0,0,2,send_reminder,0,0.0
TX05567,C2273,1725.53,CARD,abandoned,checkout_dropoff,1,1,126,3,2,0.67,0,0,0,send_reminder,0,0.0
TX05568,C1233,36950.67,UPI,success,none,0,0,312,10,6,0.6,1,1,0,none,1,36950.67
TX05569,C2412,14974.27,NETBANKING,success,none,0,0,236,10,9,0.9,0,0,0,none,1,14974.27
TX05570,C0088,46503.42,WALLET,success,none,0,0,241,8,4,0.5,1,0,0,none,1,46503.42
TX05571,C1059,5378.83,NETBANKING,success,none,0,0,98,7,0,0.0,0,0,0,none,1,5378.83
TX05572,C0108,22276.04,WALLET,failed,network_error,3,0,14,13,11,0.85,0,0,1,retry_payment,0,0.0
TX05573,C1647,27906.66,NETBANKING,failed,insufficient_funds,4,0,148,1,1,1.0,0,0,2,send_reminder,0,0.0
TX05574,C0291,25692.06,WALLET,success,none,0,0,153,8,4,0.5,1,15,0,none,1,25692.06
TX05575,C0229,16463.1,WALLET,success,none,0,0,326,16,14,0.88,0,0,0,none,1,16463.1
TX05576,C0340,39585.86,WALLET,failed,technical_error,1,0,36,19,2,0.11,1,0,1,payment_link,0,0.0
TX05577,C2393,33916.03,NETBANKING,abandoned,checkout_dropoff,3,1,171,7,1,0.14,0,0,2,payment_link,0,0.0
TX05578,C1599,21289.21,WALLET,success,none,0,0,458,5,0,0.0,1,7,0,none,1,21289.21
TX05579,C2360,10929.99,NETBANKING,success,none,0,0,266,2,1,0.5,1,0,0,none,1,10929.99
TX05580,C1500,34753.07,UPI,failed,bank_error,3,0,335,13,5,0.38,1,15,0,payment_link,0,0.0
TX05581,C1755,15913.26,WALLET,success,none,0,0,107,11,7,0.64,0,0,0,none,1,15913.26
TX05582,C0341,41144.56,CARD,success,none,0,0,516,1,0,0.0,0,0,0,none,1,41144.56
TX05583,C1383,31375.01,CARD,failed,timeout,3,0,512,19,5,0.26,1,0,2,retry_payment,0,0.0
TX05584,C1389,7034.94,WALLET,success,none,0,0,367,1,0,0.0,0,0,0,none,1,7034.94
TX05585,C1423,43613.32,NETBANKING,success,none,0,0,538,14,1,0.07,1,3,0,none,1,43613.32
TX05586,C2116,37073.34,CARD,failed,insufficient_funds,1,0,296,5,1,0.2,1,1,0,send_reminder,1,37073.34
TX05587,C0014,3414.48,CARD,success,none,0,0,567,19,6,0.32,0,0,0,none,1,3414.48
TX05588,C2315,881.79,UPI,success,none,0,0,511,14,5,0.36,1,7,0,none,1,881.79
TX05589,C2324,33137.23,UPI,success,none,0,0,321,2,1,0.5,1,0,0,none,1,33137.23
TX05590,C0002,7573.18,NETBANKING,success,none,0,0,510,2,2,1.0,0,0,0,none,1,7573.18
TX05591,C1331,30607.13,CARD,failed,technical_error,4,0,587,1,1,1.0,1,0,0,payment_link,1,30607.13
TX05592,C2437,38182.47,UPI,success,none,0,0,207,17,13,0.76,1,1,0,none,1,38182.47
TX05593,C2216,9546.75,CARD,success,none,0,0,434,3,3,1.0,0,0,0,none,1,9546.75
TX05594,C1593,47688.34,WALLET,failed,technical_error,3,0,335,6,4,0.67,1,3,2,payment_link,0,0.0
TX05595,C1226,46681.79,CARD,failed,timeout,0,0,376,9,8,0.89,1,15,0,retry_payment,1,46681.79
TX05596,C1085,4995.2,CARD,success,none,0,0,177,15,15,1.0,0,0,0,none,1,4995.2
TX05597,C1482,2100.99,WALLET,success,none,0,0,356,2,1,0.5,1,0,0,none,1,2100.99
TX05598,C1210,42161.21,UPI,success,none,0,0,559,18,12,0.67,1,1,0,none,1,42161.21
TX05599,C2424,35838.25,UPI,success,none,0,0,597,4,4,1.0,0,0,0,none,1,35838.25
TX05600,C2153,23172.79,WALLET,abandoned,checkout_dropoff,0,1,315,6,0,0.0,0,0,2,payment_link,1,23172.79
TX05601,C2204,42951.47,CARD,success,none,0,0,188,18,2,0.11,1,0,0,none,1,42951.47
TX05602,C1600,9009.56,WALLET,success,none,0,0,210,12,7,0.58,0,0,0,none,1,9009.56
TX05603,C0884,20645.4,CARD,success,none,0,0,242,8,0,0.0,0,0,0,none,1,20645.4
TX05604,C0991,15429.28,NETBANKING,success,none,0,0,522,10,3,0.3,0,0,0,none,1,15429.28
TX05605,C0258,48831.46,UPI,failed,timeout,2,0,313,20,12,0.6,1,0,1,retry_payment,0,0.0
TX05606,C0771,3050.46,WALLET,success,none,0,0,13,19,19,1.0,0,0,0,none,1,3050.46
TX05607,C2340,30619.62,NETBANKING,success,none,0,0,439,3,3,1.0,0,0,0,none,1,30619.62
TX05608,C2445,28798.58,UPI,success,none,0,0,50,7,5,0.71,1,3,0,none,1,28798.58
TX05609,C0668,16061.97,WALLET,success,none,0,0,68,20,1,0.05,0,0,0,none,1,16061.97
TX05610,C2158,1486.9,WALLET,failed,timeout,2,0,392,1,0,0.0,0,0,1,retry_payment,0,0.0
TX05611,C1220,13854.27,NETBANKING,success,none,0,0,401,8,0,0.0,1,3,0,none,1,13854.27
TX05612,C0641,24944.31,WALLET,success,none,0,0,201,1,0,0.0,0,0,0,none,1,24944.31
TX05613,C1848,16101.97,CARD,failed,timeout,1,0,587,1,1,1.0,0,0,0,retry_payment,1,16101.97
TX05614,C0930,32175.05,WALLET,failed,network_error,3,0,199,1,0,0.0,0,0,2,retry_payment,0,0.0
TX05615,C1144,26066.79,CARD,failed,bank_error,1,0,486,16,11,0.69,1,0,1,payment_link,1,26066.79
TX05616,C1540,19520.79,NETBANKING,success,none,0,0,200,9,1,0.11,1,1,0,none,1,19520.79
TX05617,C0640,21044.81,UPI,failed,technical_error,2,0,497,10,6,0.6,1,1,1,payment_link,0,0.0
TX05618,C2250,18711.47,NETBANKING,success,none,0,0,193,9,2,0.22,1,1,0,none,1,18711.47
TX05619,C1087,19418.77,CARD,failed,timeout,4,0,381,3,3,1.0,1,0,2,retry_payment,0,0.0
TX05620,C2136,24628.61,CARD,success,none,0,0,98,18,14,0.78,1,1,0,none,1,24628.61
TX05621,C0986,13127.47,UPI,success,none,0,0,583,16,15,0.94,1,0,0,none,1,13127.47
TX05622,C1670,38922.28,WALLET,failed,network_error,0,0,207,3,3,1.0,0,0,2,retry_payment,1,38922.28
TX05623,C1713,48437.92,WALLET,failed,timeout,4,0,401,15,9,0.6,0,0,0,retry_payment,0,0.0
TX05624,C1354,34365.21,UPI,failed,insufficient_funds,3,0,557,10,6,0.6,0,0,0,send_reminder,1,34365.21
TX05625,C1660,10620.25,WALLET,success,none,0,0,554,13,13,1.0,1,7,0,none,1,10620.25
TX05626,C1418,11789.29,CARD,success,none,0,0,83,8,8,1.0,0,0,0,none,1,11789.29
TX05627,C2056,32153.51,WALLET,success,none,0,0,554,14,10,0.71,1,0,0,none,1,32153.51
TX05628,C0443,46052.15,NETBANKING,success,none,0,0,429,2,0,0.0,1,0,0,none,1,46052.15
TX05629,C1434,28420.3,WALLET,success,none,0,0,119,11,5,0.45,0,0,0,none,1,28420.3
TX05630,C0754,19505.37,UPI,failed,insufficient_funds,3,0,393,11,2,0.18,1,3,0,send_reminder,0,0.0
TX05631,C1300,5914.28,CARD,success,none,0,0,194,6,6,1.0,1,3,0,none,1,5914.28
TX05632,C0339,10872.78,UPI,success,none,0,0,71,5,0,0.0,1,1,0,none,1,10872.78
TX05633,C0211,1787.36,NETBANKING,success,none,0,0,332,11,5,0.45,1,3,0,none,1,1787.36
TX05634,C1011,14647.63,CARD,success,none,0,0,194,8,1,0.12,0,0,0,none,1,14647.63
TX05635,C0522,49713.65,UPI,success,none,0,0,256,14,6,0.43,1,1,0,none,1,49713.65
TX05636,C1020,18044.71,UPI,success,none,0,0,409,20,16,0.8,1,0,0,none,1,18044.71
TX05637,C2366,49028.71,WALLET,failed,timeout,2,0,352,14,2,0.14,1,0,2,retry_payment,0,0.0
TX05638,C0777,23418.75,CARD,success,none,0,0,316,13,13,1.0,1,0,0,none,1,23418.75
TX05639,C2220,48876.99,UPI,success,none,0,0,398,13,13,1.0,0,0,0,none,1,48876.99
TX05640,C2350,14986.43,CARD,abandoned,checkout_dropoff,3,1,160,14,4,0.29,1,3,2,send_reminder,0,0.0
TX05641,C2320,29594.67,WALLET,success,none,0,0,284,9,4,0.44,1,15,0,none,1,29594.67
TX05642,C0994,4288.92,NETBANKING,failed,network_error,4,0,186,15,9,0.6,0,0,2,retry_payment,0,0.0
TX05643,C2323,41395.09,UPI,failed,bank_error,1,0,48,6,6,1.0,0,0,0,payment_link,1,41395.09
TX05644,C0568,32342.37,NETBANKING,success,none,0,0,402,17,8,0.47,0,0,0,none,1,32342.37
TX05645,C1330,14674.64,UPI,failed,insufficient_funds,1,0,245,16,0,0.0,0,0,1,send_reminder,0,0.0
TX05646,C2041,23910.05,UPI,success,none,0,0,57,7,2,0.29,0,0,0,none,1,23910.05
TX05647,C1766,1523.88,CARD,success,none,0,0,485,17,9,0.53,0,0,0,none,1,1523.88
TX05648,C0659,21422.53,NETBANKING,failed,insufficient_funds,3,0,288,8,1,0.12,0,0,0,send_reminder,0,0.0
TX05649,C0575,11069.82,CARD,success,none,0,0,372,9,3,0.33,1,3,0,none,1,11069.82
TX05650,C1971,11958.79,NETBANKING,success,none,0,0,560,6,0,0.0,1,15,0,none,1,11958.79
TX05651,C1138,38150.23,WALLET,success,none,0,0,151,9,3,0.33,0,0,0,none,1,38150.23
TX05652,C0558,34081.44,UPI,success,none,0,0,384,17,16,0.94,0,0,0,none,1,34081.44
TX05653,C0690,34528.21,UPI,success,none,0,0,132,9,1,0.11,0,0,0,none,1,34528.21
TX05654,C1352,23474.93,WALLET,success,none,0,0,69,15,15,1.0,0,0,0,none,1,23474.93
TX05655,C1230,12832.16,NETBANKING,success,none,0,0,490,11,10,0.91,1,0,0,none,1,12832.16
TX05656,C0945,42014.52,NETBANKING,failed,technical_error,4,0,508,7,1,0.14,0,0,0,payment_link,1,42014.52
TX05657,C1586,40255.47,NETBANKING,success,none,0,0,449,8,4,0.5,1,1,0,none,1,40255.47
TX05658,C1521,25774.75,UPI,failed,timeout,0,0,206,12,8,0.67,1,1,1,retry_payment,1,25774.75
TX05659,C0780,34126.82,WALLET,success,none,0,0,201,16,2,0.12,0,0,0,none,1,34126.82
TX05660,C1593,15423.64,UPI,failed,bank_error,1,0,572,15,5,0.33,0,0,1,payment_link,0,0.0
TX05661,C1697,46701.82,NETBANKING,success,none,0,0,515,2,1,0.5,1,1,0,none,1,46701.82
TX05662,C0011,36461.79,UPI,success,none,0,0,424,9,3,0.33,0,0,0,none,1,36461.79
TX05663,C1416,20819.57,CARD,success,none,0,0,37,6,0,0.0,0,0,0,none,1,20819.57
TX05664,C0495,44157.0,WALLET,success,none,0,0,55,1,0,0.0,0,0,0,none,1,44157.0
TX05665,C0733,6565.86,UPI,success,none,0,0,144,6,0,0.0,0,0,0,none,1,6565.86
TX05666,C2359,35981.47,WALLET,abandoned,checkout_dropoff,0,1,551,19,16,0.84,0,0,0,send_reminder,1,35981.47
TX05667,C1831,6003.5,UPI,failed,insufficient_funds,3,0,559,6,2,0.33,1,7,2,send_reminder,0,0.0
TX05668,C0409,38494.58,WALLET,success,none,0,0,55,13,6,0.46,1,0,0,none,1,38494.58
TX05669,C1651,25841.88,NETBANKING,success,none,0,0,449,2,0,0.0,1,30,0,none,1,25841.88
TX05670,C0807,6231.74,UPI,success,none,0,0,366,2,0,0.0,1,15,0,none,1,6231.74
TX05671,C1394,977.38,CARD,success,none,0,0,484,2,2,1.0,1,0,0,none,1,977.38
TX05672,C1128,45761.4,WALLET,success,none,0,0,273,11,6,0.55,1,0,0,none,1,45761.4
TX05673,C1703,19069.06,WALLET,failed,insufficient_funds,3,0,132,9,2,0.22,1,0,0,send_reminder,1,19069.06
TX05674,C0450,10744.03,WALLET,success,none,0,0,468,17,8,0.47,1,3,0,none,1,10744.03
TX05675,C0071,37944.72,CARD,success,none,0,0,192,7,2,0.29,0,0,0,none,1,37944.72
TX05676,C1332,42384.62,CARD,success,none,0,0,447,6,5,0.83,0,0,0,none,1,42384.62
TX05677,C0857,36089.77,NETBANKING,success,none,0,0,128,11,4,0.36,0,0,0,none,1,36089.77
TX05678,C1929,24791.82,NETBANKING,success,none,0,0,441,14,1,0.07,0,0,0,none,1,24791.82
TX05679,C0207,1979.83,NETBANKING,success,none,0,0,135,17,12,0.71,0,0,0,none,1,1979.83
TX05680,C1099,25078.97,CARD,success,none,0,0,221,10,8,0.8,0,0,0,none,1,25078.97
TX05681,C1169,2993.4,WALLET,abandoned,checkout_dropoff,3,1,240,3,2,0.67,1,1,2,payment_link,1,2993.4
TX05682,C1970,18652.75,NETBANKING,success,none,0,0,110,7,1,0.14,0,0,0,none,1,18652.75
TX05683,C2260,6963.46,CARD,success,none,0,0,560,9,4,0.44,1,0,0,none,1,6963.46
TX05684,C1310,1023.11,CARD,success,none,0,0,99,8,8,1.0,1,3,0,none,1,1023.11
TX05685,C1222,42660.09,NETBANKING,success,none,0,0,241,6,3,0.5,1,30,0,none,1,42660.09
TX05686,C1858,2487.53,WALLET,failed,technical_error,1,0,244,16,1,0.06,0,0,1,payment_link,1,2487.53
TX05687,C0789,20201.14,NETBANKING,success,none,0,0,588,16,2,0.12,0,0,0,none,1,20201.14
TX05688,C1938,28964.66,UPI,success,none,0,0,556,5,3,0.6,0,0,0,none,1,28964.66
TX05689,C1969,23500.31,WALLET,failed,timeout,4,0,10,14,11,0.79,0,0,1,retry_payment,0,0.0
TX05690,C0475,25370.65,WALLET,success,none,0,0,378,13,6,0.46,0,0,0,none,1,25370.65
TX05691,C0348,41029.0,CARD,success,none,0,0,142,3,0,0.0,1,0,0,none,1,41029.0
TX05692,C1765,15350.21,NETBANKING,success,none,0,0,253,1,1,1.0,1,0,0,none,1,15350.21
TX05693,C0812,34615.22,CARD,success,none,0,0,278,19,4,0.21,1,30,0,none,1,34615.22
TX05694,C0387,25897.23,WALLET,success,none,0,0,496,11,10,0.91,1,1,0,none,1,25897.23
TX05695,C0893,12666.9,NETBANKING,failed,timeout,3,0,296,6,1,0.17,0,0,1,retry_payment,0,0.0
TX05696,C2326,44564.99,CARD,success,none,0,0,361,17,7,0.41,0,0,0,none,1,44564.99
TX05697,C0045,10067.88,NETBANKING,success,none,0,0,575,15,11,0.73,1,1,0,none,1,10067.88
TX05698,C1007,12847.22,NETBANKING,success,none,0,0,50,17,16,0.94,1,7,0,none,1,12847.22
TX05699,C1189,49054.4,CARD,abandoned,checkout_dropoff,4,1,200,15,5,0.33,1,7,0,send_reminder,0,0.0
TX05700,C1182,2544.74,CARD,success,none,0,0,523,3,0,0.0,1,3,0,none,1,2544.74
TX05701,C0353,44950.47,WALLET,success,none,0,0,106,4,0,0.0,0,0,0,none,1,44950.47
TX05702,C1166,2364.3,UPI,abandoned,checkout_dropoff,3,1,234,14,1,0.07,1,0,1,send_reminder,0,0.0
TX05703,C0433,23791.52,UPI,success,none,0,0,551,1,0,0.0,0,0,0,none,1,23791.52
TX05704,C0116,37632.95,UPI,success,none,0,0,70,6,5,0.83,0,0,0,none,1,37632.95
TX05705,C1132,41262.7,UPI,success,none,0,0,18,3,0,0.0,0,0,0,none,1,41262.7
TX05706,C2338,8250.91,NETBANKING,failed,timeout,0,0,163,15,15,1.0,0,0,0,retry_payment,1,8250.91
TX05707,C1837,35591.85,NETBANKING,success,none,0,0,87,17,9,0.53,1,1,0,none,1,35591.85
TX05708,C0405,18790.53,CARD,success,none,0,0,416,11,9,0.82,1,0,0,none,1,18790.53
TX05709,C0183,46537.61,UPI,success,none,0,0,482,4,4,1.0,0,0,0,none,1,46537.61
TX05710,C2495,37743.21,CARD,success,none,0,0,544,5,5,1.0,1,0,0,none,1,37743.21
TX05711,C0497,28414.87,WALLET,success,none,0,0,82,5,3,0.6,1,0,0,none,1,28414.87
TX05712,C2377,6085.35,CARD,failed,technical_error,3,0,37,17,13,0.76,1,0,1,payment_link,0,0.0
TX05713,C2208,36720.13,NETBANKING,failed,technical_error,3,0,337,20,14,0.7,1,0,2,payment_link,1,36720.13
TX05714,C2077,980.58,WALLET,success,none,0,0,431,17,4,0.24,0,0,0,none,1,980.58
TX05715,C1017,39061.03,CARD,failed,bank_error,4,0,254,9,7,0.78,1,3,2,payment_link,0,0.0
TX05716,C0720,21813.38,WALLET,failed,technical_error,0,0,467,8,8,1.0,1,0,2,payment_link,1,21813.38
TX05717,C1473,7939.42,WALLET,abandoned,checkout_dropoff,1,1,148,3,1,0.33,0,0,2,payment_link,0,0.0
TX05718,C1798,34085.87,CARD,failed,timeout,4,0,25,6,5,0.83,0,0,2,retry_payment,0,0.0
TX05719,C1420,16816.68,WALLET,success,none,0,0,233,2,2,1.0,0,0,0,none,1,16816.68
TX05720,C2041,40747.42,UPI,success,none,0,0,80,20,0,0.0,1,0,0,none,1,40747.42
TX05721,C0341,17420.59,NETBANKING,success,none,0,0,323,10,9,0.9,0,0,0,none,1,17420.59
TX05722,C2306,41366.47,NETBANKING,failed,technical_error,0,0,569,10,8,0.8,1,0,1,payment_link,1,41366.47
TX05723,C0649,14798.65,NETBANKING,failed,technical_error,1,0,272,7,6,0.86,1,7,0,payment_link,0,0.0
TX05724,C1027,5397.6,CARD,success,none,0,0,411,15,5,0.33,1,0,0,none,1,5397.6
TX05725,C2486,19095.95,WALLET,success,none,0,0,262,5,0,0.0,1,15,0,none,1,19095.95
TX05726,C1631,21307.54,UPI,success,none,0,0,88,17,14,0.82,0,0,0,none,1,21307.54
TX05727,C1904,5737.77,NETBANKING,failed,timeout,4,0,172,2,1,0.5,0,0,2,retry_payment,0,0.0
TX05728,C2492,27606.0,UPI,success,none,0,0,90,8,1,0.12,1,0,0,none,1,27606.0
TX05729,C0144,9701.93,NETBANKING,success,none,0,0,102,16,7,0.44,1,0,0,none,1,9701.93
TX05730,C1977,44976.56,NETBANKING,abandoned,checkout_dropoff,2,1,427,12,5,0.42,1,0,0,payment_link,0,0.0
TX05731,C1394,18336.02,UPI,success,none,0,0,318,20,2,0.1,1,3,0,none,1,18336.02
TX05732,C1664,9830.6,CARD,success,none,0,0,248,17,13,0.76,1,1,0,none,1,9830.6
TX05733,C1364,1149.99,WALLET,abandoned,checkout_dropoff,2,1,223,11,2,0.18,1,7,2,payment_link,1,1149.99
TX05734,C0359,20778.42,CARD,success,none,0,0,482,1,1,1.0,1,1,0,none,1,20778.42
TX05735,C1966,24375.16,UPI,failed,bank_error,2,0,76,10,5,0.5,0,0,1,payment_link,1,24375.16
TX05736,C2243,46837.87,NETBANKING,failed,network_error,2,0,231,12,0,0.0,0,0,2,retry_payment,0,0.0
TX05737,C1088,9977.48,NETBANKING,failed,network_error,4,0,293,2,1,0.5,0,0,2,retry_payment,0,0.0
TX05738,C0629,30132.29,NETBANKING,success,none,0,0,423,12,1,0.08,0,0,0,none,1,30132.29
TX05739,C0594,45894.66,UPI,success,none,0,0,316,20,20,1.0,0,0,0,none,1,45894.66
TX05740,C0709,21577.27,NETBANKING,abandoned,checkout_dropoff,1,1,538,9,7,0.78,0,0,0,payment_link,1,21577.27
TX05741,C0071,18246.14,UPI,abandoned,checkout_dropoff,1,1,254,19,4,0.21,0,0,2,send_reminder,1,18246.14
TX05742,C0902,6877.96,WALLET,success,none,0,0,132,4,4,1.0,0,0,0,none,1,6877.96
TX05743,C1201,48934.64,UPI,success,none,0,0,226,1,0,0.0,1,0,0,none,1,48934.64
TX05744,C0979,37956.03,UPI,success,none,0,0,184,9,5,0.56,0,0,0,none,1,37956.03
TX05745,C1698,24794.79,UPI,success,none,0,0,419,4,4,1.0,1,0,0,none,1,24794.79
TX05746,C0350,4925.37,CARD,success,none,0,0,162,8,3,0.38,1,1,0,none,1,4925.37
TX05747,C1020,36636.4,NETBANKING,success,none,0,0,392,8,5,0.62,1,0,0,none,1,36636.4
TX05748,C2226,42940.96,CARD,failed,insufficient_funds,0,0,289,1,1,1.0,0,0,1,send_reminder,1,42940.96
TX05749,C2034,4684.87,WALLET,success,none,0,0,554,20,17,0.85,0,0,0,none,1,4684.87
TX05750,C0318,26900.91,CARD,success,none,0,0,405,18,5,0.28,0,0,0,none,1,26900.91
TX05751,C1640,9890.63,CARD,success,none,0,0,14,7,6,0.86,1,1,0,none,1,9890.63
TX05752,C1799,43931.83,CARD,abandoned,checkout_dropoff,1,1,232,5,1,0.2,1,0,2,send_reminder,1,43931.83
TX05753,C0880,19758.61,UPI,success,none,0,0,267,4,2,0.5,1,30,0,none,1,19758.61
TX05754,C2136,38937.18,NETBANKING,success,none,0,0,17,9,4,0.44,1,0,0,none,1,38937.18
TX05755,C0370,22250.49,NETBANKING,success,none,0,0,285,3,0,0.0,1,0,0,none,1,22250.49
TX05756,C1227,33452.88,UPI,success,none,0,0,339,6,6,1.0,1,0,0,none,1,33452.88
TX05757,C2372,12486.81,CARD,success,none,0,0,285,18,7,0.39,1,3,0,none,1,12486.81
TX05758,C0487,28922.51,NETBANKING,success,none,0,0,15,18,14,0.78,1,0,0,none,1,28922.51
TX05759,C1081,24806.18,UPI,failed,technical_error,0,0,448,14,2,0.14,1,7,2,payment_link,1,24806.18
TX05760,C1757,46955.32,CARD,success,none,0,0,209,15,14,0.93,0,0,0,none,1,46955.32
TX05761,C1062,30709.04,NETBANKING,success,none,0,0,497,6,2,0.33,1,1,0,none,1,30709.04
TX05762,C0530,21596.6,NETBANKING,success,none,0,0,541,8,0,0.0,1,7,0,none,1,21596.6
TX05763,C2251,6848.76,UPI,failed,timeout,0,0,530,6,0,0.0,1,1,2,retry_payment,0,0.0
TX05764,C2055,25818.07,CARD,success,none,0,0,46,19,4,0.21,1,0,0,none,1,25818.07
TX05765,C0472,394.81,NETBANKING,failed,bank_error,2,0,275,16,2,0.12,0,0,0,payment_link,1,394.81
TX05766,C2007,43292.94,CARD,success,none,0,0,21,6,2,0.33,0,0,0,none,1,43292.94
TX05767,C0094,969.86,CARD,success,none,0,0,584,5,2,0.4,1,1,0,none,1,969.86
TX05768,C2338,41446.78,CARD,success,none,0,0,266,7,2,0.29,1,7,0,none,1,41446.78
TX05769,C0951,9074.81,CARD,success,none,0,0,574,1,1,1.0,1,1,0,none,1,9074.81
TX05770,C0052,11802.25,UPI,success,none,0,0,365,2,1,0.5,1,0,0,none,1,11802.25
TX05771,C1562,872.46,NETBANKING,failed,bank_error,0,0,564,11,1,0.09,1,0,2,payment_link,1,872.46
TX05772,C2090,20949.03,WALLET,abandoned,checkout_dropoff,0,1,596,19,19,1.0,1,30,0,send_reminder,0,0.0
TX05773,C0422,39006.9,UPI,success,none,0,0,73,8,6,0.75,1,7,0,none,1,39006.9
TX05774,C2052,36088.96,CARD,success,none,0,0,362,20,0,0.0,0,0,0,none,1,36088.96
TX05775,C0598,15941.19,WALLET,success,none,0,0,543,7,4,0.57,0,0,0,none,1,15941.19
TX05776,C0555,49293.72,WALLET,success,none,0,0,446,16,2,0.12,1,0,0,none,1,49293.72
TX05777,C0755,40510.76,NETBANKING,failed,timeout,2,0,506,3,2,0.67,1,3,2,retry_payment,0,0.0
TX05778,C2035,2770.33,WALLET,abandoned,checkout_dropoff,4,1,95,2,0,0.0,1,0,1,send_reminder,0,0.0
TX05779,C0609,5897.37,WALLET,success,none,0,0,282,1,1,1.0,0,0,0,none,1,5897.37
TX05780,C1528,16162.59,WALLET,success,none,0,0,122,9,3,0.33,1,0,0,none,1,16162.59
TX05781,C0451,3402.14,NETBANKING,success,none,0,0,128,4,4,1.0,1,1,0,none,1,3402.14
TX05782,C2447,35531.63,UPI,success,none,0,0,405,11,10,0.91,1,0,0,none,1,35531.63
TX05783,C0841,11792.27,WALLET,success,none,0,0,571,4,2,0.5,0,0,0,none,1,11792.27
TX05784,C0362,11056.53,WALLET,abandoned,checkout_dropoff,0,1,10,3,0,0.0,0,0,1,payment_link,1,11056.53
TX05785,C1016,27850.47,CARD,success,none,0,0,287,8,2,0.25,1,0,0,none,1,27850.47
TX05786,C1088,48273.28,NETBANKING,success,none,0,0,536,20,20,1.0,0,0,0,none,1,48273.28
TX05787,C2373,24458.51,NETBANKING,failed,network_error,3,0,125,12,4,0.33,0,0,1,retry_payment,0,0.0
TX05788,C2373,27990.9,UPI,failed,bank_error,2,0,385,20,8,0.4,0,0,1,payment_link,1,27990.9
TX05789,C1118,2660.46,UPI,success,none,0,0,81,2,0,0.0,1,1,0,none,1,2660.46
TX05790,C1642,30738.59,UPI,success,none,0,0,231,7,3,0.43,0,0,0,none,1,30738.59
TX05791,C1629,23637.78,CARD,success,none,0,0,404,10,0,0.0,0,0,0,none,1,23637.78
TX05792,C0198,22458.38,UPI,success,none,0,0,598,19,0,0.0,1,0,0,none,1,22458.38
TX05793,C2114,5943.43,WALLET,success,none,0,0,68,19,3,0.16,1,1,0,none,1,5943.43
TX05794,C1514,5077.96,NETBANKING,success,none,0,0,36,18,12,0.67,1,0,0,none,1,5077.96
TX05795,C2044,14607.31,NETBANKING,success,none,0,0,375,18,6,0.33,0,0,0,none,1,14607.31
TX05796,C0349,26356.48,WALLET,success,none,0,0,350,9,9,1.0,0,0,0,none,1,26356.48
TX05797,C1048,45949.47,UPI,failed,technical_error,4,0,571,17,3,0.18,0,0,2,payment_link,0,0.0
TX05798,C2286,43684.61,CARD,success,none,0,0,92,20,14,0.7,0,0,0,none,1,43684.61
TX05799,C0893,1339.34,UPI,success,none,0,0,443,5,1,0.2,0,0,0,none,1,1339.34
TX05800,C1340,16903.75,UPI,success,none,0,0,129,6,5,0.83,1,0,0,none,1,16903.75
TX05801,C0404,44158.28,UPI,success,none,0,0,470,17,8,0.47,1,0,0,none,1,44158.28
TX05802,C1594,23521.17,UPI,success,none,0,0,152,12,9,0.75,1,15,0,none,1,23521.17
TX05803,C1293,24948.36,CARD,success,none,0,0,315,12,8,0.67,1,7,0,none,1,24948.36
TX05804,C1805,28495.26,NETBANKING,success,none,0,0,410,3,2,0.67,0,0,0,none,1,28495.26
TX05805,C0274,49320.74,NETBANKING,success,none,0,0,31,11,4,0.36,1,0,0,none,1,49320.74
TX05806,C2341,21254.38,NETBANKING,success,none,0,0,122,14,5,0.36,0,0,0,none,1,21254.38
TX05807,C2260,45182.52,WALLET,failed,bank_error,4,0,59,15,12,0.8,1,3,2,payment_link,1,45182.52
TX05808,C0622,42373.13,NETBANKING,success,none,0,0,256,4,2,0.5,1,1,0,none,1,42373.13
TX05809,C2023,650.94,NETBANKING,failed,network_error,0,0,144,9,5,0.56,0,0,1,retry_payment,0,0.0
TX05810,C2256,11842.45,CARD,success,none,0,0,441,17,1,0.06,0,0,0,none,1,11842.45
TX05811,C2330,7124.86,CARD,success,none,0,0,438,14,2,0.14,0,0,0,none,1,7124.86
TX05812,C2488,32377.67,NETBANKING,success,none,0,0,439,1,0,0.0,1,30,0,none,1,32377.67
TX05813,C1833,8835.34,WALLET,success,none,0,0,527,3,1,0.33,0,0,0,none,1,8835.34
TX05814,C1781,5109.7,NETBANKING,failed,insufficient_funds,1,0,473,1,0,0.0,0,0,2,send_reminder,1,5109.7
TX05815,C0544,32253.42,UPI,success,none,0,0,342,8,0,0.0,1,7,0,none,1,32253.42
TX05816,C1635,23658.1,NETBANKING,success,none,0,0,474,4,4,1.0,1,0,0,none,1,23658.1
TX05817,C0464,38056.68,NETBANKING,success,none,0,0,529,8,5,0.62,1,0,0,none,1,38056.68
TX05818,C2276,44113.41,NETBANKING,success,none,0,0,119,17,8,0.47,0,0,0,none,1,44113.41
TX05819,C0974,19059.13,CARD,success,none,0,0,163,19,13,0.68,1,0,0,none,1,19059.13
TX05820,C2134,23447.44,UPI,success,none,0,0,208,20,6,0.3,0,0,0,none,1,23447.44
TX05821,C0850,49738.39,CARD,success,none,0,0,575,17,1,0.06,1,0,0,none,1,49738.39
TX05822,C2097,7965.93,UPI,failed,insufficient_funds,2,0,511,9,1,0.11,0,0,1,send_reminder,0,0.0
TX05823,C0412,9084.02,CARD,abandoned,checkout_dropoff,1,1,307,1,0,0.0,1,1,1,payment_link,0,0.0
TX05824,C1091,49690.44,NETBANKING,success,none,0,0,494,14,11,0.79,1,15,0,none,1,49690.44
TX05825,C1544,7697.03,CARD,success,none,0,0,115,4,3,0.75,0,0,0,none,1,7697.03
TX05826,C0559,2351.57,NETBANKING,abandoned,checkout_dropoff,3,1,284,4,3,0.75,1,0,0,payment_link,1,2351.57
TX05827,C0194,46762.15,CARD,success,none,0,0,192,5,1,0.2,1,0,0,none,1,46762.15
TX05828,C1578,15693.46,CARD,failed,bank_error,2,0,96,20,19,0.95,1,1,0,payment_link,1,15693.46
TX05829,C0271,3621.79,CARD,abandoned,checkout_dropoff,4,1,175,15,0,0.0,0,0,1,payment_link,0,0.0
TX05830,C1758,31601.59,CARD,success,none,0,0,129,3,3,1.0,0,0,0,none,1,31601.59
TX05831,C0308,2197.54,UPI,success,none,0,0,127,1,1,1.0,1,0,0,none,1,2197.54
TX05832,C1359,9459.79,UPI,success,none,0,0,358,13,6,0.46,1,3,0,none,1,9459.79
TX05833,C0365,1239.27,NETBANKING,success,none,0,0,195,5,3,0.6,0,0,0,none,1,1239.27
TX05834,C2350,45310.84,UPI,success,none,0,0,229,6,2,0.33,1,1,0,none,1,45310.84
TX05835,C2230,43370.34,UPI,success,none,0,0,429,20,13,0.65,1,0,0,none,1,43370.34
TX05836,C1634,15859.95,CARD,success,none,0,0,178,18,18,1.0,0,0,0,none,1,15859.95
TX05837,C1050,21300.49,UPI,success,none,0,0,312,11,10,0.91,0,0,0,none,1,21300.49
TX05838,C1062,22788.15,UPI,abandoned,checkout_dropoff,3,1,44,17,8,0.47,1,1,0,payment_link,0,0.0
TX05839,C0670,10831.44,NETBANKING,failed,timeout,2,0,295,15,9,0.6,1,1,2,retry_payment,0,0.0
TX05840,C1619,38959.46,NETBANKING,success,none,0,0,346,3,2,0.67,0,0,0,none,1,38959.46
TX05841,C0484,31540.19,WALLET,success,none,0,0,105,9,2,0.22,1,3,0,none,1,31540.19
TX05842,C1965,3397.94,CARD,failed,network_error,2,0,249,18,4,0.22,1,0,1,retry_payment,0,0.0
TX05843,C1625,5940.1,CARD,success,none,0,0,370,11,4,0.36,1,3,0,none,1,5940.1
TX05844,C0604,44836.84,UPI,failed,technical_error,1,0,20,14,12,0.86,1,0,0,payment_link,0,0.0
TX05845,C0247,47201.78,WALLET,success,none,0,0,256,20,19,0.95,0,0,0,none,1,47201.78
TX05846,C1046,20136.61,WALLET,success,none,0,0,500,11,3,0.27,0,0,0,none,1,20136.61
TX05847,C2456,4543.16,CARD,success,none,0,0,171,17,2,0.12,0,0,0,none,1,4543.16
TX05848,C1313,855.14,CARD,success,none,0,0,320,18,10,0.56,1,0,0,none,1,855.14
TX05849,C0151,19682.11,UPI,success,none,0,0,98,9,6,0.67,0,0,0,none,1,19682.11
TX05850,C1887,48465.41,NETBANKING,success,none,0,0,426,6,0,0.0,1,30,0,none,1,48465.41
TX05851,C1609,46313.27,WALLET,failed,bank_error,2,0,245,17,3,0.18,1,0,1,payment_link,0,0.0
TX05852,C0342,35531.17,NETBANKING,success,none,0,0,473,11,3,0.27,0,0,0,none,1,35531.17
TX05853,C0286,14943.44,WALLET,failed,bank_error,4,0,277,11,5,0.45,1,0,0,payment_link,1,14943.44
TX05854,C0583,7161.7,NETBANKING,success,none,0,0,219,3,1,0.33,0,0,0,none,1,7161.7
TX05855,C1466,43824.63,CARD,success,none,0,0,597,17,7,0.41,0,0,0,none,1,43824.63
TX05856,C2318,35129.83,CARD,success,none,0,0,50,6,5,0.83,1,15,0,none,1,35129.83
TX05857,C2048,21450.84,WALLET,success,none,0,0,423,17,6,0.35,0,0,0,none,1,21450.84
TX05858,C2264,8398.79,WALLET,success,none,0,0,71,1,0,0.0,1,0,0,none,1,8398.79
TX05859,C1343,34602.01,NETBANKING,success,none,0,0,429,6,2,0.33,1,1,0,none,1,34602.01
TX05860,C0473,7227.79,CARD,success,none,0,0,203,2,0,0.0,0,0,0,none,1,7227.79
TX05861,C1385,11243.02,CARD,success,none,0,0,274,13,6,0.46,0,0,0,none,1,11243.02
TX05862,C1905,3264.47,WALLET,success,none,0,0,455,10,4,0.4,0,0,0,none,1,3264.47
TX05863,C0863,31565.77,NETBANKING,success,none,0,0,197,4,0,0.0,1,15,0,none,1,31565.77
TX05864,C1354,47633.54,WALLET,success,none,0,0,365,12,5,0.42,0,0,0,none,1,47633.54
TX05865,C0667,5221.1,NETBANKING,failed,insufficient_funds,2,0,10,5,3,0.6,1,7,2,send_reminder,1,5221.1
TX05866,C0855,36417.94,UPI,success,none,0,0,162,18,16,0.89,1,7,0,none,1,36417.94
TX05867,C2362,10125.26,CARD,failed,timeout,4,0,426,13,8,0.62,0,0,0,retry_payment,0,0.0
TX05868,C0128,20115.84,NETBANKING,abandoned,checkout_dropoff,1,1,552,12,4,0.33,1,3,2,payment_link,1,20115.84
TX05869,C0866,37390.85,WALLET,success,none,0,0,270,4,3,0.75,0,0,0,none,1,37390.85
TX05870,C1824,1089.5,CARD,success,none,0,0,276,5,0,0.0,0,0,0,none,1,1089.5
TX05871,C1432,2836.61,NETBANKING,failed,network_error,3,0,593,20,7,0.35,1,0,2,retry_payment,0,0.0
TX05872,C2100,42271.15,UPI,abandoned,checkout_dropoff,4,1,388,19,3,0.16,1,7,1,payment_link,0,0.0
TX05873,C0700,44124.96,NETBANKING,success,none,0,0,467,17,9,0.53,0,0,0,none,1,44124.96
TX05874,C1263,5416.53,NETBANKING,success,none,0,0,116,9,0,0.0,1,0,0,none,1,5416.53
TX05875,C2361,38018.03,UPI,success,none,0,0,420,20,18,0.9,0,0,0,none,1,38018.03
TX05876,C0549,29658.41,CARD,success,none,0,0,44,3,3,1.0,1,3,0,none,1,29658.41
TX05877,C1263,34998.72,WALLET,failed,bank_error,0,0,327,16,3,0.19,1,0,2,payment_link,1,34998.72
TX05878,C0762,38404.82,NETBANKING,success,none,0,0,399,16,14,0.88,1,0,0,none,1,38404.82
TX05879,C1377,12252.17,WALLET,success,none,0,0,427,13,12,0.92,1,1,0,none,1,12252.17
TX05880,C1717,10457.6,WALLET,success,none,0,0,313,8,6,0.75,0,0,0,none,1,10457.6
TX05881,C0466,4900.71,WALLET,failed,insufficient_funds,4,0,390,5,2,0.4,0,0,0,send_reminder,0,0.0
TX05882,C1763,26203.25,NETBANKING,success,none,0,0,177,11,6,0.55,0,0,0,none,1,26203.25
TX05883,C1118,36658.53,CARD,success,none,0,0,99,1,0,0.0,0,0,0,none,1,36658.53
TX05884,C0111,8443.44,CARD,failed,insufficient_funds,4,0,79,9,1,0.11,0,0,2,send_reminder,1,8443.44
TX05885,C0530,2463.21,UPI,success,none,0,0,322,15,8,0.53,0,0,0,none,1,2463.21
TX05886,C1284,34389.91,WALLET,success,none,0,0,290,5,1,0.2,0,0,0,none,1,34389.91
TX05887,C0763,36998.62,CARD,success,none,0,0,561,5,2,0.4,1,3,0,none,1,36998.62
TX05888,C2085,48430.36,WALLET,success,none,0,0,194,15,11,0.73,1,0,0,none,1,48430.36
TX05889,C0791,20604.14,NETBANKING,success,none,0,0,291,6,5,0.83,1,3,0,none,1,20604.14
TX05890,C0249,47376.91,WALLET,success,none,0,0,120,11,10,0.91,1,0,0,none,1,47376.91
TX05891,C1788,30406.45,CARD,abandoned,checkout_dropoff,0,1,505,6,4,0.67,1,0,2,payment_link,0,0.0
TX05892,C2144,32467.96,UPI,success,none,0,0,430,8,3,0.38,1,7,0,none,1,32467.96
TX05893,C1134,17650.19,WALLET,abandoned,checkout_dropoff,0,1,572,6,4,0.67,0,0,2,payment_link,0,0.0
TX05894,C1320,19591.28,UPI,abandoned,checkout_dropoff,4,1,320,9,0,0.0,0,0,1,send_reminder,0,0.0
TX05895,C0541,33019.26,NETBANKING,success,none,0,0,313,4,2,0.5,1,1,0,none,1,33019.26
TX05896,C1082,14460.02,NETBANKING,success,none,0,0,250,16,5,0.31,1,15,0,none,1,14460.02
TX05897,C0074,41857.79,WALLET,success,none,0,0,562,5,1,0.2,0,0,0,none,1,41857.79
TX05898,C0047,47908.58,UPI,success,none,0,0,186,20,15,0.75,0,0,0,none,1,47908.58
TX05899,C1726,31965.63,CARD,success,none,0,0,442,11,10,0.91,1,0,0,none,1,31965.63
TX05900,C2497,7542.72,CARD,abandoned,checkout_dropoff,0,1,140,17,17,1.0,0,0,0,send_reminder,0,0.0
TX05901,C1312,41015.84,CARD,failed,bank_error,1,0,243,6,3,0.5,0,0,1,payment_link,1,41015.84
TX05902,C0567,13542.55,WALLET,failed,timeout,1,0,579,17,2,0.12,1,7,2,retry_payment,1,13542.55
TX05903,C1111,27188.79,CARD,abandoned,checkout_dropoff,1,1,229,7,2,0.29,0,0,1,send_reminder,1,27188.79
TX05904,C0490,30165.58,WALLET,success,none,0,0,530,4,4,1.0,1,0,0,none,1,30165.58
TX05905,C0455,12146.39,CARD,success,none,0,0,335,6,0,0.0,1,0,0,none,1,12146.39
TX05906,C1464,41305.28,NETBANKING,success,none,0,0,168,16,0,0.0,0,0,0,none,1,41305.28
TX05907,C1082,49528.45,WALLET,failed,insufficient_funds,1,0,189,11,9,0.82,1,0,1,send_reminder,1,49528.45
TX05908,C2110,43011.83,NETBANKING,success,none,0,0,547,7,7,1.0,1,7,0,none,1,43011.83
TX05909,C0595,36764.09,UPI,success,none,0,0,14,18,7,0.39,0,0,0,none,1,36764.09
TX05910,C1863,24478.07,WALLET,failed,technical_error,3,0,382,17,11,0.65,1,15,2,payment_link,0,0.0
TX05911,C1300,23496.8,CARD,success,none,0,0,350,8,8,1.0,0,0,0,none,1,23496.8
TX05912,C2044,38340.04,UPI,success,none,0,0,556,19,9,0.47,0,0,0,none,1,38340.04
TX05913,C1338,21953.58,NETBANKING,failed,technical_error,3,0,117,20,5,0.25,1,30,0,payment_link,0,0.0
TX05914,C0629,37208.14,UPI,success,none,0,0,420,5,2,0.4,0,0,0,none,1,37208.14
TX05915,C2353,39919.0,NETBANKING,success,none,0,0,278,5,3,0.6,1,0,0,none,1,39919.0
TX05916,C1843,35888.14,WALLET,success,none,0,0,90,16,0,0.0,0,0,0,none,1,35888.14
TX05917,C0461,22421.16,NETBANKING,success,none,0,0,410,15,14,0.93,1,0,0,none,1,22421.16
TX05918,C1509,5771.68,WALLET,success,none,0,0,320,10,4,0.4,0,0,0,none,1,5771.68
TX05919,C2011,47469.97,WALLET,success,none,0,0,513,17,16,0.94,0,0,0,none,1,47469.97
TX05920,C0963,1103.74,CARD,abandoned,checkout_dropoff,4,1,148,8,0,0.0,0,0,0,payment_link,1,1103.74
TX05921,C2185,24094.84,UPI,failed,insufficient_funds,0,0,210,20,20,1.0,0,0,0,send_reminder,1,24094.84
TX05922,C2088,47171.13,UPI,success,none,0,0,388,9,3,0.33,0,0,0,none,1,47171.13
TX05923,C1022,22162.92,CARD,success,none,0,0,594,12,12,1.0,0,0,0,none,1,22162.92
TX05924,C1109,27631.36,UPI,failed,timeout,3,0,383,19,18,0.95,1,0,2,retry_payment,0,0.0
TX05925,C0727,32178.76,CARD,failed,technical_error,4,0,49,20,18,0.9,0,0,0,payment_link,0,0.0
TX05926,C2356,42225.88,WALLET,success,none,0,0,106,2,1,0.5,0,0,0,none,1,42225.88
TX05927,C0128,13966.4,WALLET,failed,timeout,3,0,211,2,0,0.0,0,0,1,retry_payment,0,0.0
TX05928,C2371,3556.59,NETBANKING,success,none,0,0,501,2,1,0.5,1,3,0,none,1,3556.59
TX05929,C2203,37539.19,NETBANKING,success,none,0,0,290,19,2,0.11,0,0,0,none,1,37539.19
TX05930,C2236,17682.86,UPI,success,none,0,0,279,6,3,0.5,0,0,0,none,1,17682.86
TX05931,C1323,16845.13,WALLET,success,none,0,0,114,17,1,0.06,1,0,0,none,1,16845.13
TX05932,C2061,15210.94,CARD,success,none,0,0,175,16,5,0.31,1,3,0,none,1,15210.94
TX05933,C1526,8079.94,NETBANKING,failed,bank_error,3,0,160,8,1,0.12,0,0,0,payment_link,0,0.0
TX05934,C1177,3575.86,WALLET,success,none,0,0,249,18,5,0.28,1,0,0,none,1,3575.86
TX05935,C1497,39772.3,WALLET,success,none,0,0,461,15,3,0.2,1,0,0,none,1,39772.3
TX05936,C1444,9596.84,NETBANKING,abandoned,checkout_dropoff,2,1,460,10,0,0.0,1,7,2,payment_link,1,9596.84
TX05937,C2188,47730.85,WALLET,success,none,0,0,307,13,12,0.92,0,0,0,none,1,47730.85
TX05938,C0516,28332.64,WALLET,success,none,0,0,207,13,12,0.92,0,0,0,none,1,28332.64
TX05939,C1334,12223.37,UPI,abandoned,checkout_dropoff,4,1,75,3,0,0.0,0,0,2,payment_link,0,0.0
TX05940,C1929,27113.31,UPI,abandoned,checkout_dropoff,4,1,170,14,3,0.21,1,1,1,payment_link,0,0.0
TX05941,C0196,10547.27,CARD,success,none,0,0,67,17,2,0.12,0,0,0,none,1,10547.27
TX05942,C0946,31324.26,CARD,success,none,0,0,274,10,5,0.5,1,3,0,none,1,31324.26
TX05943,C1434,36378.27,NETBANKING,failed,technical_error,1,0,464,17,15,0.88,0,0,1,payment_link,1,36378.27
TX05944,C1883,46124.98,UPI,success,none,0,0,34,14,14,1.0,1,1,0,none,1,46124.98
TX05945,C1841,28508.87,NETBANKING,success,none,0,0,15,13,1,0.08,0,0,0,none,1,28508.87
TX05946,C1935,21567.76,CARD,success,none,0,0,394,3,1,0.33,1,30,0,none,1,21567.76
TX05947,C2479,42868.17,CARD,abandoned,checkout_dropoff,4,1,514,17,15,0.88,0,0,0,payment_link,1,42868.17
TX05948,C0722,47333.74,CARD,failed,bank_error,2,0,578,4,2,0.5,1,0,1,payment_link,1,47333.74
TX05949,C0702,8689.39,NETBANKING,failed,network_error,4,0,214,7,5,0.71,1,0,2,retry_payment,0,0.0
TX05950,C1181,14672.32,WALLET,failed,timeout,1,0,522,9,0,0.0,0,0,1,retry_payment,0,0.0
TX05951,C0544,3106.83,NETBANKING,success,none,0,0,57,19,2,0.11,0,0,0,none,1,3106.83
TX05952,C2050,38143.62,UPI,success,none,0,0,503,20,12,0.6,1,0,0,none,1,38143.62
TX05953,C1911,25750.99,UPI,success,none,0,0,109,16,5,0.31,1,0,0,none,1,25750.99
TX05954,C2497,10959.29,WALLET,success,none,0,0,228,16,13,0.81,1,1,0,none,1,10959.29
TX05955,C1242,36891.5,UPI,failed,technical_error,3,0,586,20,3,0.15,1,7,0,payment_link,1,36891.5
TX05956,C0012,25535.83,NETBANKING,abandoned,checkout_dropoff,3,1,368,8,8,1.0,1,0,1,send_reminder,1,25535.83
TX05957,C2211,14643.5,NETBANKING,success,none,0,0,229,9,0,0.0,0,0,0,none,1,14643.5
TX05958,C0193,41815.89,NETBANKING,failed,timeout,3,0,495,6,1,0.17,1,0,2,retry_payment,0,0.0
TX05959,C1315,2556.24,CARD,success,none,0,0,264,4,1,0.25,0,0,0,none,1,2556.24
TX05960,C1946,8603.36,NETBANKING,failed,timeout,2,0,332,1,0,0.0,0,0,1,retry_payment,0,0.0
TX05961,C2362,15996.46,CARD,success,none,0,0,448,16,14,0.88,0,0,0,none,1,15996.46
TX05962,C0974,31012.97,WALLET,failed,timeout,1,0,587,1,1,1.0,1,15,2,retry_payment,1,31012.97
TX05963,C0019,20152.97,CARD,success,none,0,0,504,20,9,0.45,0,0,0,none,1,20152.97
TX05964,C2494,34787.72,UPI,success,none,0,0,487,5,1,0.2,0,0,0,none,1,34787.72
TX05965,C2047,19630.45,UPI,success,none,0,0,80,10,10,1.0,1,0,0,none,1,19630.45
TX05966,C0104,34005.77,CARD,success,none,0,0,380,13,5,0.38,0,0,0,none,1,34005.77
TX05967,C1331,37423.4,NETBANKING,success,none,0,0,82,9,9,1.0,0,0,0,none,1,37423.4
TX05968,C0520,26979.6,NETBANKING,failed,network_error,1,0,148,19,7,0.37,1,15,1,retry_payment,1,26979.6
TX05969,C1230,43931.71,WALLET,success,none,0,0,258,18,1,0.06,1,1,0,none,1,43931.71
TX05970,C1605,48186.76,WALLET,success,none,0,0,279,8,5,0.62,0,0,0,none,1,48186.76
TX05971,C1995,18854.12,CARD,success,none,0,0,174,14,14,1.0,0,0,0,none,1,18854.12
TX05972,C0137,27147.7,NETBANKING,success,none,0,0,215,3,2,0.67,1,3,0,none,1,27147.7
TX05973,C1627,5378.63,CARD,success,none,0,0,61,17,17,1.0,1,0,0,none,1,5378.63
TX05974,C1373,25380.62,NETBANKING,success,none,0,0,494,19,19,1.0,1,30,0,none,1,25380.62
TX05975,C2096,41988.9,WALLET,failed,timeout,0,0,424,11,1,0.09,0,0,2,retry_payment,1,41988.9
TX05976,C2268,22380.24,NETBANKING,failed,bank_error,1,0,95,16,14,0.88,1,0,1,payment_link,1,22380.24
TX05977,C1893,1362.73,UPI,success,none,0,0,360,11,8,0.73,0,0,0,none,1,1362.73
TX05978,C1279,27106.68,NETBANKING,failed,insufficient_funds,1,0,180,15,11,0.73,1,0,2,send_reminder,0,0.0
TX05979,C1318,21404.22,CARD,success,none,0,0,62,3,2,0.67,1,0,0,none,1,21404.22
TX05980,C1643,44409.77,UPI,success,none,0,0,386,5,3,0.6,0,0,0,none,1,44409.77
TX05981,C0109,2445.36,NETBANKING,success,none,0,0,253,4,3,0.75,1,30,0,none,1,2445.36
TX05982,C1676,2145.72,WALLET,success,none,0,0,587,7,2,0.29,0,0,0,none,1,2145.72
TX05983,C1986,16869.61,CARD,success,none,0,0,216,8,3,0.38,0,0,0,none,1,16869.61
TX05984,C1079,29155.92,CARD,success,none,0,0,302,17,10,0.59,0,0,0,none,1,29155.92
TX05985,C2055,40097.72,CARD,failed,technical_error,3,0,455,11,3,0.27,1,0,2,payment_link,0,0.0
TX05986,C0360,1941.24,UPI,success,none,0,0,559,3,0,0.0,0,0,0,none,1,1941.24
TX05987,C0081,10420.2,CARD,failed,technical_error,3,0,102,15,0,0.0,1,7,2,payment_link,1,10420.2
TX05988,C2378,44661.59,WALLET,abandoned,checkout_dropoff,1,1,516,16,13,0.81,1,0,0,send_reminder,0,0.0
TX05989,C1452,3308.94,UPI,success,none,0,0,597,4,2,0.5,0,0,0,none,1,3308.94
TX05990,C1510,10297.58,NETBANKING,abandoned,checkout_dropoff,1,1,502,3,3,1.0,1,3,1,payment_link,1,10297.58
TX05991,C0559,30380.66,CARD,success,none,0,0,35,4,0,0.0,1,15,0,none,1,30380.66
TX05992,C0183,5955.7,WALLET,failed,insufficient_funds,2,0,415,1,0,0.0,1,30,1,send_reminder,0,0.0
TX05993,C2354,6030.74,NETBANKING,success,none,0,0,570,7,1,0.14,0,0,0,none,1,6030.74
TX05994,C0840,11286.96,NETBANKING,failed,bank_error,2,0,520,13,2,0.15,0,0,1,payment_link,0,0.0
TX05995,C0293,31993.55,CARD,success,none,0,0,117,10,1,0.1,1,0,0,none,1,31993.55
TX05996,C1673,34797.43,CARD,abandoned,checkout_dropoff,1,1,474,7,2,0.29,1,1,2,payment_link,1,34797.43
TX05997,C1188,34850.17,WALLET,success,none,0,0,378,12,5,0.42,0,0,0,none,1,34850.17
TX05998,C0279,7230.02,UPI,success,none,0,0,366,5,2,0.4,0,0,0,none,1,7230.02
TX05999,C1380,28919.24,CARD,abandoned,checkout_dropoff,0,1,596,13,5,0.38,1,1,2,send_reminder,1,28919.24
TX06000,C1188,48538.89,NETBANKING,failed,timeout,4,0,112,9,5,0.56,0,0,0,retry_payment,0,0.0
TX06001,C0019,7013.91,CARD,success,none,0,0,497,1,1,1.0,0,0,0,none,1,7013.91
TX06002,C1012,41898.91,WALLET,success,none,0,0,304,5,0,0.0,0,0,0,none,1,41898.91
TX06003,C0407,40263.66,UPI,success,none,0,0,427,18,15,0.83,1,0,0,none,1,40263.66
TX06004,C0332,2214.02,UPI,success,none,0,0,574,14,5,0.36,1,0,0,none,1,2214.02
TX06005,C1357,35438.91,WALLET,failed,bank_error,1,0,66,11,4,0.36,1,7,0,payment_link,0,0.0
TX06006,C1423,48178.44,WALLET,success,none,0,0,157,20,6,0.3,1,7,0,none,1,48178.44
TX06007,C0135,23388.23,UPI,failed,insufficient_funds,4,0,514,5,5,1.0,0,0,2,send_reminder,1,23388.23
TX06008,C0770,47360.04,NETBANKING,success,none,0,0,383,5,0,0.0,1,0,0,none,1,47360.04
TX06009,C0096,2183.15,CARD,failed,technical_error,3,0,142,15,7,0.47,0,0,0,payment_link,0,0.0
TX06010,C2238,8049.43,NETBANKING,success,none,0,0,249,5,5,1.0,1,7,0,none,1,8049.43
TX06011,C0661,43332.4,NETBANKING,success,none,0,0,223,10,8,0.8,0,0,0,none,1,43332.4
TX06012,C1866,11934.55,CARD,failed,bank_error,0,0,83,9,6,0.67,1,0,0,payment_link,1,11934.55
TX06013,C1020,26605.46,NETBANKING,failed,network_error,4,0,332,6,0,0.0,0,0,2,retry_payment,0,0.0
TX06014,C2028,5435.05,UPI,failed,network_error,0,0,292,9,3,0.33,0,0,0,retry_payment,1,5435.05
TX06015,C2392,27062.3,CARD,failed,network_error,4,0,428,1,0,0.0,1,15,1,retry_payment,0,0.0
TX06016,C2064,14728.13,WALLET,success,none,0,0,543,10,2,0.2,0,0,0,none,1,14728.13
TX06017,C1440,9416.1,WALLET,success,none,0,0,545,12,7,0.58,1,0,0,none,1,9416.1
TX06018,C1781,42104.79,NETBANKING,success,none,0,0,154,19,5,0.26,1,0,0,none,1,42104.79
TX06019,C0095,4504.27,CARD,success,none,0,0,378,5,5,1.0,1,7,0,none,1,4504.27
TX06020,C1279,30567.38,CARD,failed,bank_error,0,0,444,13,0,0.0,1,0,0,payment_link,0,0.0
TX06021,C1125,30532.26,WALLET,success,none,0,0,304,6,5,0.83,0,0,0,none,1,30532.26
TX06022,C0911,33294.43,WALLET,failed,technical_error,4,0,235,4,1,0.25,1,0,2,payment_link,0,0.0
TX06023,C1570,35617.7,CARD,success,none,0,0,244,3,3,1.0,1,1,0,none,1,35617.7
TX06024,C0836,11061.0,WALLET,success,none,0,0,314,16,14,0.88,1,0,0,none,1,11061.0
TX06025,C1780,16149.99,NETBANKING,success,none,0,0,474,14,5,0.36,1,15,0,none,1,16149.99
TX06026,C1591,42850.66,UPI,success,none,0,0,577,19,15,0.79,0,0,0,none,1,42850.66
TX06027,C0117,32084.49,WALLET,failed,insufficient_funds,4,0,115,9,4,0.44,0,0,2,send_reminder,0,0.0
TX06028,C0817,20530.08,WALLET,success,none,0,0,31,15,10,0.67,0,0,0,none,1,20530.08
TX06029,C1298,19912.25,UPI,abandoned,checkout_dropoff,2,1,371,12,12,1.0,0,0,1,payment_link,1,19912.25
TX06030,C2438,31354.33,UPI,success,none,0,0,421,20,12,0.6,0,0,0,none,1,31354.33
TX06031,C0354,18736.97,UPI,success,none,0,0,83,17,14,0.82,0,0,0,none,1,18736.97
TX06032,C2428,22920.31,UPI,failed,bank_error,3,0,529,7,1,0.14,1,7,1,payment_link,1,22920.31
TX06033,C0763,3201.11,UPI,success,none,0,0,80,4,3,0.75,1,0,0,none,1,3201.11
TX06034,C0044,17296.17,CARD,success,none,0,0,165,13,8,0.62,0,0,0,none,1,17296.17
TX06035,C0276,30310.91,NETBANKING,failed,network_error,4,0,11,5,5,1.0,0,0,0,retry_payment,0,0.0
TX06036,C2035,35372.47,UPI,abandoned,checkout_dropoff,3,1,262,5,2,0.4,1,0,0,payment_link,1,35372.47
TX06037,C0984,40624.28,CARD,failed,timeout,4,0,587,2,1,0.5,1,3,0,retry_payment,0,0.0
TX06038,C0335,22254.36,UPI,failed,insufficient_funds,3,0,224,3,0,0.0,1,7,0,send_reminder,0,0.0
TX06039,C0273,28404.49,WALLET,success,none,0,0,224,12,0,0.0,1,0,0,none,1,28404.49
TX06040,C1210,18208.91,CARD,success,none,0,0,119,8,1,0.12,0,0,0,none,1,18208.91
TX06041,C1471,14756.75,WALLET,success,none,0,0,521,7,4,0.57,0,0,0,none,1,14756.75
TX06042,C0967,18022.31,UPI,abandoned,checkout_dropoff,2,1,16,15,13,0.87,1,7,2,send_reminder,1,18022.31
TX06043,C1576,34651.79,NETBANKING,success,none,0,0,571,4,1,0.25,0,0,0,none,1,34651.79
TX06044,C1211,43908.66,CARD,failed,insufficient_funds,4,0,18,15,4,0.27,0,0,1,send_reminder,0,0.0
TX06045,C2179,42540.78,NETBANKING,failed,timeout,2,0,347,18,9,0.5,0,0,0,retry_payment,0,0.0
TX06046,C0542,8248.46,WALLET,abandoned,checkout_dropoff,0,1,142,4,4,1.0,0,0,1,send_reminder,0,0.0
TX06047,C0519,16920.28,WALLET,success,none,0,0,300,9,4,0.44,1,15,0,none,1,16920.28
TX06048,C0504,35665.68,UPI,success,none,0,0,510,10,10,1.0,0,0,0,none,1,35665.68
TX06049,C0268,36681.84,UPI,failed,timeout,1,0,25,14,3,0.21,1,0,1,retry_payment,0,0.0
TX06050,C0422,1165.68,NETBANKING,success,none,0,0,465,12,4,0.33,0,0,0,none,1,1165.68
TX06051,C0939,23117.85,CARD,success,none,0,0,274,19,14,0.74,0,0,0,none,1,23117.85
TX06052,C1276,49288.86,WALLET,success,none,0,0,531,7,2,0.29,0,0,0,none,1,49288.86
TX06053,C1362,42465.54,CARD,success,none,0,0,198,6,3,0.5,1,0,0,none,1,42465.54
TX06054,C1621,32056.91,UPI,success,none,0,0,540,9,7,0.78,0,0,0,none,1,32056.91
TX06055,C0900,46404.8,UPI,success,none,0,0,515,16,10,0.62,0,0,0,none,1,46404.8
TX06056,C0667,9284.82,UPI,failed,bank_error,0,0,44,10,0,0.0,0,0,1,payment_link,1,9284.82
TX06057,C0545,48285.35,UPI,success,none,0,0,568,16,6,0.38,1,0,0,none,1,48285.35
TX06058,C0861,18073.83,UPI,failed,bank_error,0,0,331,14,3,0.21,0,0,1,payment_link,0,0.0
TX06059,C2318,14135.17,CARD,success,none,0,0,356,17,12,0.71,1,1,0,none,1,14135.17
TX06060,C2482,28934.71,NETBANKING,failed,network_error,1,0,327,10,5,0.5,1,0,1,retry_payment,1,28934.71
TX06061,C2040,24966.74,WALLET,failed,timeout,2,0,169,18,6,0.33,0,0,2,retry_payment,0,0.0
TX06062,C2227,26362.23,WALLET,success,none,0,0,438,13,3,0.23,0,0,0,none,1,26362.23
TX06063,C1227,9401.63,UPI,success,none,0,0,109,11,4,0.36,0,0,0,none,1,9401.63
TX06064,C1553,25630.27,NETBANKING,success,none,0,0,485,15,0,0.0,1,3,0,none,1,25630.27
TX06065,C1062,33410.1,UPI,success,none,0,0,276,2,1,0.5,1,1,0,none,1,33410.1
TX06066,C2024,19957.73,UPI,abandoned,checkout_dropoff,3,1,504,9,9,1.0,0,0,0,send_reminder,1,19957.73
TX06067,C1428,5247.84,CARD,success,none,0,0,384,14,2,0.14,0,0,0,none,1,5247.84
TX06068,C0906,15238.51,NETBANKING,success,none,0,0,348,4,2,0.5,0,0,0,none,1,15238.51
TX06069,C0635,35306.66,CARD,failed,timeout,2,0,508,13,0,0.0,1,1,1,retry_payment,0,0.0
TX06070,C1673,49027.28,NETBANKING,failed,technical_error,0,0,181,9,9,1.0,0,0,1,payment_link,1,49027.28
TX06071,C1058,5061.57,WALLET,success,none,0,0,403,19,6,0.32,0,0,0,none,1,5061.57
TX06072,C1523,33677.82,UPI,failed,timeout,1,0,494,7,5,0.71,0,0,2,retry_payment,1,33677.82
TX06073,C0921,4385.45,UPI,failed,timeout,3,0,468,9,4,0.44,1,1,1,retry_payment,0,0.0
TX06074,C2154,45858.68,CARD,success,none,0,0,478,3,0,0.0,0,0,0,none,1,45858.68
TX06075,C1655,30933.58,NETBANKING,failed,timeout,1,0,413,20,15,0.75,0,0,1,retry_payment,1,30933.58
TX06076,C0233,35732.56,NETBANKING,success,none,0,0,595,18,14,0.78,1,30,0,none,1,35732.56
TX06077,C0086,17666.91,NETBANKING,success,none,0,0,76,19,18,0.95,1,3,0,none,1,17666.91
TX06078,C2465,26803.51,NETBANKING,failed,network_error,0,0,502,10,2,0.2,1,0,1,retry_payment,1,26803.51
TX06079,C1271,1616.8,NETBANKING,success,none,0,0,181,6,4,0.67,1,15,0,none,1,1616.8
TX06080,C2054,28372.4,CARD,success,none,0,0,40,18,3,0.17,0,0,0,none,1,28372.4
TX06081,C0967,17413.98,NETBANKING,success,none,0,0,99,18,18,1.0,0,0,0,none,1,17413.98
TX06082,C0152,1673.24,CARD,success,none,0,0,47,4,1,0.25,1,0,0,none,1,1673.24
TX06083,C2333,28831.07,WALLET,abandoned,checkout_dropoff,3,1,243,4,2,0.5,0,0,1,payment_link,1,28831.07
TX06084,C1792,22229.48,UPI,success,none,0,0,142,19,11,0.58,1,1,0,none,1,22229.48
TX06085,C0873,16245.41,UPI,failed,technical_error,2,0,163,17,5,0.29,0,0,2,payment_link,0,0.0
TX06086,C2052,14139.15,WALLET,success,none,0,0,90,18,13,0.72,1,30,0,none,1,14139.15
TX06087,C2124,34759.34,NETBANKING,success,none,0,0,189,3,1,0.33,0,0,0,none,1,34759.34
TX06088,C1154,28560.4,UPI,success,none,0,0,219,16,1,0.06,1,0,0,none,1,28560.4
TX06089,C0587,11444.99,CARD,success,none,0,0,224,13,1,0.08,0,0,0,none,1,11444.99
TX06090,C1007,42336.19,WALLET,success,none,0,0,338,16,3,0.19,1,0,0,none,1,42336.19
TX06091,C2077,14153.33,NETBANKING,abandoned,checkout_dropoff,4,1,514,2,2,1.0,0,0,0,send_reminder,1,14153.33
TX06092,C1094,18892.21,NETBANKING,success,none,0,0,534,12,6,0.5,0,0,0,none,1,18892.21
TX06093,C0502,21844.49,WALLET,success,none,0,0,577,14,7,0.5,1,1,0,none,1,21844.49
TX06094,C1364,11694.64,CARD,success,none,0,0,471,11,3,0.27,0,0,0,none,1,11694.64
TX06095,C0169,11502.37,WALLET,abandoned,checkout_dropoff,4,1,594,19,6,0.32,0,0,0,send_reminder,0,0.0
TX06096,C2220,46287.64,WALLET,abandoned,checkout_dropoff,2,1,458,10,2,0.2,0,0,1,send_reminder,0,0.0
TX06097,C2149,625.83,CARD,success,none,0,0,488,3,3,1.0,1,1,0,none,1,625.83
TX06098,C2231,1262.92,NETBANKING,abandoned,checkout_dropoff,0,1,160,2,1,0.5,1,0,1,send_reminder,1,1262.92
TX06099,C1597,11209.95,WALLET,failed,bank_error,3,0,209,18,3,0.17,0,0,0,payment_link,0,0.0
TX06100,C0576,44250.25,CARD,failed,insufficient_funds,1,0,109,2,0,0.0,1,1,2,send_reminder,0,0.0
TX06101,C2249,40790.32,UPI,success,none,0,0,560,15,6,0.4,1,3,0,none,1,40790.32
TX06102,C0379,8886.75,CARD,success,none,0,0,468,19,6,0.32,1,1,0,none,1,8886.75
TX06103,C1422,29933.43,UPI,success,none,0,0,142,19,19,1.0,0,0,0,none,1,29933.43
TX06104,C0634,44422.14,UPI,success,none,0,0,464,1,1,1.0,1,15,0,none,1,44422.14
TX06105,C1095,35730.74,NETBANKING,success,none,0,0,493,10,9,0.9,0,0,0,none,1,35730.74
TX06106,C0332,49102.05,CARD,success,none,0,0,211,14,9,0.64,1,3,0,none,1,49102.05
TX06107,C0982,27392.47,CARD,failed,timeout,1,0,99,8,8,1.0,0,0,2,retry_payment,1,27392.47
TX06108,C0894,46995.07,CARD,failed,technical_error,3,0,213,13,1,0.08,1,3,1,payment_link,1,46995.07
TX06109,C1696,4011.93,NETBANKING,failed,technical_error,0,0,337,18,3,0.17,0,0,0,payment_link,0,0.0
TX06110,C1631,35032.96,NETBANKING,failed,bank_error,4,0,198,6,1,0.17,0,0,1,payment_link,0,0.0
TX06111,C2067,29055.23,NETBANKING,failed,timeout,4,0,225,5,0,0.0,0,0,0,retry_payment,0,0.0
TX06112,C2292,30038.96,UPI,abandoned,checkout_dropoff,3,1,172,8,2,0.25,0,0,2,send_reminder,1,30038.96
TX06113,C1802,26037.86,UPI,success,none,0,0,326,9,1,0.11,0,0,0,none,1,26037.86
TX06114,C2085,47336.45,CARD,success,none,0,0,285,9,2,0.22,1,0,0,none,1,47336.45
TX06115,C1195,7105.35,NETBANKING,success,none,0,0,517,17,10,0.59,1,0,0,none,1,7105.35
TX06116,C2046,2357.72,CARD,success,none,0,0,529,7,1,0.14,0,0,0,none,1,2357.72
TX06117,C2470,3474.5,WALLET,abandoned,checkout_dropoff,4,1,105,1,1,1.0,0,0,2,send_reminder,0,0.0
TX06118,C0717,46449.37,CARD,abandoned,checkout_dropoff,0,1,38,5,2,0.4,0,0,2,send_reminder,1,46449.37
TX06119,C1598,10326.8,UPI,abandoned,checkout_dropoff,1,1,443,18,9,0.5,1,15,1,send_reminder,0,0.0
TX06120,C1770,41729.47,WALLET,success,none,0,0,490,14,10,0.71,1,3,0,none,1,41729.47
TX06121,C2307,47863.79,CARD,failed,network_error,2,0,184,19,15,0.79,1,7,2,retry_payment,0,0.0
TX06122,C0361,3090.68,UPI,failed,insufficient_funds,0,0,58,1,0,0.0,1,15,0,send_reminder,0,0.0
TX06123,C0194,19467.81,UPI,success,none,0,0,433,18,5,0.28,1,15,0,none,1,19467.81
TX06124,C1311,44395.87,UPI,abandoned,checkout_dropoff,2,1,436,1,1,1.0,1,0,0,payment_link,1,44395.87
TX06125,C2073,15168.36,NETBANKING,failed,network_error,3,0,24,9,2,0.22,0,0,1,retry_payment,0,0.0
TX06126,C1964,10692.13,UPI,failed,technical_error,4,0,566,15,10,0.67,0,0,0,payment_link,1,10692.13
TX06127,C0678,43614.08,NETBANKING,success,none,0,0,248,8,3,0.38,1,1,0,none,1,43614.08
TX06128,C0224,43112.64,UPI,success,none,0,0,501,16,0,0.0,0,0,0,none,1,43112.64
TX06129,C0582,12087.61,CARD,success,none,0,0,152,7,5,0.71,0,0,0,none,1,12087.61
TX06130,C1789,8861.42,NETBANKING,failed,insufficient_funds,3,0,64,17,16,0.94,0,0,1,send_reminder,1,8861.42
TX06131,C0147,13340.58,WALLET,success,none,0,0,240,11,4,0.36,0,0,0,none,1,13340.58
TX06132,C1247,29328.03,UPI,failed,timeout,4,0,164,10,5,0.5,1,0,1,retry_payment,0,0.0
TX06133,C1724,31384.58,CARD,success,none,0,0,246,2,1,0.5,0,0,0,none,1,31384.58
TX06134,C0889,45040.74,UPI,failed,insufficient_funds,4,0,93,17,3,0.18,1,3,0,send_reminder,0,0.0
TX06135,C1406,359.95,WALLET,success,none,0,0,165,12,8,0.67,0,0,0,none,1,359.95
TX06136,C2444,40230.08,NETBANKING,success,none,0,0,593,9,3,0.33,1,30,0,none,1,40230.08
TX06137,C0976,10844.32,CARD,failed,timeout,1,0,553,13,11,0.85,1,0,1,retry_payment,0,0.0
TX06138,C0243,42806.02,CARD,success,none,0,0,554,1,1,1.0,0,0,0,none,1,42806.02
TX06139,C2229,35392.97,WALLET,abandoned,checkout_dropoff,4,1,166,15,11,0.73,0,0,2,payment_link,0,0.0
TX06140,C1147,19930.95,UPI,success,none,0,0,388,20,3,0.15,1,0,0,none,1,19930.95
TX06141,C0686,2420.35,NETBANKING,success,none,0,0,474,19,16,0.84,0,0,0,none,1,2420.35
TX06142,C1125,1107.63,WALLET,failed,network_error,3,0,71,4,0,0.0,0,0,0,retry_payment,0,0.0
TX06143,C1808,40296.15,NETBANKING,failed,timeout,3,0,217,6,0,0.0,1,0,2,retry_payment,0,0.0
TX06144,C0988,42519.4,WALLET,failed,insufficient_funds,1,0,114,16,10,0.62,0,0,2,send_reminder,0,0.0
TX06145,C1539,5182.47,CARD,abandoned,checkout_dropoff,1,1,271,1,0,0.0,0,0,0,payment_link,1,5182.47
TX06146,C2024,41990.07,NETBANKING,failed,network_error,4,0,243,11,0,0.0,0,0,0,retry_payment,0,0.0
TX06147,C0596,28119.71,NETBANKING,success,none,0,0,553,19,15,0.79,1,30,0,none,1,28119.71
TX06148,C2000,49138.09,NETBANKING,failed,bank_error,2,0,93,18,1,0.06,0,0,1,payment_link,0,0.0
TX06149,C0743,5705.31,NETBANKING,success,none,0,0,555,17,9,0.53,0,0,0,none,1,5705.31
TX06150,C1588,36153.05,NETBANKING,failed,technical_error,3,0,201,16,13,0.81,0,0,0,payment_link,1,36153.05
TX06151,C0024,17427.85,UPI,failed,insufficient_funds,3,0,15,9,5,0.56,0,0,0,send_reminder,0,0.0
TX06152,C0046,14614.64,NETBANKING,success,none,0,0,578,4,2,0.5,0,0,0,none,1,14614.64
TX06153,C1594,25921.64,NETBANKING,success,none,0,0,254,16,6,0.38,0,0,0,none,1,25921.64
TX06154,C1078,31607.17,UPI,success,none,0,0,31,8,0,0.0,0,0,0,none,1,31607.17
TX06155,C2233,5492.23,UPI,success,none,0,0,102,3,0,0.0,1,0,0,none,1,5492.23
TX06156,C1411,18810.63,WALLET,success,none,0,0,457,6,0,0.0,1,15,0,none,1,18810.63
TX06157,C1034,25396.51,NETBANKING,success,none,0,0,70,11,3,0.27,1,15,0,none,1,25396.51
TX06158,C1962,48628.44,NETBANKING,success,none,0,0,537,5,1,0.2,0,0,0,none,1,48628.44
TX06159,C2164,31833.54,UPI,abandoned,checkout_dropoff,0,1,248,15,2,0.13,1,3,0,payment_link,0,0.0
TX06160,C1985,6277.62,WALLET,success,none,0,0,361,10,2,0.2,1,0,0,none,1,6277.62
TX06161,C2129,40877.71,CARD,failed,timeout,3,0,191,2,0,0.0,0,0,0,retry_payment,0,0.0
TX06162,C2152,11301.44,CARD,failed,technical_error,0,0,329,20,8,0.4,0,0,0,payment_link,0,0.0
TX06163,C1954,48356.78,NETBANKING,success,none,0,0,398,12,5,0.42,1,1,0,none,1,48356.78
TX06164,C1075,18461.98,UPI,success,none,0,0,263,4,0,0.0,0,0,0,none,1,18461.98
TX06165,C2066,17842.42,NETBANKING,failed,network_error,2,0,105,9,3,0.33,0,0,1,retry_payment,0,0.0
TX06166,C0924,24506.13,NETBANKING,abandoned,checkout_dropoff,0,1,596,9,4,0.44,1,30,0,payment_link,0,0.0
TX06167,C1214,38029.91,WALLET,success,none,0,0,83,10,6,0.6,0,0,0,none,1,38029.91
TX06168,C0952,10987.13,NETBANKING,success,none,0,0,263,16,1,0.06,0,0,0,none,1,10987.13
TX06169,C1318,16239.38,WALLET,success,none,0,0,572,4,2,0.5,0,0,0,none,1,16239.38
TX06170,C1448,23274.9,WALLET,failed,timeout,0,0,470,9,9,1.0,0,0,2,retry_payment,1,23274.9
TX06171,C0773,31027.55,WALLET,success,none,0,0,149,18,11,0.61,0,0,0,none,1,31027.55
TX06172,C1061,5495.53,UPI,success,none,0,0,194,15,8,0.53,1,3,0,none,1,5495.53
TX06173,C1128,18782.3,NETBANKING,failed,timeout,4,0,163,12,0,0.0,1,0,0,retry_payment,0,0.0
TX06174,C0930,23857.54,CARD,success,none,0,0,216,12,12,1.0,0,0,0,none,1,23857.54
TX06175,C2030,5789.73,UPI,success,none,0,0,259,2,1,0.5,0,0,0,none,1,5789.73
TX06176,C0238,30466.39,NETBANKING,success,none,0,0,31,9,2,0.22,1,0,0,none,1,30466.39
TX06177,C0982,3498.76,CARD,success,none,0,0,337,16,9,0.56,1,0,0,none,1,3498.76
TX06178,C1193,30239.0,WALLET,success,none,0,0,243,11,2,0.18,0,0,0,none,1,30239.0
TX06179,C1639,1002.02,CARD,success,none,0,0,180,17,14,0.82,1,7,0,none,1,1002.02
TX06180,C0868,38283.28,CARD,success,none,0,0,410,9,7,0.78,0,0,0,none,1,38283.28
TX06181,C1491,11105.45,NETBANKING,failed,bank_error,0,0,342,10,2,0.2,1,0,0,payment_link,0,0.0
TX06182,C2153,27021.52,CARD,abandoned,checkout_dropoff,3,1,72,3,1,0.33,1,0,1,payment_link,0,0.0
TX06183,C0897,9481.58,CARD,success,none,0,0,478,15,11,0.73,1,7,0,none,1,9481.58
TX06184,C1223,13413.95,WALLET,failed,network_error,2,0,359,8,3,0.38,1,3,1,retry_payment,0,0.0
TX06185,C2412,39280.34,WALLET,success,none,0,0,455,5,3,0.6,1,0,0,none,1,39280.34
TX06186,C1120,12385.44,WALLET,failed,network_error,3,0,236,2,0,0.0,1,1,0,retry_payment,0,0.0
TX06187,C0852,35491.54,UPI,success,none,0,0,512,7,5,0.71,1,0,0,none,1,35491.54
TX06188,C0759,3897.82,WALLET,success,none,0,0,115,13,2,0.15,1,1,0,none,1,3897.82
TX06189,C2350,26392.31,WALLET,success,none,0,0,129,2,1,0.5,1,0,0,none,1,26392.31
TX06190,C1230,39082.33,WALLET,success,none,0,0,12,2,2,1.0,1,0,0,none,1,39082.33
TX06191,C1070,22940.01,CARD,success,none,0,0,418,4,3,0.75,1,15,0,none,1,22940.01
TX06192,C2497,47264.7,WALLET,success,none,0,0,145,19,12,0.63,1,0,0,none,1,47264.7
TX06193,C1749,36671.49,WALLET,success,none,0,0,447,8,6,0.75,1,0,0,none,1,36671.49
TX06194,C1525,6578.66,CARD,success,none,0,0,28,15,11,0.73,1,0,0,none,1,6578.66
TX06195,C0038,32626.42,NETBANKING,success,none,0,0,210,17,7,0.41,0,0,0,none,1,32626.42
TX06196,C0401,3503.33,NETBANKING,abandoned,checkout_dropoff,4,1,144,1,1,1.0,0,0,2,send_reminder,1,3503.33
TX06197,C2379,32902.66,WALLET,success,none,0,0,538,6,2,0.33,1,3,0,none,1,32902.66
TX06198,C1697,21434.33,UPI,failed,timeout,0,0,144,18,0,0.0,0,0,0,retry_payment,1,21434.33
TX06199,C1233,14850.32,WALLET,success,none,0,0,433,11,1,0.09,1,3,0,none,1,14850.32
TX06200,C1473,28163.87,WALLET,success,none,0,0,197,13,5,0.38,1,7,0,none,1,28163.87
TX06201,C1224,45365.12,CARD,success,none,0,0,594,6,1,0.17,1,0,0,none,1,45365.12
TX06202,C2368,35650.81,CARD,failed,timeout,0,0,476,13,12,0.92,1,1,1,retry_payment,1,35650.81
TX06203,C1215,8540.61,CARD,failed,timeout,4,0,278,2,2,1.0,1,0,1,retry_payment,0,0.0
TX06204,C1229,23529.93,UPI,failed,bank_error,3,0,284,13,11,0.85,1,7,1,payment_link,1,23529.93
TX06205,C1882,35898.71,NETBANKING,abandoned,checkout_dropoff,0,1,523,20,2,0.1,1,0,2,payment_link,0,0.0
TX06206,C0469,36362.13,UPI,success,none,0,0,91,15,15,1.0,1,0,0,none,1,36362.13
TX06207,C0191,2808.49,CARD,success,none,0,0,265,14,4,0.29,0,0,0,none,1,2808.49
TX06208,C0890,25678.96,CARD,success,none,0,0,337,6,1,0.17,0,0,0,none,1,25678.96
TX06209,C2468,15677.63,CARD,abandoned,checkout_dropoff,2,1,421,6,5,0.83,0,0,0,payment_link,0,0.0
TX06210,C0694,18180.07,UPI,success,none,0,0,118,3,1,0.33,1,0,0,none,1,18180.07
TX06211,C1426,8131.98,NETBANKING,success,none,0,0,408,11,6,0.55,0,0,0,none,1,8131.98
TX06212,C1728,15298.77,NETBANKING,success,none,0,0,190,14,2,0.14,1,0,0,none,1,15298.77
TX06213,C2012,7799.91,CARD,failed,network_error,2,0,211,1,1,1.0,0,0,1,retry_payment,0,0.0
TX06214,C0969,40623.88,NETBANKING,abandoned,checkout_dropoff,4,1,306,15,1,0.07,0,0,2,send_reminder,0,0.0
TX06215,C2242,5860.12,CARD,success,none,0,0,493,3,0,0.0,1,0,0,none,1,5860.12
TX06216,C0242,24848.26,UPI,success,none,0,0,442,9,6,0.67,0,0,0,none,1,24848.26
TX06217,C1577,35568.91,WALLET,success,none,0,0,561,1,0,0.0,0,0,0,none,1,35568.91
TX06218,C0583,32293.8,WALLET,failed,technical_error,4,0,48,11,3,0.27,1,0,2,payment_link,0,0.0
TX06219,C1397,10770.92,NETBANKING,abandoned,checkout_dropoff,4,1,472,2,0,0.0,1,3,2,send_reminder,1,10770.92
TX06220,C0014,43384.87,NETBANKING,abandoned,checkout_dropoff,2,1,208,6,5,0.83,1,3,0,send_reminder,0,0.0
TX06221,C0033,41157.93,CARD,abandoned,checkout_dropoff,1,1,24,2,2,1.0,1,0,2,send_reminder,1,41157.93
TX06222,C0779,46948.5,NETBANKING,success,none,0,0,546,3,1,0.33,1,15,0,none,1,46948.5
TX06223,C0382,3367.46,NETBANKING,success,none,0,0,299,13,7,0.54,1,15,0,none,1,3367.46
TX06224,C1993,11128.94,NETBANKING,success,none,0,0,266,4,2,0.5,1,0,0,none,1,11128.94
TX06225,C0778,43254.15,CARD,success,none,0,0,163,4,4,1.0,1,1,0,none,1,43254.15
TX06226,C0631,12783.88,WALLET,failed,technical_error,0,0,483,9,0,0.0,0,0,2,payment_link,1,12783.88
TX06227,C0837,35447.47,UPI,failed,technical_error,4,0,287,4,3,0.75,0,0,1,payment_link,1,35447.47
TX06228,C0229,19672.19,WALLET,failed,insufficient_funds,0,0,242,6,3,0.5,0,0,0,send_reminder,0,0.0
TX06229,C0422,40237.35,NETBANKING,abandoned,checkout_dropoff,4,1,144,5,4,0.8,0,0,0,payment_link,1,40237.35
TX06230,C0310,38283.77,CARD,failed,network_error,2,0,339,2,0,0.0,1,30,1,retry_payment,0,0.0
TX06231,C0674,31047.0,CARD,success,none,0,0,152,17,14,0.82,0,0,0,none,1,31047.0
TX06232,C1124,16881.91,CARD,success,none,0,0,129,20,14,0.7,0,0,0,none,1,16881.91
TX06233,C2200,36629.32,NETBANKING,success,none,0,0,521,20,7,0.35,0,0,0,none,1,36629.32
TX06234,C1555,45227.33,UPI,success,none,0,0,168,16,16,1.0,1,0,0,none,1,45227.33
TX06235,C1213,26832.73,WALLET,failed,insufficient_funds,3,0,107,5,4,0.8,0,0,1,send_reminder,0,0.0
TX06236,C2483,42007.35,NETBANKING,abandoned,checkout_dropoff,1,1,137,4,0,0.0,1,0,1,send_reminder,0,0.0
TX06237,C1567,40503.48,WALLET,failed,insufficient_funds,4,0,464,4,1,0.25,1,0,0,send_reminder,0,0.0
TX06238,C2489,7540.87,UPI,success,none,0,0,182,7,5,0.71,0,0,0,none,1,7540.87
TX06239,C1039,22658.09,WALLET,success,none,0,0,376,10,5,0.5,0,0,0,none,1,22658.09
TX06240,C2054,16312.09,NETBANKING,success,none,0,0,353,20,16,0.8,0,0,0,none,1,16312.09
TX06241,C1586,28772.02,NETBANKING,success,none,0,0,571,16,16,1.0,1,1,0,none,1,28772.02
TX06242,C2232,43342.08,NETBANKING,failed,network_error,3,0,49,5,3,0.6,0,0,2,retry_payment,0,0.0
TX06243,C1499,29887.19,UPI,success,none,0,0,145,4,4,1.0,0,0,0,none,1,29887.19
TX06244,C0768,45755.24,WALLET,success,none,0,0,208,2,2,1.0,0,0,0,none,1,45755.24
TX06245,C1351,11645.53,CARD,abandoned,checkout_dropoff,1,1,221,7,6,0.86,1,0,1,send_reminder,1,11645.53
TX06246,C2369,7008.21,CARD,success,none,0,0,113,5,5,1.0,1,1,0,none,1,7008.21
TX06247,C0426,39413.41,CARD,success,none,0,0,264,5,5,1.0,1,1,0,none,1,39413.41
TX06248,C2297,25561.53,NETBANKING,failed,network_error,2,0,90,14,2,0.14,1,0,0,retry_payment,0,0.0
TX06249,C0399,6608.7,UPI,success,none,0,0,343,10,10,1.0,1,0,0,none,1,6608.7
TX06250,C2107,37679.23,UPI,success,none,0,0,315,14,11,0.79,0,0,0,none,1,37679.23
TX06251,C0075,33999.0,UPI,success,none,0,0,556,3,0,0.0,1,0,0,none,1,33999.0
TX06252,C1975,24333.24,WALLET,success,none,0,0,352,4,2,0.5,1,0,0,none,1,24333.24
TX06253,C0780,43288.76,CARD,success,none,0,0,50,8,2,0.25,1,0,0,none,1,43288.76
TX06254,C1243,46231.74,UPI,success,none,0,0,465,18,10,0.56,1,30,0,none,1,46231.74
TX06255,C0841,45021.27,NETBANKING,success,none,0,0,81,9,5,0.56,1,7,0,none,1,45021.27
TX06256,C0348,7987.35,UPI,success,none,0,0,94,6,4,0.67,1,1,0,none,1,7987.35
TX06257,C1741,21507.61,WALLET,success,none,0,0,310,13,9,0.69,0,0,0,none,1,21507.61
TX06258,C1568,12255.5,CARD,success,none,0,0,299,17,3,0.18,1,1,0,none,1,12255.5
TX06259,C1453,9691.68,UPI,failed,technical_error,0,0,78,10,6,0.6,0,0,1,payment_link,0,0.0
TX06260,C0233,39244.3,CARD,success,none,0,0,243,20,4,0.2,1,7,0,none,1,39244.3
TX06261,C1891,27000.49,CARD,success,none,0,0,407,9,2,0.22,1,7,0,none,1,27000.49
TX06262,C2082,40518.97,CARD,success,none,0,0,281,7,6,0.86,1,15,0,none,1,40518.97
TX06263,C1250,48729.44,WALLET,failed,technical_error,1,0,162,8,7,0.88,0,0,2,payment_link,1,48729.44
TX06264,C0675,30301.74,UPI,success,none,0,0,151,10,0,0.0,1,0,0,none,1,30301.74
TX06265,C1651,34322.31,NETBANKING,success,none,0,0,376,13,9,0.69,0,0,0,none,1,34322.31
TX06266,C1835,12764.11,NETBANKING,success,none,0,0,385,14,9,0.64,1,3,0,none,1,12764.11
TX06267,C0688,19241.35,WALLET,failed,network_error,1,0,293,8,8,1.0,0,0,1,retry_payment,1,19241.35
TX06268,C2296,46552.32,CARD,success,none,0,0,411,6,0,0.0,1,0,0,none,1,46552.32
TX06269,C1786,2566.8,NETBANKING,success,none,0,0,160,9,1,0.11,1,0,0,none,1,2566.8
TX06270,C1706,15892.04,CARD,success,none,0,0,414,2,1,0.5,1,0,0,none,1,15892.04
TX06271,C0110,43957.53,UPI,success,none,0,0,322,15,12,0.8,1,30,0,none,1,43957.53
TX06272,C0042,48094.17,NETBANKING,failed,bank_error,0,0,233,20,15,0.75,0,0,1,payment_link,1,48094.17
TX06273,C1542,19115.81,CARD,success,none,0,0,503,6,2,0.33,0,0,0,none,1,19115.81
TX06274,C1053,8609.94,NETBANKING,failed,network_error,1,0,561,16,13,0.81,0,0,2,retry_payment,1,8609.94
TX06275,C2068,7402.12,UPI,success,none,0,0,576,15,14,0.93,1,3,0,none,1,7402.12
TX06276,C2069,3848.29,NETBANKING,failed,network_error,3,0,574,4,1,0.25,1,0,0,retry_payment,0,0.0
TX06277,C0044,14856.04,UPI,success,none,0,0,493,7,2,0.29,1,7,0,none,1,14856.04
TX06278,C1609,25264.96,NETBANKING,success,none,0,0,40,13,13,1.0,0,0,0,none,1,25264.96
TX06279,C1131,23115.24,WALLET,success,none,0,0,411,20,6,0.3,1,15,0,none,1,23115.24
TX06280,C0285,46509.64,UPI,success,none,0,0,123,12,12,1.0,0,0,0,none,1,46509.64
TX06281,C2058,1511.51,WALLET,success,none,0,0,316,15,15,1.0,0,0,0,none,1,1511.51
TX06282,C0466,21132.42,WALLET,abandoned,checkout_dropoff,0,1,164,8,3,0.38,1,0,0,payment_link,0,0.0
TX06283,C2293,3793.44,WALLET,success,none,0,0,348,13,11,0.85,0,0,0,none,1,3793.44
TX06284,C0827,16522.62,CARD,success,none,0,0,79,6,4,0.67,0,0,0,none,1,16522.62
TX06285,C1276,18097.74,WALLET,success,none,0,0,574,12,9,0.75,1,0,0,none,1,18097.74
TX06286,C0197,17109.21,UPI,success,none,0,0,333,3,0,0.0,1,1,0,none,1,17109.21
TX06287,C1669,831.6,UPI,success,none,0,0,592,6,5,0.83,1,0,0,none,1,831.6
TX06288,C2064,4444.07,CARD,success,none,0,0,393,16,1,0.06,0,0,0,none,1,4444.07
TX06289,C0454,5544.01,WALLET,success,none,0,0,54,6,6,1.0,0,0,0,none,1,5544.01
TX06290,C2150,43956.36,UPI,success,none,0,0,528,20,12,0.6,1,15,0,none,1,43956.36
TX06291,C2415,33160.44,UPI,failed,technical_error,4,0,123,12,4,0.33,0,0,0,payment_link,0,0.0
TX06292,C0283,15933.37,CARD,success,none,0,0,396,13,12,0.92,1,0,0,none,1,15933.37
TX06293,C0806,14280.48,NETBANKING,success,none,0,0,248,10,10,1.0,0,0,0,none,1,14280.48
TX06294,C1763,47142.52,WALLET,success,none,0,0,284,11,6,0.55,1,3,0,none,1,47142.52
TX06295,C0265,5624.8,NETBANKING,abandoned,checkout_dropoff,3,1,585,3,3,1.0,0,0,0,send_reminder,1,5624.8
TX06296,C1516,22049.01,WALLET,failed,technical_error,0,0,87,16,5,0.31,1,15,1,payment_link,0,0.0
TX06297,C1930,11530.55,WALLET,success,none,0,0,564,1,0,0.0,1,1,0,none,1,11530.55
TX06298,C0549,47252.74,WALLET,success,none,0,0,124,19,19,1.0,1,1,0,none,1,47252.74
TX06299,C2395,15378.12,NETBANKING,failed,bank_error,0,0,496,10,5,0.5,1,0,2,payment_link,0,0.0
TX06300,C2237,26872.84,CARD,failed,technical_error,4,0,312,10,3,0.3,0,0,2,payment_link,0,0.0
TX06301,C1121,5496.25,NETBANKING,success,none,0,0,599,12,5,0.42,1,0,0,none,1,5496.25
TX06302,C0269,17247.74,WALLET,failed,timeout,4,0,490,5,4,0.8,0,0,1,retry_payment,0,0.0
TX06303,C1739,4376.36,UPI,success,none,0,0,242,6,6,1.0,1,15,0,none,1,4376.36
TX06304,C1650,10937.6,UPI,success,none,0,0,300,20,15,0.75,0,0,0,none,1,10937.6
TX06305,C2367,22651.71,WALLET,failed,technical_error,2,0,428,10,7,0.7,0,0,0,payment_link,1,22651.71
TX06306,C1976,17948.68,CARD,success,none,0,0,452,4,4,1.0,1,7,0,none,1,17948.68
TX06307,C1410,5850.71,WALLET,success,none,0,0,233,10,4,0.4,0,0,0,none,1,5850.71
TX06308,C1690,2683.19,UPI,success,none,0,0,113,13,13,1.0,0,0,0,none,1,2683.19
TX06309,C1775,30823.11,WALLET,abandoned,checkout_dropoff,1,1,475,17,7,0.41,0,0,0,payment_link,0,0.0
TX06310,C1554,46137.44,WALLET,success,none,0,0,588,14,12,0.86,0,0,0,none,1,46137.44
TX06311,C1248,9834.35,UPI,failed,network_error,0,0,450,16,14,0.88,0,0,0,retry_payment,1,9834.35
TX06312,C1518,48260.83,UPI,success,none,0,0,489,1,0,0.0,0,0,0,none,1,48260.83
TX06313,C2225,10727.37,NETBANKING,failed,insufficient_funds,0,0,401,9,6,0.67,0,0,0,send_reminder,1,10727.37
TX06314,C1439,2300.21,WALLET,success,none,0,0,412,12,2,0.17,1,15,0,none,1,2300.21
TX06315,C0206,1771.58,NETBANKING,success,none,0,0,531,13,8,0.62,1,1,0,none,1,1771.58
TX06316,C0615,7745.37,CARD,failed,network_error,0,0,404,12,11,0.92,1,1,0,retry_payment,1,7745.37
TX06317,C1217,13752.53,UPI,success,none,0,0,12,7,4,0.57,0,0,0,none,1,13752.53
TX06318,C0006,35926.63,WALLET,failed,bank_error,0,0,521,1,1,1.0,1,0,2,payment_link,0,0.0
TX06319,C0113,47965.71,UPI,failed,timeout,3,0,155,4,0,0.0,1,0,0,retry_payment,0,0.0
TX06320,C0964,2227.87,WALLET,failed,timeout,1,0,416,12,9,0.75,0,0,2,retry_payment,0,0.0
TX06321,C0394,20437.3,WALLET,success,none,0,0,114,8,6,0.75,1,3,0,none,1,20437.3
TX06322,C0685,38121.67,CARD,abandoned,checkout_dropoff,0,1,566,13,13,1.0,0,0,0,payment_link,1,38121.67
TX06323,C0086,35513.18,NETBANKING,success,none,0,0,594,13,13,1.0,0,0,0,none,1,35513.18
TX06324,C2467,28766.45,WALLET,success,none,0,0,311,17,17,1.0,0,0,0,none,1,28766.45
TX06325,C1090,19947.02,CARD,success,none,0,0,464,10,0,0.0,1,1,0,none,1,19947.02
TX06326,C1240,46288.47,NETBANKING,success,none,0,0,125,15,11,0.73,1,0,0,none,1,46288.47
TX06327,C1580,4649.06,WALLET,success,none,0,0,237,6,1,0.17,0,0,0,none,1,4649.06
TX06328,C1530,692.52,WALLET,failed,network_error,0,0,208,5,0,0.0,1,0,2,retry_payment,0,0.0
TX06329,C0019,48684.93,WALLET,success,none,0,0,497,2,2,1.0,1,3,0,none,1,48684.93
TX06330,C0469,31075.74,CARD,abandoned,checkout_dropoff,0,1,28,9,5,0.56,0,0,1,send_reminder,0,0.0
TX06331,C0765,30128.72,UPI,success,none,0,0,258,1,1,1.0,0,0,0,none,1,30128.72
TX06332,C0136,4559.1,NETBANKING,success,none,0,0,368,6,3,0.5,0,0,0,none,1,4559.1
TX06333,C0455,4094.73,WALLET,failed,insufficient_funds,3,0,513,6,1,0.17,1,0,1,send_reminder,0,0.0
TX06334,C0097,35033.73,NETBANKING,success,none,0,0,108,19,11,0.58,0,0,0,none,1,35033.73
TX06335,C0654,9229.09,CARD,failed,insufficient_funds,2,0,279,1,1,1.0,1,15,1,send_reminder,0,0.0
TX06336,C2350,31551.54,CARD,success,none,0,0,512,13,11,0.85,1,7,0,none,1,31551.54
TX06337,C1584,3480.08,CARD,failed,timeout,1,0,366,11,11,1.0,0,0,0,retry_payment,1,3480.08
TX06338,C0305,39806.92,WALLET,success,none,0,0,368,13,11,0.85,0,0,0,none,1,39806.92
TX06339,C1410,4038.15,CARD,success,none,0,0,49,18,13,0.72,0,0,0,none,1,4038.15
TX06340,C1851,46999.87,UPI,success,none,0,0,123,7,5,0.71,0,0,0,none,1,46999.87
TX06341,C2123,35980.22,WALLET,failed,bank_error,2,0,168,2,2,1.0,1,0,1,payment_link,0,0.0
TX06342,C1491,28521.84,NETBANKING,success,none,0,0,333,16,0,0.0,1,3,0,none,1,28521.84
TX06343,C1964,42135.12,CARD,success,none,0,0,278,14,11,0.79,0,0,0,none,1,42135.12
TX06344,C0285,36479.27,CARD,abandoned,checkout_dropoff,1,1,501,2,0,0.0,1,3,1,send_reminder,1,36479.27
TX06345,C1946,9208.43,WALLET,success,none,0,0,158,10,1,0.1,0,0,0,none,1,9208.43
TX06346,C0679,21007.55,UPI,success,none,0,0,221,1,0,0.0,0,0,0,none,1,21007.55
TX06347,C0077,38258.57,UPI,success,none,0,0,241,4,4,1.0,0,0,0,none,1,38258.57
TX06348,C2196,40421.42,NETBANKING,failed,insufficient_funds,1,0,102,3,1,0.33,0,0,0,send_reminder,1,40421.42
TX06349,C0327,11672.01,WALLET,success,none,0,0,563,17,15,0.88,0,0,0,none,1,11672.01
TX06350,C2168,22631.13,WALLET,success,none,0,0,51,10,2,0.2,0,0,0,none,1,22631.13
TX06351,C2079,23557.76,WALLET,success,none,0,0,33,19,0,0.0,0,0,0,none,1,23557.76
TX06352,C1984,40706.96,WALLET,success,none,0,0,298,6,5,0.83,1,15,0,none,1,40706.96
TX06353,C0142,30394.79,WALLET,success,none,0,0,387,5,2,0.4,0,0,0,none,1,30394.79
TX06354,C2405,30963.24,UPI,success,none,0,0,546,11,4,0.36,0,0,0,none,1,30963.24
TX06355,C0925,6302.47,WALLET,success,none,0,0,277,9,8,0.89,1,7,0,none,1,6302.47
TX06356,C0498,39798.47,NETBANKING,success,none,0,0,184,8,3,0.38,1,0,0,none,1,39798.47
TX06357,C0718,18775.65,NETBANKING,failed,network_error,0,0,548,17,4,0.24,0,0,0,retry_payment,1,18775.65
TX06358,C2144,33287.28,NETBANKING,success,none,0,0,259,3,2,0.67,1,0,0,none,1,33287.28
TX06359,C1626,34961.81,WALLET,failed,insufficient_funds,2,0,521,16,15,0.94,1,0,2,send_reminder,0,0.0
TX06360,C0485,37284.71,WALLET,success,none,0,0,387,7,2,0.29,1,0,0,none,1,37284.71
TX06361,C0327,40425.05,UPI,success,none,0,0,131,14,2,0.14,0,0,0,none,1,40425.05
TX06362,C2489,26106.58,WALLET,success,none,0,0,301,14,9,0.64,0,0,0,none,1,26106.58
TX06363,C0369,21067.49,UPI,failed,insufficient_funds,0,0,407,10,9,0.9,0,0,0,send_reminder,0,0.0
TX06364,C2022,2548.53,NETBANKING,abandoned,checkout_dropoff,2,1,128,20,12,0.6,1,7,0,payment_link,1,2548.53
TX06365,C1559,34796.74,WALLET,success,none,0,0,24,4,3,0.75,1,7,0,none,1,34796.74
TX06366,C1202,8364.61,NETBANKING,success,none,0,0,428,15,3,0.2,0,0,0,none,1,8364.61
TX06367,C0256,19259.66,NETBANKING,failed,technical_error,1,0,35,17,15,0.88,1,0,2,payment_link,1,19259.66
TX06368,C2294,10348.32,NETBANKING,abandoned,checkout_dropoff,2,1,379,4,1,0.25,0,0,2,payment_link,1,10348.32
TX06369,C1674,37192.26,NETBANKING,abandoned,checkout_dropoff,1,1,146,8,2,0.25,1,0,0,payment_link,0,0.0
TX06370,C1714,30933.17,CARD,failed,technical_error,3,0,503,6,6,1.0,0,0,2,payment_link,1,30933.17
TX06371,C2039,42836.14,NETBANKING,success,none,0,0,123,13,11,0.85,1,0,0,none,1,42836.14
TX06372,C1155,46473.68,NETBANKING,failed,timeout,1,0,543,9,0,0.0,0,0,1,retry_payment,0,0.0
TX06373,C1772,46788.54,WALLET,success,none,0,0,389,9,4,0.44,0,0,0,none,1,46788.54
TX06374,C1712,19774.28,NETBANKING,success,none,0,0,231,6,4,0.67,0,0,0,none,1,19774.28
TX06375,C1626,29177.21,UPI,failed,timeout,0,0,85,4,4,1.0,1,0,2,retry_payment,1,29177.21
TX06376,C2227,36400.92,UPI,abandoned,checkout_dropoff,0,1,39,12,6,0.5,1,0,2,payment_link,0,0.0
TX06377,C1757,33417.75,WALLET,failed,network_error,4,0,449,3,0,0.0,0,0,2,retry_payment,0,0.0
TX06378,C1767,33925.22,UPI,failed,timeout,2,0,563,2,1,0.5,0,0,2,retry_payment,0,0.0
TX06379,C1272,2511.48,WALLET,abandoned,checkout_dropoff,1,1,372,2,0,0.0,0,0,1,send_reminder,0,0.0
TX06380,C0262,19513.4,CARD,success,none,0,0,549,11,5,0.45,1,15,0,none,1,19513.4
TX06381,C0916,41111.6,CARD,success,none,0,0,15,6,1,0.17,1,0,0,none,1,41111.6
TX06382,C0380,24991.4,CARD,abandoned,checkout_dropoff,0,1,130,18,5,0.28,0,0,2,payment_link,1,24991.4
TX06383,C1322,3894.98,CARD,success,none,0,0,28,12,10,0.83,0,0,0,none,1,3894.98
TX06384,C1087,23095.65,WALLET,failed,insufficient_funds,3,0,153,8,3,0.38,0,0,1,send_reminder,0,0.0
TX06385,C2363,37095.32,WALLET,success,none,0,0,537,17,10,0.59,1,0,0,none,1,37095.32
TX06386,C1579,39972.76,NETBANKING,success,none,0,0,169,20,10,0.5,1,0,0,none,1,39972.76
TX06387,C0843,48312.16,WALLET,success,none,0,0,234,1,0,0.0,0,0,0,none,1,48312.16
TX06388,C0029,13766.32,UPI,success,none,0,0,424,5,1,0.2,1,30,0,none,1,13766.32
TX06389,C0724,18425.38,UPI,abandoned,checkout_dropoff,1,1,548,3,2,0.67,0,0,0,payment_link,1,18425.38
TX06390,C2408,17329.01,UPI,success,none,0,0,524,4,4,1.0,1,3,0,none,1,17329.01
TX06391,C1197,5066.48,WALLET,success,none,0,0,437,8,7,0.88,0,0,0,none,1,5066.48
TX06392,C2022,2053.54,NETBANKING,failed,bank_error,3,0,209,15,11,0.73,0,0,1,payment_link,1,2053.54
TX06393,C0981,43030.17,NETBANKING,failed,technical_error,1,0,139,5,5,1.0,1,0,1,payment_link,0,0.0
TX06394,C0146,3008.35,WALLET,success,none,0,0,11,19,2,0.11,0,0,0,none,1,3008.35
TX06395,C1559,5571.89,CARD,success,none,0,0,110,12,1,0.08,1,0,0,none,1,5571.89
TX06396,C1519,31184.33,NETBANKING,success,none,0,0,328,17,12,0.71,1,0,0,none,1,31184.33
TX06397,C2262,12651.0,NETBANKING,success,none,0,0,288,20,10,0.5,1,3,0,none,1,12651.0
TX06398,C2319,41260.44,WALLET,success,none,0,0,448,3,1,0.33,0,0,0,none,1,41260.44
TX06399,C1195,1060.36,UPI,failed,insufficient_funds,1,0,193,20,0,0.0,1,0,0,send_reminder,1,1060.36
TX06400,C1978,21636.56,NETBANKING,success,none,0,0,110,5,5,1.0,0,0,0,none,1,21636.56
TX06401,C1881,7007.81,CARD,success,none,0,0,317,8,4,0.5,0,0,0,none,1,7007.81
TX06402,C0768,1417.37,CARD,success,none,0,0,96,20,17,0.85,1,0,0,none,1,1417.37
TX06403,C2098,23836.78,NETBANKING,success,none,0,0,255,15,4,0.27,0,0,0,none,1,23836.78
TX06404,C0162,35932.0,WALLET,success,none,0,0,514,4,1,0.25,1,3,0,none,1,35932.0
TX06405,C2053,22342.95,NETBANKING,success,none,0,0,536,19,11,0.58,0,0,0,none,1,22342.95
TX06406,C1489,45404.24,CARD,success,none,0,0,336,8,5,0.62,1,1,0,none,1,45404.24
TX06407,C2337,17160.46,NETBANKING,success,none,0,0,308,8,6,0.75,0,0,0,none,1,17160.46
TX06408,C1184,12147.43,WALLET,success,none,0,0,303,8,0,0.0,1,1,0,none,1,12147.43
TX06409,C1657,36584.64,WALLET,failed,network_error,2,0,317,5,2,0.4,0,0,2,retry_payment,0,0.0
TX06410,C1564,29033.79,CARD,failed,insufficient_funds,3,0,597,2,0,0.0,1,30,2,send_reminder,0,0.0
TX06411,C2236,249.76,WALLET,success,none,0,0,357,17,9,0.53,1,0,0,none,1,249.76
TX06412,C0028,31446.62,CARD,abandoned,checkout_dropoff,4,1,408,12,3,0.25,1,0,2,send_reminder,1,31446.62
TX06413,C2058,44352.04,NETBANKING,abandoned,checkout_dropoff,3,1,571,8,5,0.62,0,0,2,send_reminder,1,44352.04
TX06414,C0972,13967.21,UPI,success,none,0,0,381,12,4,0.33,1,3,0,none,1,13967.21
TX06415,C0510,45606.57,CARD,failed,timeout,2,0,31,8,3,0.38,1,1,1,retry_payment,0,0.0
TX06416,C2228,11400.99,UPI,success,none,0,0,115,4,0,0.0,1,0,0,none,1,11400.99
TX06417,C2338,26073.71,NETBANKING,success,none,0,0,414,12,3,0.25,1,1,0,none,1,26073.71
TX06418,C0873,1225.65,WALLET,success,none,0,0,457,7,4,0.57,0,0,0,none,1,1225.65
TX06419,C1701,18922.46,UPI,success,none,0,0,340,16,14,0.88,0,0,0,none,1,18922.46
TX06420,C2356,2188.23,NETBANKING,success,none,0,0,312,7,6,0.86,0,0,0,none,1,2188.23
TX06421,C0910,9808.62,CARD,success,none,0,0,169,3,0,0.0,0,0,0,none,1,9808.62
TX06422,C0482,34161.4,UPI,success,none,0,0,510,16,6,0.38,0,0,0,none,1,34161.4
TX06423,C0138,47368.12,WALLET,failed,timeout,4,0,538,4,4,1.0,1,1,1,retry_payment,0,0.0
TX06424,C0045,34740.44,WALLET,failed,technical_error,4,0,529,10,3,0.3,0,0,1,payment_link,0,0.0
TX06425,C1313,1817.45,CARD,success,none,0,0,555,3,1,0.33,1,0,0,none,1,1817.45
TX06426,C1202,30396.93,UPI,success,none,0,0,285,2,1,0.5,1,0,0,none,1,30396.93
TX06427,C2441,11664.46,WALLET,abandoned,checkout_dropoff,4,1,543,9,7,0.78,0,0,1,send_reminder,1,11664.46
TX06428,C0880,42896.62,CARD,abandoned,checkout_dropoff,4,1,22,3,2,0.67,0,0,2,send_reminder,0,0.0
TX06429,C1693,7809.0,UPI,success,none,0,0,196,8,0,0.0,0,0,0,none,1,7809.0
TX06430,C0045,5760.25,CARD,success,none,0,0,558,13,0,0.0,0,0,0,none,1,5760.25
TX06431,C2012,11609.93,NETBANKING,success,none,0,0,382,12,5,0.42,0,0,0,none,1,11609.93
TX06432,C1416,4938.85,UPI,failed,technical_error,3,0,103,10,2,0.2,1,7,1,payment_link,1,4938.85
TX06433,C0929,20712.57,WALLET,failed,network_error,2,0,101,3,0,0.0,0,0,0,retry_payment,0,0.0
TX06434,C0732,32282.89,WALLET,failed,timeout,0,0,217,11,10,0.91,1,0,2,retry_payment,0,0.0
TX06435,C2428,18084.32,WALLET,success,none,0,0,390,5,3,0.6,1,3,0,none,1,18084.32
TX06436,C0370,22268.85,UPI,success,none,0,0,246,15,5,0.33,1,0,0,none,1,22268.85
TX06437,C1577,11354.82,CARD,success,none,0,0,273,7,4,0.57,0,0,0,none,1,11354.82
TX06438,C0248,1455.95,UPI,abandoned,checkout_dropoff,1,1,266,6,0,0.0,0,0,1,payment_link,0,0.0
TX06439,C0116,19578.03,WALLET,abandoned,checkout_dropoff,1,1,392,19,11,0.58,1,1,0,send_reminder,1,19578.03
TX06440,C0530,36647.91,NETBANKING,success,none,0,0,188,3,3,1.0,0,0,0,none,1,36647.91
TX06441,C1992,12824.37,CARD,success,none,0,0,272,2,2,1.0,1,30,0,none,1,12824.37
TX06442,C1937,27939.85,UPI,success,none,0,0,501,4,3,0.75,0,0,0,none,1,27939.85
TX06443,C1711,26342.74,NETBANKING,failed,timeout,4,0,87,5,3,0.6,0,0,2,retry_payment,0,0.0
TX06444,C2176,34455.07,CARD,success,none,0,0,325,3,2,0.67,1,1,0,none,1,34455.07
TX06445,C1410,358.75,WALLET,success,none,0,0,226,7,0,0.0,1,0,0,none,1,358.75
TX06446,C2106,8243.44,NETBANKING,failed,timeout,4,0,378,5,3,0.6,0,0,1,retry_payment,0,0.0
TX06447,C1827,31424.03,CARD,success,none,0,0,323,13,3,0.23,1,0,0,none,1,31424.03
TX06448,C1970,13023.21,WALLET,failed,timeout,0,0,265,4,0,0.0,0,0,1,retry_payment,1,13023.21
TX06449,C0521,41905.25,UPI,abandoned,checkout_dropoff,4,1,105,12,12,1.0,1,30,1,payment_link,1,41905.25
TX06450,C2298,26433.65,WALLET,success,none,0,0,575,6,1,0.17,0,0,0,none,1,26433.65
TX06451,C0972,46949.42,UPI,success,none,0,0,346,6,1,0.17,1,3,0,none,1,46949.42
TX06452,C2357,34181.19,NETBANKING,success,none,0,0,29,7,1,0.14,1,0,0,none,1,34181.19
TX06453,C0421,2985.0,UPI,abandoned,checkout_dropoff,1,1,172,9,7,0.78,0,0,2,send_reminder,1,2985.0
TX06454,C0406,14768.26,NETBANKING,success,none,0,0,238,15,11,0.73,1,30,0,none,1,14768.26
TX06455,C1407,34094.86,NETBANKING,failed,network_error,3,0,247,7,0,0.0,0,0,1,retry_payment,0,0.0
TX06456,C1388,34954.87,NETBANKING,failed,technical_error,3,0,387,15,2,0.13,1,3,1,payment_link,1,34954.87
TX06457,C1447,16920.99,UPI,failed,bank_error,4,0,406,9,2,0.22,0,0,1,payment_link,0,0.0
TX06458,C0218,44553.7,WALLET,failed,insufficient_funds,3,0,173,6,6,1.0,0,0,2,send_reminder,0,0.0
TX06459,C1164,16665.7,UPI,success,none,0,0,334,3,3,1.0,1,7,0,none,1,16665.7
TX06460,C0404,27452.4,UPI,failed,insufficient_funds,0,0,38,17,10,0.59,0,0,0,send_reminder,0,0.0
TX06461,C2480,13805.87,CARD,success,none,0,0,487,20,12,0.6,0,0,0,none,1,13805.87
TX06462,C2422,2057.35,WALLET,success,none,0,0,446,11,11,1.0,0,0,0,none,1,2057.35
TX06463,C0927,5215.01,WALLET,success,none,0,0,545,15,2,0.13,1,0,0,none,1,5215.01
TX06464,C1069,34765.44,UPI,success,none,0,0,507,3,3,1.0,1,0,0,none,1,34765.44
TX06465,C0202,33840.54,WALLET,success,none,0,0,569,18,10,0.56,0,0,0,none,1,33840.54
TX06466,C1743,27610.69,UPI,success,none,0,0,580,12,2,0.17,1,0,0,none,1,27610.69
TX06467,C1225,40454.2,UPI,failed,insufficient_funds,2,0,95,12,0,0.0,1,1,1,send_reminder,0,0.0
TX06468,C0367,5463.16,UPI,success,none,0,0,511,18,15,0.83,0,0,0,none,1,5463.16
TX06469,C1114,25663.89,UPI,success,none,0,0,338,4,2,0.5,1,15,0,none,1,25663.89
TX06470,C1855,18850.47,UPI,failed,technical_error,4,0,334,10,0,0.0,0,0,0,payment_link,1,18850.47
TX06471,C1177,48216.35,WALLET,success,none,0,0,401,19,19,1.0,1,0,0,none,1,48216.35
TX06472,C0901,40695.78,NETBANKING,success,none,0,0,56,4,3,0.75,1,0,0,none,1,40695.78
TX06473,C0598,8584.24,NETBANKING,failed,network_error,1,0,236,17,14,0.82,0,0,2,retry_payment,1,8584.24
TX06474,C0473,45129.71,WALLET,success,none,0,0,62,9,0,0.0,1,15,0,none,1,45129.71
TX06475,C0754,36926.65,WALLET,success,none,0,0,586,6,1,0.17,1,7,0,none,1,36926.65
TX06476,C2326,39236.54,NETBANKING,success,none,0,0,446,6,0,0.0,0,0,0,none,1,39236.54
TX06477,C2316,27578.2,NETBANKING,success,none,0,0,465,5,3,0.6,0,0,0,none,1,27578.2
TX06478,C0165,21738.03,WALLET,success,none,0,0,290,19,0,0.0,1,30,0,none,1,21738.03
TX06479,C2039,10851.79,UPI,success,none,0,0,341,8,7,0.88,1,0,0,none,1,10851.79
TX06480,C0249,47419.45,CARD,success,none,0,0,420,18,4,0.22,1,1,0,none,1,47419.45
TX06481,C1811,46172.87,UPI,success,none,0,0,439,16,4,0.25,1,0,0,none,1,46172.87
TX06482,C0346,45523.12,UPI,success,none,0,0,227,15,0,0.0,0,0,0,none,1,45523.12
TX06483,C1104,37805.51,WALLET,success,none,0,0,180,17,17,1.0,0,0,0,none,1,37805.51
TX06484,C0875,28999.19,WALLET,success,none,0,0,584,15,15,1.0,0,0,0,none,1,28999.19
TX06485,C0284,15937.06,CARD,failed,insufficient_funds,1,0,283,10,3,0.3,0,0,0,send_reminder,1,15937.06
TX06486,C2350,11013.07,CARD,success,none,0,0,229,13,7,0.54,1,7,0,none,1,11013.07
TX06487,C0146,29516.23,NETBANKING,failed,insufficient_funds,1,0,518,1,0,0.0,0,0,2,send_reminder,0,0.0
TX06488,C0500,47213.78,UPI,success,none,0,0,295,7,0,0.0,1,0,0,none,1,47213.78
TX06489,C2217,39164.38,CARD,failed,insufficient_funds,2,0,363,1,0,0.0,1,1,2,send_reminder,0,0.0
TX06490,C2231,40502.58,WALLET,success,none,0,0,577,4,4,1.0,1,0,0,none,1,40502.58
TX06491,C2260,34054.88,NETBANKING,success,none,0,0,459,9,8,0.89,0,0,0,none,1,34054.88
TX06492,C0700,9659.91,WALLET,abandoned,checkout_dropoff,2,1,179,11,0,0.0,1,0,2,send_reminder,1,9659.91
TX06493,C1989,14776.67,WALLET,success,none,0,0,567,18,9,0.5,0,0,0,none,1,14776.67
TX06494,C1669,21886.66,UPI,abandoned,checkout_dropoff,2,1,363,1,0,0.0,0,0,0,send_reminder,0,0.0
TX06495,C0643,40063.29,NETBANKING,failed,network_error,4,0,117,4,3,0.75,0,0,1,retry_payment,0,0.0
TX06496,C1628,9094.27,UPI,success,none,0,0,419,20,20,1.0,0,0,0,none,1,9094.27
TX06497,C1675,36743.55,UPI,success,none,0,0,287,16,5,0.31,0,0,0,none,1,36743.55
TX06498,C0641,2548.41,CARD,success,none,0,0,329,3,0,0.0,0,0,0,none,1,2548.41
TX06499,C1152,12991.87,CARD,success,none,0,0,314,1,1,1.0,1,15,0,none,1,12991.87
TX06500,C1600,14412.37,WALLET,failed,technical_error,1,0,293,15,4,0.27,1,3,2,payment_link,1,14412.37
TX06501,C2333,24642.5,WALLET,abandoned,checkout_dropoff,2,1,283,13,2,0.15,0,0,1,payment_link,0,0.0
TX06502,C1450,23881.38,UPI,failed,technical_error,1,0,298,5,5,1.0,0,0,0,payment_link,1,23881.38
TX06503,C0407,14065.96,WALLET,failed,network_error,1,0,457,13,13,1.0,1,1,0,retry_payment,0,0.0
TX06504,C2026,3053.8,CARD,failed,insufficient_funds,1,0,483,4,1,0.25,1,0,1,send_reminder,1,3053.8
TX06505,C1218,33340.85,CARD,success,none,0,0,140,11,11,1.0,1,7,0,none,1,33340.85
TX06506,C0399,21173.89,NETBANKING,success,none,0,0,38,9,8,0.89,1,7,0,none,1,21173.89
TX06507,C1080,6036.61,CARD,success,none,0,0,382,14,4,0.29,1,15,0,none,1,6036.61
TX06508,C0894,30255.16,UPI,failed,network_error,0,0,152,2,1,0.5,0,0,1,retry_payment,1,30255.16
TX06509,C1462,31905.57,WALLET,success,none,0,0,488,11,6,0.55,1,0,0,none,1,31905.57
TX06510,C1149,19058.58,WALLET,success,none,0,0,416,15,8,0.53,0,0,0,none,1,19058.58
TX06511,C0901,15275.27,UPI,success,none,0,0,295,1,0,0.0,0,0,0,none,1,15275.27
TX06512,C1236,38981.99,CARD,success,none,0,0,271,12,3,0.25,0,0,0,none,1,38981.99
TX06513,C1163,36128.69,NETBANKING,failed,bank_error,0,0,323,13,1,0.08,0,0,2,payment_link,1,36128.69
TX06514,C2105,9744.12,UPI,failed,insufficient_funds,4,0,112,20,17,0.85,0,0,0,send_reminder,1,9744.12
TX06515,C1200,20136.07,UPI,success,none,0,0,97,18,7,0.39,1,0,0,none,1,20136.07
TX06516,C0838,31048.33,UPI,success,none,0,0,479,18,6,0.33,1,0,0,none,1,31048.33
TX06517,C2224,2662.06,NETBANKING,success,none,0,0,349,2,2,1.0,0,0,0,none,1,2662.06
TX06518,C1325,13764.82,NETBANKING,success,none,0,0,450,9,0,0.0,0,0,0,none,1,13764.82
TX06519,C2489,44523.58,CARD,abandoned,checkout_dropoff,1,1,54,18,10,0.56,1,0,0,payment_link,0,0.0
TX06520,C0594,39645.73,UPI,success,none,0,0,597,12,9,0.75,1,1,0,none,1,39645.73
TX06521,C0709,45667.92,UPI,success,none,0,0,459,4,3,0.75,1,0,0,none,1,45667.92
TX06522,C0888,19078.11,UPI,success,none,0,0,98,4,3,0.75,0,0,0,none,1,19078.11
TX06523,C0839,6665.79,UPI,failed,bank_error,2,0,215,18,6,0.33,1,0,2,payment_link,1,6665.79
TX06524,C0497,23593.22,CARD,failed,technical_error,2,0,85,10,8,0.8,0,0,0,payment_link,0,0.0
TX06525,C1206,44895.92,WALLET,success,none,0,0,192,13,1,0.08,0,0,0,none,1,44895.92
TX06526,C2022,11880.28,UPI,success,none,0,0,393,7,4,0.57,1,0,0,none,1,11880.28
TX06527,C0837,18253.65,WALLET,abandoned,checkout_dropoff,1,1,100,7,1,0.14,0,0,0,payment_link,1,18253.65
TX06528,C0757,15653.39,NETBANKING,failed,technical_error,3,0,407,5,4,0.8,0,0,2,payment_link,0,0.0
TX06529,C1545,48650.58,UPI,success,none,0,0,292,9,0,0.0,1,0,0,none,1,48650.58
TX06530,C1194,21070.71,UPI,failed,network_error,2,0,576,9,9,1.0,1,0,1,retry_payment,0,0.0
TX06531,C1525,11149.27,CARD,success,none,0,0,73,1,1,1.0,1,1,0,none,1,11149.27
TX06532,C0828,42545.91,CARD,success,none,0,0,226,8,6,0.75,1,0,0,none,1,42545.91
TX06533,C1815,17637.12,UPI,failed,technical_error,2,0,405,12,8,0.67,0,0,1,payment_link,1,17637.12
TX06534,C1069,25630.87,CARD,success,none,0,0,581,13,1,0.08,0,0,0,none,1,25630.87
TX06535,C0814,44612.73,NETBANKING,failed,technical_error,4,0,12,11,0,0.0,1,7,2,payment_link,1,44612.73
TX06536,C2443,3279.45,CARD,success,none,0,0,551,11,6,0.55,0,0,0,none,1,3279.45
TX06537,C1585,21418.74,WALLET,success,none,0,0,228,20,12,0.6,0,0,0,none,1,21418.74
TX06538,C2127,19947.03,CARD,success,none,0,0,479,11,4,0.36,1,0,0,none,1,19947.03
TX06539,C0326,9242.83,NETBANKING,success,none,0,0,377,20,6,0.3,0,0,0,none,1,9242.83
TX06540,C2335,13126.6,WALLET,abandoned,checkout_dropoff,4,1,162,18,16,0.89,0,0,1,send_reminder,0,0.0
TX06541,C1565,884.2,UPI,success,none,0,0,485,10,4,0.4,1,0,0,none,1,884.2
TX06542,C0077,19353.04,UPI,success,none,0,0,355,16,16,1.0,0,0,0,none,1,19353.04
TX06543,C2413,39738.52,NETBANKING,failed,insufficient_funds,1,0,247,11,0,0.0,1,1,2,send_reminder,1,39738.52
TX06544,C1015,29608.97,CARD,failed,timeout,3,0,37,13,11,0.85,0,0,1,retry_payment,0,0.0
TX06545,C0805,27231.0,CARD,success,none,0,0,122,20,4,0.2,1,0,0,none,1,27231.0
TX06546,C2058,34434.69,WALLET,success,none,0,0,272,12,6,0.5,0,0,0,none,1,34434.69
TX06547,C0787,33255.39,WALLET,success,none,0,0,404,12,9,0.75,0,0,0,none,1,33255.39
TX06548,C1945,29952.28,NETBANKING,abandoned,checkout_dropoff,0,1,190,20,20,1.0,1,0,0,send_reminder,0,0.0
TX06549,C1887,24874.33,NETBANKING,success,none,0,0,134,20,18,0.9,1,0,0,none,1,24874.33
TX06550,C0932,20083.33,NETBANKING,failed,technical_error,1,0,108,4,4,1.0,1,15,0,payment_link,1,20083.33
TX06551,C1048,22469.68,UPI,success,none,0,0,213,3,3,1.0,0,0,0,none,1,22469.68
TX06552,C1933,32530.43,NETBANKING,success,none,0,0,569,5,5,1.0,1,3,0,none,1,32530.43
TX06553,C0699,47648.21,UPI,success,none,0,0,529,1,1,1.0,1,0,0,none,1,47648.21
TX06554,C0375,48822.74,NETBANKING,success,none,0,0,121,16,9,0.56,1,7,0,none,1,48822.74
TX06555,C1533,47903.12,CARD,success,none,0,0,137,17,6,0.35,1,0,0,none,1,47903.12
TX06556,C1879,2302.77,CARD,success,none,0,0,474,4,1,0.25,1,0,0,none,1,2302.77
TX06557,C2088,9423.45,CARD,success,none,0,0,234,12,8,0.67,0,0,0,none,1,9423.45
TX06558,C0985,48671.52,WALLET,abandoned,checkout_dropoff,4,1,348,3,3,1.0,0,0,1,send_reminder,1,48671.52
TX06559,C0129,18428.09,WALLET,success,none,0,0,381,20,2,0.1,1,7,0,none,1,18428.09
TX06560,C1467,7996.71,CARD,success,none,0,0,459,16,1,0.06,0,0,0,none,1,7996.71
TX06561,C1495,31608.72,NETBANKING,success,none,0,0,337,11,4,0.36,0,0,0,none,1,31608.72
TX06562,C0647,42107.17,NETBANKING,success,none,0,0,524,15,5,0.33,0,0,0,none,1,42107.17
TX06563,C0762,30100.11,WALLET,success,none,0,0,264,12,10,0.83,0,0,0,none,1,30100.11
TX06564,C1868,1624.33,WALLET,failed,bank_error,1,0,62,1,0,0.0,1,0,2,payment_link,0,0.0
TX06565,C1450,48323.42,NETBANKING,failed,technical_error,3,0,203,5,4,0.8,1,1,1,payment_link,1,48323.42
TX06566,C0518,3714.25,NETBANKING,failed,technical_error,2,0,580,13,3,0.23,1,0,0,payment_link,0,0.0
TX06567,C0067,10787.14,WALLET,success,none,0,0,538,14,10,0.71,0,0,0,none,1,10787.14
TX06568,C0523,19421.78,WALLET,failed,technical_error,2,0,524,9,0,0.0,1,0,2,payment_link,0,0.0
TX06569,C2260,20446.69,NETBANKING,success,none,0,0,529,17,15,0.88,1,3,0,none,1,20446.69
TX06570,C1828,8013.04,NETBANKING,failed,network_error,0,0,261,10,1,0.1,0,0,2,retry_payment,0,0.0
TX06571,C2282,8794.52,WALLET,success,none,0,0,251,12,1,0.08,1,0,0,none,1,8794.52
TX06572,C2410,13608.11,WALLET,success,none,0,0,25,1,1,1.0,0,0,0,none,1,13608.11
TX06573,C1750,13514.01,NETBANKING,success,none,0,0,494,3,1,0.33,1,0,0,none,1,13514.01
TX06574,C1180,48413.59,UPI,success,none,0,0,346,11,2,0.18,1,1,0,none,1,48413.59
TX06575,C0564,47391.4,CARD,success,none,0,0,380,18,2,0.11,0,0,0,none,1,47391.4
TX06576,C0939,46245.69,CARD,success,none,0,0,205,4,0,0.0,1,1,0,none,1,46245.69
TX06577,C1325,31850.04,UPI,success,none,0,0,140,5,1,0.2,1,0,0,none,1,31850.04
TX06578,C0225,41610.87,WALLET,success,none,0,0,501,3,1,0.33,1,15,0,none,1,41610.87
TX06579,C1571,19280.3,WALLET,success,none,0,0,584,2,1,0.5,0,0,0,none,1,19280.3
TX06580,C1754,2839.36,NETBANKING,failed,network_error,3,0,306,1,1,1.0,0,0,0,retry_payment,0,0.0
TX06581,C2214,11609.79,NETBANKING,success,none,0,0,109,10,4,0.4,0,0,0,none,1,11609.79
TX06582,C1861,31090.9,NETBANKING,success,none,0,0,538,19,6,0.32,1,0,0,none,1,31090.9
TX06583,C1862,9669.45,CARD,failed,technical_error,0,0,369,12,2,0.17,0,0,2,payment_link,1,9669.45
TX06584,C0329,3522.74,NETBANKING,success,none,0,0,575,4,1,0.25,1,3,0,none,1,3522.74
TX06585,C2320,6835.58,WALLET,success,none,0,0,234,11,10,0.91,0,0,0,none,1,6835.58
TX06586,C1933,12145.27,CARD,failed,timeout,3,0,522,18,10,0.56,1,0,1,retry_payment,0,0.0
TX06587,C1100,16387.15,WALLET,success,none,0,0,290,15,1,0.07,0,0,0,none,1,16387.15
TX06588,C0331,31051.56,WALLET,success,none,0,0,449,11,9,0.82,0,0,0,none,1,31051.56
TX06589,C0740,48292.92,CARD,success,none,0,0,268,9,9,1.0,1,1,0,none,1,48292.92
TX06590,C0021,23252.17,NETBANKING,success,none,0,0,524,9,4,0.44,0,0,0,none,1,23252.17
TX06591,C0691,40491.88,CARD,success,none,0,0,495,4,2,0.5,1,7,0,none,1,40491.88
TX06592,C0130,32749.29,CARD,success,none,0,0,23,3,0,0.0,0,0,0,none,1,32749.29
TX06593,C1821,20547.68,UPI,success,none,0,0,84,18,17,0.94,0,0,0,none,1,20547.68
TX06594,C0898,23744.19,UPI,success,none,0,0,55,10,7,0.7,0,0,0,none,1,23744.19
TX06595,C2084,32801.11,NETBANKING,success,none,0,0,269,9,5,0.56,0,0,0,none,1,32801.11
TX06596,C0550,17585.88,WALLET,success,none,0,0,75,19,10,0.53,0,0,0,none,1,17585.88
TX06597,C0355,577.11,NETBANKING,success,none,0,0,145,13,5,0.38,0,0,0,none,1,577.11
TX06598,C0291,20448.64,NETBANKING,success,none,0,0,454,6,5,0.83,0,0,0,none,1,20448.64
TX06599,C0001,542.61,WALLET,success,none,0,0,315,4,2,0.5,0,0,0,none,1,542.61
TX06600,C1876,44848.48,CARD,success,none,0,0,529,12,5,0.42,1,7,0,none,1,44848.48
TX06601,C0778,4093.51,NETBANKING,success,none,0,0,373,10,8,0.8,0,0,0,none,1,4093.51
TX06602,C0184,36110.83,WALLET,success,none,0,0,484,14,13,0.93,0,0,0,none,1,36110.83
TX06603,C2421,33828.25,UPI,success,none,0,0,492,15,7,0.47,0,0,0,none,1,33828.25
TX06604,C0399,665.79,CARD,failed,insufficient_funds,1,0,475,11,9,0.82,0,0,2,send_reminder,1,665.79
TX06605,C1285,5892.81,NETBANKING,failed,insufficient_funds,4,0,290,2,2,1.0,0,0,1,send_reminder,1,5892.81
TX06606,C1938,6890.57,WALLET,failed,timeout,4,0,93,4,4,1.0,0,0,0,retry_payment,0,0.0
TX06607,C0193,22073.76,UPI,success,none,0,0,382,11,8,0.73,1,30,0,none,1,22073.76
TX06608,C0185,12737.25,NETBANKING,success,none,0,0,458,15,13,0.87,1,0,0,none,1,12737.25
TX06609,C1023,6722.79,NETBANKING,failed,timeout,3,0,401,1,1,1.0,0,0,0,retry_payment,0,0.0
TX06610,C2244,31784.84,CARD,abandoned,checkout_dropoff,3,1,140,7,0,0.0,1,0,2,payment_link,1,31784.84
TX06611,C1786,9158.23,WALLET,failed,technical_error,4,0,195,16,7,0.44,1,0,0,payment_link,0,0.0
TX06612,C1088,8672.6,NETBANKING,failed,insufficient_funds,2,0,413,1,1,1.0,1,30,2,send_reminder,0,0.0
TX06613,C0980,49203.68,UPI,success,none,0,0,244,7,0,0.0,1,0,0,none,1,49203.68
TX06614,C0389,24022.69,NETBANKING,abandoned,checkout_dropoff,2,1,554,12,6,0.5,1,15,1,payment_link,1,24022.69
TX06615,C0690,13058.73,NETBANKING,failed,insufficient_funds,0,0,424,7,1,0.14,1,3,1,send_reminder,0,0.0
TX06616,C1179,42197.7,WALLET,success,none,0,0,73,8,3,0.38,1,1,0,none,1,42197.7
TX06617,C1054,48827.63,WALLET,success,none,0,0,138,4,1,0.25,0,0,0,none,1,48827.63
TX06618,C1744,40217.93,WALLET,success,none,0,0,522,1,1,1.0,1,1,0,none,1,40217.93
TX06619,C0027,37681.8,UPI,success,none,0,0,63,17,16,0.94,0,0,0,none,1,37681.8
TX06620,C1798,40545.14,NETBANKING,success,none,0,0,73,16,10,0.62,0,0,0,none,1,40545.14
TX06621,C0074,48086.6,WALLET,failed,bank_error,1,0,398,20,13,0.65,1,30,2,payment_link,1,48086.6
TX06622,C1291,44517.11,WALLET,abandoned,checkout_dropoff,0,1,342,2,0,0.0,1,7,2,send_reminder,0,0.0
TX06623,C0277,35652.83,WALLET,success,none,0,0,457,16,5,0.31,0,0,0,none,1,35652.83
TX06624,C0586,22168.9,NETBANKING,success,none,0,0,104,16,3,0.19,1,0,0,none,1,22168.9
TX06625,C2397,21629.29,CARD,failed,technical_error,1,0,37,3,3,1.0,1,1,1,payment_link,0,0.0
TX06626,C1895,4095.82,CARD,success,none,0,0,343,18,2,0.11,1,0,0,none,1,4095.82
TX06627,C2271,44090.52,CARD,success,none,0,0,46,10,10,1.0,0,0,0,none,1,44090.52
TX06628,C1573,43952.84,NETBANKING,success,none,0,0,410,19,3,0.16,1,0,0,none,1,43952.84
TX06629,C2468,43191.26,CARD,success,none,0,0,579,3,3,1.0,1,0,0,none,1,43191.26
TX06630,C1156,364.88,WALLET,success,none,0,0,38,3,0,0.0,1,30,0,none,1,364.88
TX06631,C0267,28719.8,UPI,failed,network_error,4,0,217,5,4,0.8,1,0,1,retry_payment,0,0.0
TX06632,C1577,38723.96,NETBANKING,success,none,0,0,88,18,2,0.11,1,1,0,none,1,38723.96
TX06633,C0234,48042.99,WALLET,success,none,0,0,217,13,10,0.77,0,0,0,none,1,48042.99
TX06634,C0725,17100.09,NETBANKING,success,none,0,0,406,4,4,1.0,0,0,0,none,1,17100.09
TX06635,C0535,15714.89,NETBANKING,failed,bank_error,0,0,169,3,1,0.33,0,0,0,payment_link,0,0.0
TX06636,C0071,2446.73,WALLET,success,none,0,0,250,6,6,1.0,1,1,0,none,1,2446.73
TX06637,C1470,47371.65,CARD,success,none,0,0,482,12,6,0.5,1,1,0,none,1,47371.65
TX06638,C0089,27594.63,NETBANKING,success,none,0,0,42,16,4,0.25,1,1,0,none,1,27594.63
TX06639,C1117,37264.32,CARD,success,none,0,0,278,19,9,0.47,0,0,0,none,1,37264.32
TX06640,C0792,49000.27,UPI,abandoned,checkout_dropoff,4,1,270,11,5,0.45,0,0,1,payment_link,0,0.0
TX06641,C1190,47934.12,NETBANKING,failed,bank_error,4,0,359,3,2,0.67,0,0,1,payment_link,0,0.0
TX06642,C0831,7565.56,NETBANKING,success,none,0,0,451,4,1,0.25,0,0,0,none,1,7565.56
TX06643,C0778,46400.88,CARD,success,none,0,0,447,4,1,0.25,0,0,0,none,1,46400.88
TX06644,C0320,6367.54,CARD,success,none,0,0,221,14,7,0.5,0,0,0,none,1,6367.54
TX06645,C2096,9184.4,UPI,abandoned,checkout_dropoff,2,1,190,5,0,0.0,0,0,2,payment_link,1,9184.4
TX06646,C0123,47239.92,CARD,failed,network_error,4,0,503,19,18,0.95,0,0,0,retry_payment,0,0.0
TX06647,C0847,2526.1,UPI,success,none,0,0,94,20,17,0.85,1,7,0,none,1,2526.1
TX06648,C0087,8253.78,CARD,success,none,0,0,426,17,3,0.18,0,0,0,none,1,8253.78
TX06649,C1090,11963.8,NETBANKING,abandoned,checkout_dropoff,4,1,441,6,4,0.67,0,0,2,send_reminder,0,0.0
TX06650,C0035,18244.62,WALLET,success,none,0,0,456,17,1,0.06,1,0,0,none,1,18244.62
TX06651,C2028,28529.6,CARD,success,none,0,0,438,9,4,0.44,0,0,0,none,1,28529.6
TX06652,C0818,32873.02,WALLET,success,none,0,0,289,1,0,0.0,1,0,0,none,1,32873.02
TX06653,C0595,28925.27,WALLET,abandoned,checkout_dropoff,2,1,158,5,5,1.0,1,1,1,payment_link,1,28925.27
TX06654,C1585,27135.95,CARD,failed,bank_error,4,0,120,11,9,0.82,1,0,1,payment_link,1,27135.95
TX06655,C2150,36076.96,UPI,success,none,0,0,262,9,8,0.89,1,15,0,none,1,36076.96
TX06656,C1136,16353.29,WALLET,success,none,0,0,202,6,3,0.5,0,0,0,none,1,16353.29
TX06657,C0893,13176.76,WALLET,success,none,0,0,82,3,3,1.0,1,30,0,none,1,13176.76
TX06658,C2430,19014.55,UPI,abandoned,checkout_dropoff,2,1,323,14,6,0.43,1,1,0,send_reminder,0,0.0
TX06659,C2149,34743.6,NETBANKING,success,none,0,0,60,16,1,0.06,1,0,0,none,1,34743.6
TX06660,C1052,43467.72,CARD,success,none,0,0,229,11,9,0.82,1,0,0,none,1,43467.72
TX06661,C1437,26146.83,NETBANKING,success,none,0,0,380,1,1,1.0,1,0,0,none,1,26146.83
TX06662,C0077,40134.24,NETBANKING,success,none,0,0,304,18,12,0.67,0,0,0,none,1,40134.24
TX06663,C2184,5645.4,NETBANKING,success,none,0,0,333,15,12,0.8,0,0,0,none,1,5645.4
TX06664,C1771,32638.85,WALLET,success,none,0,0,22,2,2,1.0,1,30,0,none,1,32638.85
TX06665,C0959,32487.51,UPI,success,none,0,0,373,20,1,0.05,1,0,0,none,1,32487.51
TX06666,C1736,21991.85,NETBANKING,success,none,0,0,314,1,1,1.0,0,0,0,none,1,21991.85
TX06667,C1313,17030.62,UPI,success,none,0,0,214,7,3,0.43,1,15,0,none,1,17030.62
TX06668,C0932,37367.6,WALLET,failed,technical_error,2,0,442,8,1,0.12,1,0,0,payment_link,1,37367.6
TX06669,C1603,44738.69,UPI,success,none,0,0,543,11,2,0.18,1,0,0,none,1,44738.69
TX06670,C0694,10559.97,UPI,success,none,0,0,542,11,7,0.64,1,1,0,none,1,10559.97
TX06671,C2245,14209.78,CARD,abandoned,checkout_dropoff,2,1,307,5,0,0.0,0,0,1,payment_link,0,0.0
TX06672,C2092,8814.47,CARD,success,none,0,0,320,2,0,0.0,0,0,0,none,1,8814.47
TX06673,C1159,28348.18,WALLET,failed,network_error,4,0,86,17,4,0.24,1,0,1,retry_payment,0,0.0
TX06674,C0423,38774.96,UPI,success,none,0,0,548,6,5,0.83,0,0,0,none,1,38774.96
TX06675,C1913,20864.66,CARD,success,none,0,0,279,14,3,0.21,1,0,0,none,1,20864.66
TX06676,C0428,26693.38,WALLET,success,none,0,0,211,11,4,0.36,1,30,0,none,1,26693.38
TX06677,C1912,14420.69,WALLET,success,none,0,0,467,6,3,0.5,1,30,0,none,1,14420.69
TX06678,C1865,29854.11,CARD,success,none,0,0,562,1,1,1.0,0,0,0,none,1,29854.11
TX06679,C0525,12538.97,WALLET,success,none,0,0,115,5,5,1.0,0,0,0,none,1,12538.97
TX06680,C1359,17858.6,CARD,failed,technical_error,1,0,472,15,0,0.0,1,3,2,payment_link,1,17858.6
TX06681,C1378,45882.34,WALLET,success,none,0,0,414,9,3,0.33,0,0,0,none,1,45882.34
TX06682,C0998,18520.42,UPI,success,none,0,0,140,17,14,0.82,1,0,0,none,1,18520.42
TX06683,C1390,47135.53,NETBANKING,success,none,0,0,25,10,2,0.2,0,0,0,none,1,47135.53
TX06684,C0016,48831.1,WALLET,success,none,0,0,542,17,10,0.59,1,0,0,none,1,48831.1
TX06685,C0019,3640.09,WALLET,failed,technical_error,3,0,596,7,2,0.29,1,15,0,payment_link,0,0.0
TX06686,C1592,31986.08,UPI,failed,technical_error,4,0,541,20,1,0.05,1,3,2,payment_link,0,0.0
TX06687,C0750,40695.42,WALLET,failed,timeout,4,0,250,8,8,1.0,0,0,0,retry_payment,0,0.0
TX06688,C0443,45275.41,CARD,success,none,0,0,143,9,0,0.0,0,0,0,none,1,45275.41
TX06689,C0335,30555.39,CARD,failed,technical_error,2,0,414,16,9,0.56,1,15,0,payment_link,0,0.0
TX06690,C0730,7398.46,NETBANKING,success,none,0,0,322,13,7,0.54,1,1,0,none,1,7398.46
TX06691,C2277,42155.29,UPI,failed,insufficient_funds,4,0,349,9,7,0.78,1,0,2,send_reminder,1,42155.29
TX06692,C2336,36834.26,CARD,success,none,0,0,236,15,3,0.2,1,15,0,none,1,36834.26
TX06693,C1165,9787.64,UPI,failed,bank_error,3,0,192,9,9,1.0,0,0,1,payment_link,1,9787.64
TX06694,C0131,39166.12,WALLET,success,none,0,0,439,11,7,0.64,0,0,0,none,1,39166.12
TX06695,C2167,34417.91,NETBANKING,success,none,0,0,486,11,1,0.09,0,0,0,none,1,34417.91
TX06696,C0619,793.24,CARD,success,none,0,0,335,19,17,0.89,0,0,0,none,1,793.24
TX06697,C1352,19334.08,CARD,abandoned,checkout_dropoff,1,1,285,16,1,0.06,0,0,2,payment_link,0,0.0
TX06698,C0345,11993.1,CARD,success,none,0,0,27,2,1,0.5,1,0,0,none,1,11993.1
TX06699,C1676,14032.39,CARD,success,none,0,0,246,18,11,0.61,1,0,0,none,1,14032.39
TX06700,C1798,31439.7,CARD,success,none,0,0,17,2,2,1.0,0,0,0,none,1,31439.7
TX06701,C0525,40102.57,NETBANKING,success,none,0,0,134,8,0,0.0,1,7,0,none,1,40102.57
TX06702,C0001,25686.25,NETBANKING,failed,technical_error,0,0,296,4,4,1.0,0,0,0,payment_link,1,25686.25
TX06703,C1566,13851.98,UPI,success,none,0,0,121,4,4,1.0,0,0,0,none,1,13851.98
TX06704,C0745,8673.45,UPI,success,none,0,0,179,19,11,0.58,0,0,0,none,1,8673.45
TX06705,C0320,1470.37,CARD,success,none,0,0,171,4,1,0.25,0,0,0,none,1,1470.37
TX06706,C2213,15871.8,UPI,success,none,0,0,201,16,7,0.44,1,0,0,none,1,15871.8
TX06707,C0564,5173.75,NETBANKING,failed,timeout,0,0,411,3,0,0.0,0,0,2,retry_payment,1,5173.75
TX06708,C1391,11338.48,CARD,abandoned,checkout_dropoff,0,1,346,20,15,0.75,1,30,2,payment_link,0,0.0
TX06709,C2213,4622.34,NETBANKING,abandoned,checkout_dropoff,1,1,341,4,4,1.0,1,3,2,payment_link,1,4622.34
TX06710,C1919,47205.95,UPI,success,none,0,0,257,1,0,0.0,0,0,0,none,1,47205.95
TX06711,C0443,17520.1,CARD,failed,technical_error,3,0,63,3,2,0.67,0,0,0,payment_link,0,0.0
TX06712,C1236,33778.39,CARD,failed,technical_error,2,0,366,13,2,0.15,0,0,2,payment_link,0,0.0
TX06713,C2241,9583.2,CARD,failed,bank_error,3,0,386,5,5,1.0,0,0,0,payment_link,1,9583.2
TX06714,C1529,49311.54,CARD,success,none,0,0,332,13,5,0.38,1,3,0,none,1,49311.54
TX06715,C1902,31019.05,UPI,failed,technical_error,3,0,83,5,3,0.6,1,7,0,payment_link,0,0.0
TX06716,C0936,1282.45,WALLET,success,none,0,0,216,8,2,0.25,1,7,0,none,1,1282.45
TX06717,C2390,22839.6,UPI,success,none,0,0,212,1,1,1.0,1,15,0,none,1,22839.6
TX06718,C2088,23736.22,WALLET,failed,timeout,1,0,72,5,5,1.0,0,0,1,retry_payment,1,23736.22
TX06719,C1184,2446.02,UPI,success,none,0,0,104,14,13,0.93,1,7,0,none,1,2446.02
TX06720,C2130,32897.81,NETBANKING,failed,network_error,2,0,452,5,1,0.2,1,7,1,retry_payment,0,0.0
TX06721,C2124,5928.24,UPI,success,none,0,0,307,11,10,0.91,0,0,0,none,1,5928.24
TX06722,C1798,27554.58,NETBANKING,abandoned,checkout_dropoff,0,1,359,14,4,0.29,1,3,0,send_reminder,1,27554.58
TX06723,C0698,20130.53,UPI,success,none,0,0,259,8,4,0.5,1,0,0,none,1,20130.53
TX06724,C2230,15028.21,CARD,success,none,0,0,151,14,9,0.64,1,1,0,none,1,15028.21
TX06725,C0808,10626.09,UPI,abandoned,checkout_dropoff,1,1,61,17,10,0.59,0,0,1,payment_link,0,0.0
TX06726,C1060,17033.49,UPI,abandoned,checkout_dropoff,2,1,271,2,1,0.5,1,0,1,send_reminder,1,17033.49
TX06727,C1053,35004.76,NETBANKING,abandoned,checkout_dropoff,2,1,313,10,9,0.9,0,0,1,payment_link,1,35004.76
TX06728,C1312,18390.01,UPI,success,none,0,0,548,7,1,0.14,0,0,0,none,1,18390.01
TX06729,C1855,44461.24,NETBANKING,abandoned,checkout_dropoff,4,1,310,9,2,0.22,0,0,2,payment_link,1,44461.24
TX06730,C2349,16885.71,WALLET,abandoned,checkout_dropoff,2,1,169,15,13,0.87,0,0,2,payment_link,0,0.0
TX06731,C1314,41214.18,NETBANKING,success,none,0,0,321,15,12,0.8,1,0,0,none,1,41214.18
TX06732,C1779,10022.38,CARD,success,none,0,0,75,1,1,1.0,0,0,0,none,1,10022.38
TX06733,C1425,5294.07,UPI,success,none,0,0,526,19,9,0.47,1,0,0,none,1,5294.07
TX06734,C0432,48089.2,WALLET,abandoned,checkout_dropoff,3,1,388,12,6,0.5,0,0,0,send_reminder,0,0.0
TX06735,C0199,46755.69,NETBANKING,failed,bank_error,1,0,337,19,1,0.05,0,0,1,payment_link,1,46755.69
TX06736,C0053,23030.84,NETBANKING,failed,insufficient_funds,3,0,590,10,1,0.1,1,30,1,send_reminder,0,0.0
TX06737,C0863,17142.24,CARD,failed,bank_error,4,0,402,5,2,0.4,1,15,0,payment_link,1,17142.24
TX06738,C1610,6303.05,WALLET,abandoned,checkout_dropoff,2,1,436,13,12,0.92,1,15,1,send_reminder,0,0.0
TX06739,C0871,12332.08,NETBANKING,success,none,0,0,411,4,3,0.75,0,0,0,none,1,12332.08
TX06740,C0346,2972.77,WALLET,success,none,0,0,409,20,7,0.35,0,0,0,none,1,2972.77
TX06741,C1150,44599.0,WALLET,abandoned,checkout_dropoff,1,1,328,10,3,0.3,1,1,1,payment_link,0,0.0
TX06742,C0343,17364.11,CARD,failed,bank_error,3,0,301,15,14,0.93,1,0,0,payment_link,0,0.0
TX06743,C1013,20852.54,UPI,success,none,0,0,491,18,13,0.72,1,0,0,none,1,20852.54
TX06744,C0185,18511.12,NETBANKING,failed,insufficient_funds,0,0,219,11,8,0.73,0,0,2,send_reminder,1,18511.12
TX06745,C1485,46046.67,UPI,success,none,0,0,412,4,4,1.0,1,0,0,none,1,46046.67
TX06746,C2271,39463.76,WALLET,success,none,0,0,545,12,7,0.58,1,0,0,none,1,39463.76
TX06747,C0106,10344.9,WALLET,failed,bank_error,1,0,299,5,4,0.8,1,0,0,payment_link,1,10344.9
TX06748,C0581,4541.78,CARD,success,none,0,0,354,14,6,0.43,1,0,0,none,1,4541.78
TX06749,C2488,2982.48,UPI,abandoned,checkout_dropoff,1,1,519,16,5,0.31,0,0,1,send_reminder,1,2982.48
TX06750,C1689,3943.95,NETBANKING,success,none,0,0,452,14,5,0.36,1,1,0,none,1,3943.95
TX06751,C1707,12906.39,CARD,success,none,0,0,122,5,1,0.2,1,15,0,none,1,12906.39
TX06752,C2385,35335.38,NETBANKING,failed,bank_error,2,0,278,20,2,0.1,1,0,0,payment_link,0,0.0
TX06753,C1732,4998.97,UPI,success,none,0,0,358,16,16,1.0,0,0,0,none,1,4998.97
TX06754,C2302,12363.99,UPI,success,none,0,0,22,8,3,0.38,0,0,0,none,1,12363.99
TX06755,C1437,19808.76,WALLET,abandoned,checkout_dropoff,0,1,358,7,3,0.43,0,0,2,send_reminder,1,19808.76
TX06756,C0817,27245.8,WALLET,success,none,0,0,592,13,11,0.85,0,0,0,none,1,27245.8
TX06757,C1260,49717.84,NETBANKING,success,none,0,0,595,3,0,0.0,0,0,0,none,1,49717.84
TX06758,C0796,869.98,WALLET,failed,timeout,3,0,228,18,0,0.0,1,0,1,retry_payment,0,0.0
TX06759,C1098,5063.91,WALLET,success,none,0,0,425,4,1,0.25,0,0,0,none,1,5063.91
TX06760,C1628,10207.85,NETBANKING,success,none,0,0,208,19,13,0.68,0,0,0,none,1,10207.85
TX06761,C0053,14679.11,UPI,success,none,0,0,16,11,10,0.91,1,15,0,none,1,14679.11
TX06762,C2387,26234.59,WALLET,success,none,0,0,269,2,0,0.0,1,7,0,none,1,26234.59
TX06763,C0999,25184.44,UPI,failed,timeout,4,0,155,15,7,0.47,1,3,1,retry_payment,0,0.0
TX06764,C1101,16965.29,UPI,success,none,0,0,458,7,0,0.0,0,0,0,none,1,16965.29
TX06765,C2423,37381.09,NETBANKING,success,none,0,0,86,9,5,0.56,1,1,0,none,1,37381.09
TX06766,C0699,41533.85,NETBANKING,failed,technical_error,3,0,243,14,3,0.21,0,0,0,payment_link,0,0.0
TX06767,C2118,45847.07,WALLET,success,none,0,0,458,20,18,0.9,1,0,0,none,1,45847.07
TX06768,C0366,48676.75,CARD,success,none,0,0,213,18,11,0.61,1,1,0,none,1,48676.75
TX06769,C1024,19844.64,NETBANKING,success,none,0,0,71,4,2,0.5,0,0,0,none,1,19844.64
TX06770,C0993,13669.37,UPI,abandoned,checkout_dropoff,3,1,167,20,5,0.25,0,0,0,send_reminder,1,13669.37
TX06771,C0978,13241.78,CARD,success,none,0,0,467,3,1,0.33,0,0,0,none,1,13241.78
TX06772,C1322,24472.78,CARD,failed,bank_error,4,0,445,1,1,1.0,0,0,1,payment_link,1,24472.78
TX06773,C0546,39441.7,WALLET,success,none,0,0,268,12,6,0.5,1,7,0,none,1,39441.7
TX06774,C1341,44059.69,CARD,failed,network_error,3,0,417,19,1,0.05,1,0,2,retry_payment,0,0.0
TX06775,C2365,19404.56,WALLET,success,none,0,0,280,8,5,0.62,0,0,0,none,1,19404.56
TX06776,C1138,18325.87,WALLET,abandoned,checkout_dropoff,3,1,125,12,10,0.83,1,0,2,send_reminder,1,18325.87
TX06777,C0333,1060.85,UPI,failed,bank_error,1,0,81,6,1,0.17,0,0,1,payment_link,1,1060.85
TX06778,C2036,8144.97,NETBANKING,success,none,0,0,50,18,2,0.11,1,1,0,none,1,8144.97
TX06779,C0174,10046.78,UPI,success,none,0,0,288,5,0,0.0,1,0,0,none,1,10046.78
TX06780,C2500,17302.4,UPI,success,none,0,0,308,18,10,0.56,0,0,0,none,1,17302.4
TX06781,C0315,33028.99,CARD,success,none,0,0,84,3,2,0.67,0,0,0,none,1,33028.99
TX06782,C1547,24879.0,NETBANKING,success,none,0,0,249,7,4,0.57,1,0,0,none,1,24879.0
TX06783,C1977,21538.75,WALLET,success,none,0,0,222,2,0,0.0,1,0,0,none,1,21538.75
TX06784,C0060,12155.07,WALLET,failed,insufficient_funds,3,0,285,8,8,1.0,1,0,0,send_reminder,0,0.0
TX06785,C1524,33684.4,UPI,success,none,0,0,355,12,4,0.33,0,0,0,none,1,33684.4
TX06786,C2286,12437.6,WALLET,success,none,0,0,186,4,0,0.0,1,0,0,none,1,12437.6
TX06787,C2228,2430.92,NETBANKING,failed,technical_error,4,0,280,17,16,0.94,0,0,0,payment_link,1,2430.92
TX06788,C2135,38083.15,WALLET,failed,timeout,0,0,489,12,12,1.0,0,0,0,retry_payment,0,0.0
TX06789,C2417,27712.51,NETBANKING,failed,technical_error,3,0,19,1,1,1.0,0,0,2,payment_link,1,27712.51
TX06790,C2109,12135.6,WALLET,failed,insufficient_funds,2,0,548,19,9,0.47,0,0,0,send_reminder,0,0.0
TX06791,C2105,32338.43,UPI,abandoned,checkout_dropoff,2,1,232,14,3,0.21,1,0,2,payment_link,0,0.0
TX06792,C1587,24871.31,UPI,success,none,0,0,464,18,1,0.06,1,1,0,none,1,24871.31
TX06793,C1270,12668.55,CARD,success,none,0,0,389,17,5,0.29,1,1,0,none,1,12668.55
TX06794,C1176,27409.5,WALLET,success,none,0,0,595,6,0,0.0,0,0,0,none,1,27409.5
TX06795,C0401,38782.47,UPI,success,none,0,0,502,13,12,0.92,1,7,0,none,1,38782.47
TX06796,C1053,40182.87,UPI,success,none,0,0,296,3,3,1.0,1,3,0,none,1,40182.87
TX06797,C0257,13152.99,WALLET,abandoned,checkout_dropoff,3,1,329,4,0,0.0,1,0,1,payment_link,0,0.0
TX06798,C0731,42225.19,WALLET,success,none,0,0,42,6,6,1.0,1,15,0,none,1,42225.19
TX06799,C2019,27233.15,WALLET,success,none,0,0,248,11,7,0.64,1,0,0,none,1,27233.15
TX06800,C1886,45095.56,WALLET,failed,network_error,1,0,158,4,0,0.0,0,0,2,retry_payment,1,45095.56
TX06801,C1760,4285.49,NETBANKING,success,none,0,0,529,10,4,0.4,0,0,0,none,1,4285.49
TX06802,C2232,33983.57,UPI,success,none,0,0,430,17,6,0.35,0,0,0,none,1,33983.57
TX06803,C1970,37148.94,CARD,failed,timeout,4,0,69,17,4,0.24,0,0,1,retry_payment,0,0.0
TX06804,C0449,1576.18,WALLET,success,none,0,0,178,7,3,0.43,0,0,0,none,1,1576.18
TX06805,C1133,22396.04,CARD,success,none,0,0,512,6,1,0.17,1,0,0,none,1,22396.04
TX06806,C2005,46166.68,UPI,success,none,0,0,147,12,9,0.75,1,15,0,none,1,46166.68
TX06807,C1828,47079.48,NETBANKING,success,none,0,0,284,15,14,0.93,1,7,0,none,1,47079.48
TX06808,C1573,10287.48,NETBANKING,success,none,0,0,213,17,1,0.06,1,0,0,none,1,10287.48
TX06809,C1904,25669.92,WALLET,failed,network_error,0,0,540,19,2,0.11,0,0,2,retry_payment,1,25669.92
TX06810,C1149,38688.14,NETBANKING,success,none,0,0,143,14,10,0.71,0,0,0,none,1,38688.14
TX06811,C2101,44368.05,CARD,success,none,0,0,578,18,18,1.0,1,0,0,none,1,44368.05
TX06812,C0870,18860.21,NETBANKING,success,none,0,0,531,11,8,0.73,1,0,0,none,1,18860.21
TX06813,C0006,15117.32,NETBANKING,success,none,0,0,193,17,15,0.88,1,15,0,none,1,15117.32
TX06814,C1389,21787.27,NETBANKING,success,none,0,0,543,14,6,0.43,0,0,0,none,1,21787.27
TX06815,C1278,48477.57,CARD,failed,bank_error,2,0,99,7,3,0.43,1,0,1,payment_link,0,0.0
TX06816,C1242,42002.59,UPI,success,none,0,0,316,10,4,0.4,0,0,0,none,1,42002.59
TX06817,C0598,1390.05,NETBANKING,success,none,0,0,488,8,5,0.62,0,0,0,none,1,1390.05
TX06818,C2342,47735.9,UPI,success,none,0,0,529,14,13,0.93,1,3,0,none,1,47735.9
TX06819,C2175,41384.06,CARD,success,none,0,0,453,3,1,0.33,0,0,0,none,1,41384.06
TX06820,C1283,7580.34,WALLET,success,none,0,0,133,19,1,0.05,1,0,0,none,1,7580.34
TX06821,C1172,21449.51,NETBANKING,success,none,0,0,77,5,1,0.2,1,0,0,none,1,21449.51
TX06822,C1034,14663.35,WALLET,success,none,0,0,166,20,4,0.2,0,0,0,none,1,14663.35
TX06823,C1737,21049.02,NETBANKING,success,none,0,0,434,14,12,0.86,1,0,0,none,1,21049.02
TX06824,C0777,22131.05,UPI,success,none,0,0,78,2,2,1.0,1,30,0,none,1,22131.05
TX06825,C1496,24282.25,NETBANKING,success,none,0,0,529,17,4,0.24,1,7,0,none,1,24282.25
TX06826,C1856,27870.46,CARD,success,none,0,0,115,16,2,0.12,1,15,0,none,1,27870.46
TX06827,C1653,30964.24,UPI,failed,technical_error,4,0,92,17,17,1.0,1,7,2,payment_link,0,0.0
TX06828,C0363,18099.23,UPI,success,none,0,0,449,5,1,0.2,0,0,0,none,1,18099.23
TX06829,C1911,26013.7,UPI,success,none,0,0,484,3,2,0.67,1,0,0,none,1,26013.7
TX06830,C1648,49340.71,CARD,failed,network_error,0,0,29,9,7,0.78,0,0,1,retry_payment,0,0.0
TX06831,C0183,21823.79,NETBANKING,failed,timeout,2,0,49,2,0,0.0,1,15,2,retry_payment,0,0.0
TX06832,C1708,49709.1,UPI,abandoned,checkout_dropoff,2,1,443,7,1,0.14,0,0,1,payment_link,0,0.0
TX06833,C1202,8832.35,WALLET,failed,timeout,1,0,466,14,2,0.14,0,0,1,retry_payment,1,8832.35
TX06834,C1933,405.57,UPI,abandoned,checkout_dropoff,3,1,28,12,6,0.5,0,0,2,payment_link,0,0.0
TX06835,C0666,44755.35,WALLET,success,none,0,0,106,8,4,0.5,0,0,0,none,1,44755.35
TX06836,C0417,12723.35,WALLET,success,none,0,0,41,5,5,1.0,1,30,0,none,1,12723.35
TX06837,C2058,5656.6,UPI,success,none,0,0,410,17,17,1.0,1,0,0,none,1,5656.6
TX06838,C2417,3636.48,NETBANKING,abandoned,checkout_dropoff,1,1,448,8,7,0.88,1,0,2,payment_link,1,3636.48
TX06839,C0511,30470.32,WALLET,success,none,0,0,231,7,1,0.14,1,0,0,none,1,30470.32
TX06840,C0533,27770.93,CARD,success,none,0,0,240,20,5,0.25,1,0,0,none,1,27770.93
TX06841,C0380,38870.58,WALLET,success,none,0,0,336,10,4,0.4,0,0,0,none,1,38870.58
TX06842,C1375,34521.65,WALLET,success,none,0,0,206,6,2,0.33,0,0,0,none,1,34521.65
TX06843,C0826,21166.59,UPI,failed,network_error,1,0,316,19,19,1.0,0,0,0,retry_payment,1,21166.59
TX06844,C0052,34564.92,UPI,success,none,0,0,574,15,13,0.87,1,7,0,none,1,34564.92
TX06845,C0835,34485.55,UPI,success,none,0,0,330,10,5,0.5,1,1,0,none,1,34485.55
TX06846,C0573,24912.63,NETBANKING,success,none,0,0,229,15,6,0.4,0,0,0,none,1,24912.63
TX06847,C1625,42479.02,NETBANKING,success,none,0,0,160,9,4,0.44,1,1,0,none,1,42479.02
TX06848,C1951,36236.63,UPI,success,none,0,0,172,13,9,0.69,1,30,0,none,1,36236.63
TX06849,C1189,32530.97,CARD,success,none,0,0,176,2,0,0.0,0,0,0,none,1,32530.97
TX06850,C0589,49564.35,NETBANKING,success,none,0,0,329,2,0,0.0,1,15,0,none,1,49564.35
TX06851,C2081,46154.17,NETBANKING,success,none,0,0,493,1,1,1.0,1,0,0,none,1,46154.17
TX06852,C0841,49503.9,WALLET,success,none,0,0,598,13,13,1.0,1,1,0,none,1,49503.9
TX06853,C0534,21537.39,CARD,abandoned,checkout_dropoff,3,1,139,9,6,0.67,0,0,2,payment_link,1,21537.39
TX06854,C2457,32392.42,UPI,success,none,0,0,33,10,10,1.0,1,7,0,none,1,32392.42
TX06855,C2495,14392.45,UPI,success,none,0,0,345,4,2,0.5,1,1,0,none,1,14392.45
TX06856,C1676,38115.29,CARD,abandoned,checkout_dropoff,3,1,175,15,0,0.0,1,0,2,send_reminder,1,38115.29
TX06857,C0406,24375.84,UPI,abandoned,checkout_dropoff,4,1,382,8,7,0.88,0,0,2,payment_link,1,24375.84
TX06858,C1074,502.87,NETBANKING,success,none,0,0,462,12,10,0.83,0,0,0,none,1,502.87
TX06859,C0307,39222.51,UPI,success,none,0,0,307,11,11,1.0,0,0,0,none,1,39222.51
TX06860,C1725,15088.44,CARD,failed,timeout,4,0,143,17,17,1.0,0,0,1,retry_payment,0,0.0
TX06861,C1892,48345.88,UPI,success,none,0,0,268,4,4,1.0,1,1,0,none,1,48345.88
TX06862,C0563,38514.05,WALLET,failed,technical_error,0,0,564,18,14,0.78,0,0,2,payment_link,1,38514.05
TX06863,C0793,2788.76,WALLET,success,none,0,0,365,16,13,0.81,0,0,0,none,1,2788.76
TX06864,C1555,15968.85,NETBANKING,success,none,0,0,211,1,0,0.0,0,0,0,none,1,15968.85
TX06865,C0660,8372.07,WALLET,success,none,0,0,192,1,1,1.0,1,0,0,none,1,8372.07
TX06866,C2054,12171.81,UPI,success,none,0,0,322,3,0,0.0,0,0,0,none,1,12171.81
TX06867,C2061,35132.41,CARD,success,none,0,0,216,17,0,0.0,0,0,0,none,1,35132.41
TX06868,C1785,15738.49,CARD,failed,timeout,0,0,246,3,2,0.67,0,0,0,retry_payment,1,15738.49
TX06869,C0696,37221.42,NETBANKING,success,none,0,0,548,3,3,1.0,1,0,0,none,1,37221.42
TX06870,C0756,17378.5,CARD,success,none,0,0,435,17,3,0.18,0,0,0,none,1,17378.5
TX06871,C0912,1064.05,CARD,success,none,0,0,345,5,3,0.6,0,0,0,none,1,1064.05
TX06872,C0167,3610.12,UPI,success,none,0,0,119,6,1,0.17,0,0,0,none,1,3610.12
TX06873,C1967,10780.14,UPI,abandoned,checkout_dropoff,0,1,155,6,0,0.0,0,0,2,send_reminder,0,0.0
TX06874,C1702,17638.39,CARD,abandoned,checkout_dropoff,0,1,71,3,0,0.0,1,7,0,send_reminder,0,0.0
TX06875,C1426,35253.0,UPI,success,none,0,0,600,3,0,0.0,1,0,0,none,1,35253.0
TX06876,C2067,1600.81,NETBANKING,success,none,0,0,95,3,2,0.67,0,0,0,none,1,1600.81
TX06877,C1241,5542.42,CARD,failed,insufficient_funds,0,0,87,4,1,0.25,1,7,0,send_reminder,0,0.0
TX06878,C2136,9248.91,WALLET,failed,bank_error,4,0,66,19,15,0.79,0,0,1,payment_link,1,9248.91
TX06879,C2415,4916.08,CARD,success,none,0,0,120,20,2,0.1,0,0,0,none,1,4916.08
TX06880,C1130,18619.75,NETBANKING,success,none,0,0,400,18,16,0.89,0,0,0,none,1,18619.75
TX06881,C2027,16039.49,WALLET,success,none,0,0,589,12,8,0.67,0,0,0,none,1,16039.49
TX06882,C1212,27064.47,CARD,success,none,0,0,76,6,3,0.5,1,15,0,none,1,27064.47
TX06883,C1709,37303.21,NETBANKING,abandoned,checkout_dropoff,3,1,67,12,2,0.17,0,0,2,payment_link,0,0.0
TX06884,C1262,23928.39,UPI,failed,timeout,0,0,505,18,6,0.33,1,3,2,retry_payment,1,23928.39
TX06885,C1545,46516.56,NETBANKING,failed,insufficient_funds,4,0,348,17,17,1.0,0,0,1,send_reminder,1,46516.56
TX06886,C1435,22620.28,UPI,success,none,0,0,33,15,14,0.93,1,0,0,none,1,22620.28
TX06887,C1776,45487.79,WALLET,success,none,0,0,409,4,0,0.0,1,0,0,none,1,45487.79
TX06888,C0136,12644.39,WALLET,success,none,0,0,367,8,8,1.0,1,1,0,none,1,12644.39
TX06889,C2051,3461.75,WALLET,success,none,0,0,19,15,12,0.8,0,0,0,none,1,3461.75
TX06890,C1757,30325.9,UPI,failed,insufficient_funds,1,0,276,15,10,0.67,1,0,2,send_reminder,1,30325.9
TX06891,C0408,13074.24,NETBANKING,success,none,0,0,278,9,6,0.67,0,0,0,none,1,13074.24
TX06892,C1638,20063.03,WALLET,failed,timeout,2,0,108,19,16,0.84,0,0,2,retry_payment,0,0.0
TX06893,C0935,26806.25,CARD,success,none,0,0,321,3,2,0.67,1,15,0,none,1,26806.25
TX06894,C2351,37096.47,CARD,success,none,0,0,492,15,2,0.13,0,0,0,none,1,37096.47
TX06895,C1514,26762.88,WALLET,success,none,0,0,411,1,0,0.0,0,0,0,none,1,26762.88
TX06896,C0840,5399.43,CARD,failed,technical_error,4,0,465,3,3,1.0,1,3,2,payment_link,1,5399.43
TX06897,C0679,28666.84,CARD,success,none,0,0,68,15,15,1.0,0,0,0,none,1,28666.84
TX06898,C1309,27800.09,UPI,failed,network_error,4,0,15,14,2,0.14,1,0,1,retry_payment,0,0.0
TX06899,C1673,35298.47,WALLET,success,none,0,0,11,14,8,0.57,0,0,0,none,1,35298.47
TX06900,C0748,40761.29,NETBANKING,failed,timeout,4,0,476,7,7,1.0,1,0,2,retry_payment,0,0.0
TX06901,C0046,13301.8,UPI,success,none,0,0,187,9,1,0.11,1,30,0,none,1,13301.8
TX06902,C0427,24891.71,CARD,success,none,0,0,520,19,14,0.74,0,0,0,none,1,24891.71
TX06903,C0132,28497.14,UPI,success,none,0,0,239,7,0,0.0,0,0,0,none,1,28497.14
TX06904,C2421,8177.79,UPI,failed,timeout,3,0,298,15,0,0.0,1,1,2,retry_payment,0,0.0
TX06905,C1301,2478.93,CARD,success,none,0,0,470,10,4,0.4,1,0,0,none,1,2478.93
TX06906,C1412,45663.17,NETBANKING,success,none,0,0,494,4,2,0.5,0,0,0,none,1,45663.17
TX06907,C0044,24313.66,CARD,failed,bank_error,3,0,560,5,0,0.0,0,0,0,payment_link,1,24313.66
TX06908,C0441,45534.82,CARD,success,none,0,0,187,2,1,0.5,1,3,0,none,1,45534.82
TX06909,C2346,18374.05,WALLET,success,none,0,0,483,4,4,1.0,1,15,0,none,1,18374.05
TX06910,C1838,7206.23,UPI,failed,technical_error,4,0,487,8,6,0.75,1,30,2,payment_link,1,7206.23
TX06911,C2388,13196.2,CARD,failed,bank_error,0,0,364,4,0,0.0,0,0,2,payment_link,0,0.0
TX06912,C2285,4105.52,WALLET,success,none,0,0,90,8,5,0.62,1,0,0,none,1,4105.52
TX06913,C0241,29632.84,CARD,failed,technical_error,3,0,123,16,13,0.81,1,1,2,payment_link,1,29632.84
TX06914,C2090,44338.51,CARD,failed,technical_error,0,0,441,3,3,1.0,0,0,1,payment_link,1,44338.51
TX06915,C1398,34507.8,WALLET,success,none,0,0,281,19,6,0.32,0,0,0,none,1,34507.8
TX06916,C1961,47841.82,CARD,failed,technical_error,2,0,69,18,6,0.33,1,30,0,payment_link,1,47841.82
TX06917,C1125,3259.08,NETBANKING,failed,insufficient_funds,4,0,96,2,2,1.0,1,0,1,send_reminder,1,3259.08
TX06918,C1548,36442.68,CARD,success,none,0,0,11,7,1,0.14,1,7,0,none,1,36442.68
TX06919,C0827,8243.73,UPI,success,none,0,0,218,18,12,0.67,1,15,0,none,1,8243.73
TX06920,C0956,22356.99,UPI,success,none,0,0,413,20,18,0.9,0,0,0,none,1,22356.99
TX06921,C2151,30538.54,CARD,success,none,0,0,595,15,13,0.87,0,0,0,none,1,30538.54
TX06922,C0898,15652.62,WALLET,success,none,0,0,400,2,0,0.0,0,0,0,none,1,15652.62
TX06923,C0418,1309.14,WALLET,success,none,0,0,382,7,1,0.14,0,0,0,none,1,1309.14
TX06924,C1287,37771.46,UPI,success,none,0,0,152,13,5,0.38,0,0,0,none,1,37771.46
TX06925,C0739,43342.91,UPI,failed,technical_error,4,0,276,14,6,0.43,1,0,2,payment_link,0,0.0
TX06926,C1025,1818.64,CARD,success,none,0,0,95,2,0,0.0,1,0,0,none,1,1818.64
TX06927,C1849,9839.82,NETBANKING,success,none,0,0,517,3,1,0.33,0,0,0,none,1,9839.82
TX06928,C0663,15109.97,WALLET,success,none,0,0,318,3,2,0.67,1,0,0,none,1,15109.97
TX06929,C0558,6236.13,CARD,abandoned,checkout_dropoff,0,1,95,8,6,0.75,0,0,2,payment_link,1,6236.13
TX06930,C0655,28922.57,WALLET,success,none,0,0,190,6,6,1.0,0,0,0,none,1,28922.57
TX06931,C2029,40532.74,UPI,failed,network_error,1,0,384,1,0,0.0,0,0,2,retry_payment,1,40532.74
TX06932,C2418,14511.25,NETBANKING,success,none,0,0,516,18,6,0.33,1,0,0,none,1,14511.25
TX06933,C1144,14959.47,CARD,success,none,0,0,306,11,7,0.64,0,0,0,none,1,14959.47
TX06934,C2345,45411.31,NETBANKING,success,none,0,0,455,18,8,0.44,1,0,0,none,1,45411.31
TX06935,C1871,34408.94,UPI,success,none,0,0,188,18,2,0.11,1,0,0,none,1,34408.94
TX06936,C1991,4689.55,NETBANKING,success,none,0,0,199,18,6,0.33,1,0,0,none,1,4689.55
TX06937,C0712,13750.03,UPI,abandoned,checkout_dropoff,2,1,181,19,11,0.58,1,30,1,send_reminder,0,0.0
TX06938,C0473,8428.07,UPI,success,none,0,0,100,13,8,0.62,0,0,0,none,1,8428.07
TX06939,C2199,2376.61,CARD,success,none,0,0,261,20,20,1.0,1,1,0,none,1,2376.61
TX06940,C1605,34735.37,NETBANKING,success,none,0,0,591,19,17,0.89,0,0,0,none,1,34735.37
TX06941,C2366,5236.46,WALLET,failed,insufficient_funds,4,0,597,2,1,0.5,1,30,2,send_reminder,0,0.0
TX06942,C1270,25734.16,NETBANKING,success,none,0,0,312,4,0,0.0,0,0,0,none,1,25734.16
TX06943,C0952,36324.74,WALLET,success,none,0,0,28,14,1,0.07,1,1,0,none,1,36324.74
TX06944,C2212,39716.34,WALLET,success,none,0,0,84,1,1,1.0,0,0,0,none,1,39716.34
TX06945,C2041,42510.0,WALLET,success,none,0,0,585,12,0,0.0,0,0,0,none,1,42510.0
TX06946,C0561,19786.47,WALLET,success,none,0,0,57,11,4,0.36,1,0,0,none,1,19786.47
TX06947,C2079,48662.88,UPI,failed,technical_error,2,0,184,10,0,0.0,0,0,1,payment_link,1,48662.88
TX06948,C1484,1423.94,CARD,success,none,0,0,571,4,2,0.5,0,0,0,none,1,1423.94
TX06949,C0620,47860.63,WALLET,success,none,0,0,379,8,3,0.38,1,1,0,none,1,47860.63
TX06950,C0554,33161.69,CARD,failed,bank_error,4,0,137,5,1,0.2,0,0,0,payment_link,0,0.0
TX06951,C2267,47915.23,NETBANKING,failed,network_error,0,0,517,9,3,0.33,0,0,2,retry_payment,1,47915.23
TX06952,C1035,10756.18,CARD,failed,technical_error,0,0,228,11,6,0.55,1,30,1,payment_link,0,0.0
TX06953,C0597,14429.17,WALLET,success,none,0,0,151,6,3,0.5,1,30,0,none,1,14429.17
TX06954,C0612,25176.28,CARD,success,none,0,0,234,10,3,0.3,0,0,0,none,1,25176.28
TX06955,C1552,2391.09,CARD,success,none,0,0,163,15,10,0.67,1,0,0,none,1,2391.09
TX06956,C1450,26477.98,NETBANKING,failed,network_error,3,0,234,1,0,0.0,0,0,2,retry_payment,0,0.0
TX06957,C2353,35541.51,CARD,success,none,0,0,155,9,1,0.11,0,0,0,none,1,35541.51
TX06958,C2456,21978.75,CARD,success,none,0,0,514,12,2,0.17,0,0,0,none,1,21978.75
TX06959,C2101,34862.11,CARD,success,none,0,0,235,19,15,0.79,1,1,0,none,1,34862.11
TX06960,C0148,40918.78,CARD,success,none,0,0,427,15,14,0.93,1,7,0,none,1,40918.78
TX06961,C1129,46983.4,NETBANKING,success,none,0,0,329,10,4,0.4,1,0,0,none,1,46983.4
TX06962,C2460,45209.46,WALLET,abandoned,checkout_dropoff,3,1,160,14,8,0.57,0,0,0,payment_link,0,0.0
TX06963,C1040,26742.82,CARD,success,none,0,0,371,12,11,0.92,1,1,0,none,1,26742.82
TX06964,C0897,24730.64,NETBANKING,success,none,0,0,210,3,0,0.0,1,0,0,none,1,24730.64
TX06965,C0467,7425.33,WALLET,success,none,0,0,400,20,12,0.6,1,15,0,none,1,7425.33
TX06966,C1816,1939.12,WALLET,success,none,0,0,500,3,2,0.67,0,0,0,none,1,1939.12
TX06967,C2212,11310.49,CARD,failed,bank_error,1,0,384,13,2,0.15,1,0,1,payment_link,1,11310.49
TX06968,C2258,15393.22,UPI,failed,bank_error,2,0,95,3,1,0.33,1,0,0,payment_link,0,0.0
TX06969,C0525,6788.43,UPI,abandoned,checkout_dropoff,3,1,243,18,5,0.28,0,0,0,send_reminder,0,0.0
TX06970,C1626,27039.51,WALLET,success,none,0,0,10,16,0,0.0,1,7,0,none,1,27039.51
TX06971,C2228,48092.01,WALLET,failed,timeout,4,0,531,15,10,0.67,1,1,0,retry_payment,0,0.0
TX06972,C2360,8618.9,NETBANKING,success,none,0,0,92,3,0,0.0,0,0,0,none,1,8618.9
TX06973,C2153,15398.62,CARD,success,none,0,0,204,11,0,0.0,0,0,0,none,1,15398.62
TX06974,C0600,46695.88,NETBANKING,success,none,0,0,407,20,9,0.45,1,0,0,none,1,46695.88
TX06975,C0515,2948.05,UPI,failed,network_error,3,0,340,7,3,0.43,0,0,0,retry_payment,0,0.0
TX06976,C2460,34617.27,WALLET,abandoned,checkout_dropoff,4,1,82,4,4,1.0,1,0,1,payment_link,0,0.0
TX06977,C0382,49733.64,WALLET,success,none,0,0,268,14,12,0.86,1,1,0,none,1,49733.64
TX06978,C0604,9755.41,WALLET,failed,timeout,3,0,584,5,3,0.6,0,0,0,retry_payment,0,0.0
TX06979,C2159,935.83,NETBANKING,success,none,0,0,213,6,1,0.17,1,0,0,none,1,935.83
TX06980,C0053,41392.73,NETBANKING,failed,bank_error,4,0,92,7,4,0.57,1,0,0,payment_link,0,0.0
TX06981,C1496,10790.81,CARD,success,none,0,0,174,20,0,0.0,1,15,0,none,1,10790.81
TX06982,C1116,8232.43,CARD,success,none,0,0,441,4,3,0.75,0,0,0,none,1,8232.43
TX06983,C0350,1238.89,WALLET,success,none,0,0,582,20,20,1.0,0,0,0,none,1,1238.89
TX06984,C2178,8736.62,CARD,failed,network_error,0,0,109,12,12,1.0,0,0,1,retry_payment,1,8736.62
TX06985,C0193,42597.11,WALLET,failed,insufficient_funds,4,0,503,1,1,1.0,0,0,2,send_reminder,0,0.0
TX06986,C1793,33725.51,WALLET,failed,technical_error,3,0,256,4,0,0.0,0,0,1,payment_link,0,0.0
TX06987,C1369,10216.74,NETBANKING,success,none,0,0,229,13,5,0.38,0,0,0,none,1,10216.74
TX06988,C0674,23747.58,NETBANKING,failed,technical_error,1,0,364,1,1,1.0,1,7,0,payment_link,1,23747.58
TX06989,C1878,45525.14,NETBANKING,success,none,0,0,289,10,4,0.4,0,0,0,none,1,45525.14
TX06990,C0341,24879.4,NETBANKING,failed,bank_error,3,0,19,3,3,1.0,0,0,2,payment_link,1,24879.4
TX06991,C1944,47316.23,WALLET,success,none,0,0,41,16,6,0.38,1,0,0,none,1,47316.23
TX06992,C1295,24156.26,NETBANKING,success,none,0,0,422,7,1,0.14,1,7,0,none,1,24156.26
TX06993,C0419,41154.24,UPI,success,none,0,0,592,11,7,0.64,0,0,0,none,1,41154.24
TX06994,C0710,49465.28,CARD,abandoned,checkout_dropoff,1,1,354,17,13,0.76,0,0,0,payment_link,1,49465.28
TX06995,C0538,11539.18,NETBANKING,abandoned,checkout_dropoff,1,1,157,14,4,0.29,0,0,2,payment_link,1,11539.18
TX06996,C1126,47660.89,CARD,success,none,0,0,15,12,6,0.5,1,7,0,none,1,47660.89
TX06997,C1794,22709.32,UPI,failed,technical_error,0,0,164,12,1,0.08,1,0,0,payment_link,1,22709.32
TX06998,C0115,27164.08,CARD,abandoned,checkout_dropoff,4,1,534,19,6,0.32,0,0,1,payment_link,0,0.0
TX06999,C2477,20713.23,WALLET,success,none,0,0,539,1,0,0.0,1,3,0,none,1,20713.23
TX07000,C2273,23878.24,NETBANKING,success,none,0,0,115,15,13,0.87,1,0,0,none,1,23878.24
TX07001,C1149,24682.86,WALLET,abandoned,checkout_dropoff,4,1,343,19,14,0.74,1,0,1,send_reminder,0,0.0
TX07002,C1506,29981.95,UPI,success,none,0,0,173,16,14,0.88,1,0,0,none,1,29981.95
TX07003,C1138,49672.39,CARD,success,none,0,0,307,11,7,0.64,1,0,0,none,1,49672.39
TX07004,C1208,40607.75,CARD,success,none,0,0,121,7,7,1.0,1,1,0,none,1,40607.75
TX07005,C1483,46306.62,CARD,abandoned,checkout_dropoff,4,1,89,8,7,0.88,0,0,0,send_reminder,1,46306.62
TX07006,C1179,21092.8,NETBANKING,success,none,0,0,330,6,0,0.0,1,1,0,none,1,21092.8
TX07007,C1383,40528.76,WALLET,success,none,0,0,516,15,6,0.4,0,0,0,none,1,40528.76
TX07008,C0195,7422.13,UPI,success,none,0,0,284,7,3,0.43,0,0,0,none,1,7422.13
TX07009,C1990,23288.99,UPI,failed,network_error,1,0,101,12,3,0.25,0,0,2,retry_payment,1,23288.99
TX07010,C1266,3304.0,NETBANKING,success,none,0,0,20,14,13,0.93,0,0,0,none,1,3304.0
TX07011,C1989,6312.62,UPI,success,none,0,0,214,3,2,0.67,1,0,0,none,1,6312.62
TX07012,C2226,2881.38,WALLET,success,none,0,0,400,9,6,0.67,0,0,0,none,1,2881.38
TX07013,C0135,33328.81,WALLET,success,none,0,0,418,12,1,0.08,0,0,0,none,1,33328.81
TX07014,C1644,16096.92,NETBANKING,abandoned,checkout_dropoff,1,1,504,2,1,0.5,0,0,0,payment_link,0,0.0
TX07015,C1489,7393.54,WALLET,success,none,0,0,551,16,1,0.06,0,0,0,none,1,7393.54
TX07016,C0026,28461.07,NETBANKING,success,none,0,0,364,2,1,0.5,0,0,0,none,1,28461.07
TX07017,C1395,31349.66,WALLET,success,none,0,0,221,17,3,0.18,0,0,0,none,1,31349.66
TX07018,C0796,44395.19,NETBANKING,abandoned,checkout_dropoff,1,1,229,14,0,0.0,1,0,1,payment_link,0,0.0
TX07019,C0230,6646.37,UPI,success,none,0,0,42,15,7,0.47,1,0,0,none,1,6646.37
TX07020,C1621,21079.8,UPI,success,none,0,0,454,20,20,1.0,1,0,0,none,1,21079.8
TX07021,C1839,35789.17,UPI,success,none,0,0,403,14,0,0.0,0,0,0,none,1,35789.17
TX07022,C1379,16894.83,CARD,failed,timeout,4,0,295,19,6,0.32,1,0,2,retry_payment,0,0.0
TX07023,C2490,3562.52,WALLET,success,none,0,0,54,6,6,1.0,1,1,0,none,1,3562.52
TX07024,C2300,44104.24,WALLET,failed,bank_error,2,0,354,11,7,0.64,1,15,1,payment_link,1,44104.24
TX07025,C1413,49861.61,UPI,success,none,0,0,49,14,6,0.43,0,0,0,none,1,49861.61
TX07026,C0951,20896.13,NETBANKING,success,none,0,0,100,13,1,0.08,1,1,0,none,1,20896.13
TX07027,C0506,12419.42,CARD,success,none,0,0,215,10,5,0.5,0,0,0,none,1,12419.42
TX07028,C2188,1746.56,CARD,success,none,0,0,405,9,4,0.44,1,7,0,none,1,1746.56
TX07029,C2092,4947.15,NETBANKING,success,none,0,0,289,14,14,1.0,0,0,0,none,1,4947.15
TX07030,C1345,43809.48,WALLET,success,none,0,0,345,20,3,0.15,1,0,0,none,1,43809.48
TX07031,C1236,32647.71,UPI,success,none,0,0,268,19,3,0.16,1,3,0,none,1,32647.71
TX07032,C0120,21294.48,UPI,success,none,0,0,460,2,1,0.5,0,0,0,none,1,21294.48
TX07033,C0637,34864.57,CARD,abandoned,checkout_dropoff,2,1,573,19,14,0.74,0,0,1,send_reminder,1,34864.57
TX07034,C2000,17599.19,WALLET,failed,network_error,0,0,29,6,6,1.0,0,0,2,retry_payment,1,17599.19
TX07035,C1847,31101.51,WALLET,success,none,0,0,465,1,1,1.0,1,3,0,none,1,31101.51
TX07036,C0337,20294.87,WALLET,success,none,0,0,327,14,6,0.43,0,0,0,none,1,20294.87
TX07037,C1361,20728.61,NETBANKING,success,none,0,0,390,3,3,1.0,0,0,0,none,1,20728.61
TX07038,C2056,36298.17,UPI,success,none,0,0,121,9,2,0.22,0,0,0,none,1,36298.17
TX07039,C2154,46076.38,NETBANKING,success,none,0,0,403,19,15,0.79,1,15,0,none,1,46076.38
TX07040,C0863,21227.59,UPI,success,none,0,0,562,1,1,1.0,1,3,0,none,1,21227.59
TX07041,C0951,45427.09,UPI,failed,bank_error,3,0,150,20,2,0.1,1,0,0,payment_link,1,45427.09
TX07042,C0448,48531.06,UPI,abandoned,checkout_dropoff,2,1,544,17,16,0.94,1,0,2,payment_link,0,0.0
TX07043,C0690,18878.48,CARD,success,none,0,0,236,10,9,0.9,1,0,0,none,1,18878.48
TX07044,C1910,25704.31,CARD,success,none,0,0,141,4,4,1.0,0,0,0,none,1,25704.31
TX07045,C2229,47759.26,CARD,success,none,0,0,233,4,0,0.0,1,30,0,none,1,47759.26
TX07046,C0921,4150.0,NETBANKING,failed,insufficient_funds,3,0,472,1,1,1.0,0,0,2,send_reminder,1,4150.0
TX07047,C0713,1061.6,UPI,success,none,0,0,245,19,10,0.53,1,0,0,none,1,1061.6
TX07048,C0684,45246.86,NETBANKING,success,none,0,0,88,5,4,0.8,0,0,0,none,1,45246.86
TX07049,C2195,23013.29,NETBANKING,success,none,0,0,13,15,9,0.6,0,0,0,none,1,23013.29
TX07050,C1077,48153.89,WALLET,success,none,0,0,297,6,3,0.5,0,0,0,none,1,48153.89
TX07051,C0019,43880.02,CARD,success,none,0,0,113,18,17,0.94,1,0,0,none,1,43880.02
TX07052,C1714,31923.65,CARD,success,none,0,0,594,5,2,0.4,0,0,0,none,1,31923.65
TX07053,C0327,5931.04,CARD,failed,network_error,0,0,435,18,1,0.06,1,0,2,retry_payment,1,5931.04
TX07054,C0429,40793.02,WALLET,failed,network_error,3,0,512,5,0,0.0,0,0,1,retry_payment,0,0.0
TX07055,C1718,45346.0,NETBANKING,success,none,0,0,352,14,5,0.36,1,0,0,none,1,45346.0
TX07056,C0095,2698.77,CARD,success,none,0,0,514,3,3,1.0,0,0,0,none,1,2698.77
TX07057,C1863,6913.23,WALLET,success,none,0,0,249,20,18,0.9,1,0,0,none,1,6913.23
TX07058,C0861,34019.19,WALLET,success,none,0,0,85,18,13,0.72,0,0,0,none,1,34019.19
TX07059,C1143,38893.49,CARD,failed,network_error,4,0,388,19,5,0.26,0,0,0,retry_payment,0,0.0
TX07060,C0103,43969.79,NETBANKING,success,none,0,0,170,19,8,0.42,1,7,0,none,1,43969.79
TX07061,C2259,31321.84,WALLET,success,none,0,0,427,14,12,0.86,0,0,0,none,1,31321.84
TX07062,C0478,26867.32,WALLET,success,none,0,0,60,3,0,0.0,0,0,0,none,1,26867.32
TX07063,C0246,46538.15,WALLET,success,none,0,0,574,14,6,0.43,1,0,0,none,1,46538.15
TX07064,C1939,44586.25,NETBANKING,abandoned,checkout_dropoff,2,1,504,6,4,0.67,0,0,2,payment_link,1,44586.25
TX07065,C0941,27411.05,NETBANKING,success,none,0,0,403,16,7,0.44,1,0,0,none,1,27411.05
TX07066,C1987,8681.64,UPI,success,none,0,0,205,12,9,0.75,0,0,0,none,1,8681.64
TX07067,C0496,7990.83,UPI,failed,network_error,0,0,41,20,19,0.95,0,0,2,retry_payment,1,7990.83
TX07068,C2159,9250.54,NETBANKING,success,none,0,0,452,4,1,0.25,0,0,0,none,1,9250.54
TX07069,C0398,205.0,NETBANKING,abandoned,checkout_dropoff,0,1,475,15,2,0.13,0,0,2,payment_link,1,205.0
TX07070,C1040,35953.61,CARD,success,none,0,0,378,20,12,0.6,0,0,0,none,1,35953.61
TX07071,C2137,32938.56,NETBANKING,success,none,0,0,292,13,8,0.62,0,0,0,none,1,32938.56
TX07072,C1710,19336.36,CARD,failed,network_error,0,0,205,15,7,0.47,1,0,2,retry_payment,0,0.0
TX07073,C1410,24024.39,UPI,success,none,0,0,349,3,0,0.0,1,0,0,none,1,24024.39
TX07074,C2216,11472.09,WALLET,success,none,0,0,430,3,2,0.67,1,0,0,none,1,11472.09
TX07075,C1456,48136.34,WALLET,success,none,0,0,237,3,0,0.0,0,0,0,none,1,48136.34
TX07076,C0557,49573.98,WALLET,abandoned,checkout_dropoff,4,1,464,10,2,0.2,1,0,2,payment_link,1,49573.98
TX07077,C0258,8961.19,NETBANKING,success,none,0,0,110,13,5,0.38,0,0,0,none,1,8961.19
TX07078,C2495,41003.18,NETBANKING,success,none,0,0,267,1,0,0.0,1,1,0,none,1,41003.18
TX07079,C1692,40983.31,WALLET,success,none,0,0,299,19,5,0.26,1,7,0,none,1,40983.31
TX07080,C1478,12954.78,CARD,failed,bank_error,1,0,290,1,0,0.0,0,0,2,payment_link,1,12954.78
TX07081,C2392,45235.59,UPI,success,none,0,0,298,7,7,1.0,0,0,0,none,1,45235.59
TX07082,C1282,49144.39,UPI,success,none,0,0,262,19,9,0.47,0,0,0,none,1,49144.39
TX07083,C1265,33213.03,UPI,success,none,0,0,592,10,0,0.0,0,0,0,none,1,33213.03
TX07084,C1810,41376.88,NETBANKING,success,none,0,0,109,19,5,0.26,0,0,0,none,1,41376.88
TX07085,C0576,14927.99,NETBANKING,failed,network_error,0,0,446,15,0,0.0,0,0,2,retry_payment,0,0.0
TX07086,C0262,3848.63,WALLET,success,none,0,0,238,10,7,0.7,1,0,0,none,1,3848.63
TX07087,C0586,30481.04,WALLET,success,none,0,0,408,15,6,0.4,0,0,0,none,1,30481.04
TX07088,C1892,7515.62,WALLET,failed,bank_error,0,0,149,16,0,0.0,0,0,2,payment_link,0,0.0
TX07089,C1037,47492.45,WALLET,success,none,0,0,555,16,7,0.44,1,0,0,none,1,47492.45
TX07090,C1811,46656.61,CARD,failed,insufficient_funds,4,0,480,7,1,0.14,0,0,0,send_reminder,1,46656.61
TX07091,C1499,14558.89,CARD,success,none,0,0,401,16,8,0.5,1,0,0,none,1,14558.89
TX07092,C1192,15752.29,CARD,success,none,0,0,177,18,3,0.17,1,30,0,none,1,15752.29
TX07093,C0319,10305.33,CARD,success,none,0,0,251,5,4,0.8,0,0,0,none,1,10305.33
TX07094,C1196,49043.04,UPI,failed,insufficient_funds,3,0,462,10,0,0.0,1,0,2,send_reminder,0,0.0
TX07095,C0188,37950.09,UPI,success,none,0,0,504,4,3,0.75,0,0,0,none,1,37950.09
TX07096,C2215,39972.51,UPI,success,none,0,0,173,16,14,0.88,0,0,0,none,1,39972.51
TX07097,C0297,18075.49,CARD,success,none,0,0,24,15,6,0.4,1,0,0,none,1,18075.49
TX07098,C0979,9529.64,NETBANKING,success,none,0,0,417,8,2,0.25,0,0,0,none,1,9529.64
TX07099,C0795,19486.48,UPI,success,none,0,0,477,19,19,1.0,0,0,0,none,1,19486.48
TX07100,C0428,39507.66,CARD,success,none,0,0,244,14,6,0.43,0,0,0,none,1,39507.66
TX07101,C2456,35265.26,WALLET,failed,timeout,3,0,451,20,14,0.7,0,0,1,retry_payment,0,0.0
TX07102,C0710,20178.28,WALLET,success,none,0,0,287,3,3,1.0,0,0,0,none,1,20178.28
TX07103,C1668,33268.62,NETBANKING,success,none,0,0,52,2,1,0.5,0,0,0,none,1,33268.62
TX07104,C0662,49478.55,UPI,abandoned,checkout_dropoff,1,1,472,3,1,0.33,0,0,2,send_reminder,1,49478.55
TX07105,C1820,44502.3,UPI,success,none,0,0,422,5,3,0.6,0,0,0,none,1,44502.3
TX07106,C0448,39814.97,WALLET,success,none,0,0,268,19,19,1.0,0,0,0,none,1,39814.97
TX07107,C2270,41973.39,CARD,success,none,0,0,542,14,11,0.79,0,0,0,none,1,41973.39
TX07108,C1833,25110.83,NETBANKING,success,none,0,0,317,18,11,0.61,0,0,0,none,1,25110.83
TX07109,C0525,1060.29,UPI,success,none,0,0,396,17,15,0.88,0,0,0,none,1,1060.29
TX07110,C1925,829.06,NETBANKING,success,none,0,0,524,15,15,1.0,0,0,0,none,1,829.06
TX07111,C1504,26412.84,CARD,failed,technical_error,4,0,110,5,5,1.0,1,1,2,payment_link,1,26412.84
TX07112,C2308,34304.46,UPI,success,none,0,0,229,14,8,0.57,1,15,0,none,1,34304.46
TX07113,C1090,8106.96,NETBANKING,success,none,0,0,146,13,1,0.08,0,0,0,none,1,8106.96
TX07114,C2408,36660.43,CARD,success,none,0,0,164,16,15,0.94,1,0,0,none,1,36660.43
TX07115,C1440,9717.49,CARD,abandoned,checkout_dropoff,3,1,488,8,2,0.25,1,7,0,send_reminder,0,0.0
TX07116,C1785,33091.17,WALLET,success,none,0,0,38,3,2,0.67,0,0,0,none,1,33091.17
TX07117,C0828,17146.81,CARD,success,none,0,0,284,8,4,0.5,0,0,0,none,1,17146.81
TX07118,C1875,3805.69,WALLET,success,none,0,0,506,13,6,0.46,1,0,0,none,1,3805.69
TX07119,C1260,26182.44,UPI,success,none,0,0,403,9,1,0.11,0,0,0,none,1,26182.44
TX07120,C0327,35473.59,WALLET,success,none,0,0,55,5,4,0.8,1,0,0,none,1,35473.59
TX07121,C1244,16810.73,CARD,abandoned,checkout_dropoff,2,1,430,1,0,0.0,0,0,0,send_reminder,0,0.0
TX07122,C1648,27815.78,UPI,failed,insufficient_funds,4,0,383,1,0,0.0,1,7,0,send_reminder,0,0.0
TX07123,C1762,8747.09,CARD,success,none,0,0,32,11,11,1.0,1,0,0,none,1,8747.09
TX07124,C0758,36054.77,UPI,abandoned,checkout_dropoff,3,1,583,9,6,0.67,0,0,1,send_reminder,0,0.0
TX07125,C2117,10391.27,WALLET,failed,timeout,2,0,375,17,15,0.88,0,0,0,retry_payment,0,0.0
TX07126,C0876,37643.85,WALLET,success,none,0,0,76,2,2,1.0,1,0,0,none,1,37643.85
TX07127,C0170,37101.9,WALLET,success,none,0,0,322,4,2,0.5,1,0,0,none,1,37101.9
TX07128,C1304,33733.89,NETBANKING,failed,timeout,3,0,289,4,2,0.5,1,30,0,retry_payment,0,0.0
TX07129,C1859,16732.96,WALLET,success,none,0,0,395,8,2,0.25,0,0,0,none,1,16732.96
TX07130,C1246,27835.53,UPI,success,none,0,0,328,6,6,1.0,1,3,0,none,1,27835.53
TX07131,C0253,42906.7,CARD,success,none,0,0,307,11,1,0.09,0,0,0,none,1,42906.7
TX07132,C1746,2705.25,CARD,failed,bank_error,3,0,348,14,7,0.5,0,0,0,payment_link,0,0.0
TX07133,C1239,11621.88,NETBANKING,abandoned,checkout_dropoff,0,1,484,18,2,0.11,1,1,2,payment_link,0,0.0
TX07134,C1595,18156.5,WALLET,success,none,0,0,427,20,4,0.2,0,0,0,none,1,18156.5
TX07135,C0316,42415.71,CARD,failed,technical_error,4,0,485,12,7,0.58,1,30,0,payment_link,1,42415.71
TX07136,C2082,23776.16,WALLET,success,none,0,0,266,9,4,0.44,1,7,0,none,1,23776.16
TX07137,C2207,19474.82,NETBANKING,failed,bank_error,4,0,63,9,0,0.0,0,0,1,payment_link,0,0.0
TX07138,C0576,35710.28,CARD,success,none,0,0,345,16,3,0.19,1,0,0,none,1,35710.28
TX07139,C0130,29416.98,UPI,success,none,0,0,197,3,1,0.33,1,7,0,none,1,29416.98
TX07140,C2388,40822.94,CARD,abandoned,checkout_dropoff,1,1,147,10,1,0.1,0,0,2,send_reminder,1,40822.94
TX07141,C0729,47808.67,UPI,success,none,0,0,344,13,6,0.46,0,0,0,none,1,47808.67
TX07142,C0015,35460.16,NETBANKING,failed,network_error,0,0,88,4,1,0.25,0,0,0,retry_payment,1,35460.16
TX07143,C0634,39126.73,UPI,failed,insufficient_funds,2,0,270,5,3,0.6,1,3,1,send_reminder,1,39126.73
TX07144,C0265,44678.23,NETBANKING,abandoned,checkout_dropoff,1,1,543,18,15,0.83,1,0,2,send_reminder,0,0.0
TX07145,C0088,40348.84,UPI,failed,insufficient_funds,4,0,338,5,3,0.6,0,0,0,send_reminder,1,40348.84
TX07146,C2056,47939.34,NETBANKING,failed,technical_error,2,0,106,7,7,1.0,0,0,2,payment_link,0,0.0
TX07147,C0440,5453.62,CARD,success,none,0,0,320,9,8,0.89,1,30,0,none,1,5453.62
TX07148,C1702,21277.96,UPI,success,none,0,0,335,12,4,0.33,1,7,0,none,1,21277.96
TX07149,C2309,35251.83,WALLET,success,none,0,0,198,14,5,0.36,1,0,0,none,1,35251.83
TX07150,C0233,17448.28,CARD,success,none,0,0,306,10,3,0.3,0,0,0,none,1,17448.28
TX07151,C0134,35587.5,UPI,failed,technical_error,0,0,430,6,4,0.67,0,0,1,payment_link,1,35587.5
TX07152,C1777,4754.35,WALLET,success,none,0,0,114,1,0,0.0,0,0,0,none,1,4754.35
TX07153,C2031,13043.52,CARD,success,none,0,0,163,1,1,1.0,1,0,0,none,1,13043.52
TX07154,C2033,23445.1,NETBANKING,success,none,0,0,105,12,5,0.42,1,0,0,none,1,23445.1
TX07155,C0772,28845.77,NETBANKING,success,none,0,0,326,14,13,0.93,0,0,0,none,1,28845.77
TX07156,C1156,41770.22,WALLET,success,none,0,0,393,20,0,0.0,1,0,0,none,1,41770.22
TX07157,C2256,46186.07,UPI,success,none,0,0,72,12,6,0.5,0,0,0,none,1,46186.07
TX07158,C0882,41106.92,WALLET,failed,technical_error,1,0,358,4,0,0.0,0,0,0,payment_link,1,41106.92
TX07159,C0104,25557.35,UPI,success,none,0,0,10,6,2,0.33,1,0,0,none,1,25557.35
TX07160,C1968,21061.84,WALLET,success,none,0,0,578,15,0,0.0,1,30,0,none,1,21061.84
TX07161,C0368,3020.22,UPI,abandoned,checkout_dropoff,4,1,77,1,1,1.0,0,0,0,send_reminder,1,3020.22
TX07162,C1163,38540.64,NETBANKING,success,none,0,0,359,15,1,0.07,0,0,0,none,1,38540.64
TX07163,C1058,10309.96,NETBANKING,failed,network_error,3,0,88,2,0,0.0,0,0,2,retry_payment,0,0.0
TX07164,C1404,40870.99,UPI,success,none,0,0,556,8,3,0.38,1,7,0,none,1,40870.99
TX07165,C1151,12367.24,WALLET,success,none,0,0,393,2,1,0.5,0,0,0,none,1,12367.24
TX07166,C1648,45009.02,NETBANKING,success,none,0,0,198,17,12,0.71,0,0,0,none,1,45009.02
TX07167,C1540,46757.9,CARD,success,none,0,0,91,3,2,0.67,0,0,0,none,1,46757.9
TX07168,C1459,21044.06,UPI,success,none,0,0,372,2,1,0.5,1,0,0,none,1,21044.06
TX07169,C0932,41632.71,UPI,success,none,0,0,72,13,9,0.69,1,0,0,none,1,41632.71
TX07170,C1131,25661.22,WALLET,failed,timeout,1,0,477,5,2,0.4,1,7,0,retry_payment,0,0.0
TX07171,C1015,2038.24,CARD,failed,bank_error,2,0,84,3,3,1.0,1,0,0,payment_link,1,2038.24
TX07172,C1758,46980.54,CARD,success,none,0,0,505,10,2,0.2,0,0,0,none,1,46980.54
TX07173,C0427,17240.09,UPI,failed,timeout,1,0,453,20,7,0.35,1,0,0,retry_payment,1,17240.09
TX07174,C1926,9671.21,NETBANKING,success,none,0,0,248,3,0,0.0,0,0,0,none,1,9671.21
TX07175,C2329,27019.79,WALLET,success,none,0,0,312,4,1,0.25,0,0,0,none,1,27019.79
TX07176,C0040,33638.33,WALLET,failed,technical_error,3,0,318,11,3,0.27,1,30,2,payment_link,0,0.0
TX07177,C1620,12828.01,CARD,success,none,0,0,433,7,5,0.71,0,0,0,none,1,12828.01
TX07178,C1781,1621.84,CARD,success,none,0,0,75,20,2,0.1,1,0,0,none,1,1621.84
TX07179,C0786,27145.58,UPI,success,none,0,0,292,2,0,0.0,0,0,0,none,1,27145.58
TX07180,C1954,35784.24,UPI,success,none,0,0,453,9,2,0.22,0,0,0,none,1,35784.24
TX07181,C1491,18615.64,CARD,failed,technical_error,0,0,197,1,1,1.0,1,0,1,payment_link,0,0.0
TX07182,C2122,19367.09,WALLET,success,none,0,0,203,5,5,1.0,1,0,0,none,1,19367.09
TX07183,C2134,5947.72,CARD,failed,network_error,3,0,454,2,1,0.5,0,0,2,retry_payment,0,0.0
TX07184,C0113,36953.24,CARD,failed,timeout,3,0,52,3,3,1.0,0,0,0,retry_payment,0,0.0
TX07185,C1506,34764.03,NETBANKING,success,none,0,0,487,10,4,0.4,0,0,0,none,1,34764.03
TX07186,C0255,3208.95,NETBANKING,failed,bank_error,0,0,175,5,1,0.2,1,0,0,payment_link,0,0.0
TX07187,C0638,22224.33,NETBANKING,success,none,0,0,377,2,0,0.0,0,0,0,none,1,22224.33
TX07188,C1248,24170.43,NETBANKING,abandoned,checkout_dropoff,4,1,338,6,5,0.83,0,0,0,payment_link,0,0.0
TX07189,C1938,23873.03,NETBANKING,failed,bank_error,3,0,462,3,3,1.0,1,1,1,payment_link,1,23873.03
TX07190,C0500,14476.22,NETBANKING,failed,technical_error,1,0,409,2,1,0.5,1,0,1,payment_link,0,0.0
TX07191,C1433,27164.58,NETBANKING,abandoned,checkout_dropoff,4,1,110,17,1,0.06,0,0,2,send_reminder,1,27164.58
TX07192,C1033,13820.58,NETBANKING,failed,timeout,2,0,226,20,3,0.15,0,0,0,retry_payment,0,0.0
TX07193,C0914,43853.23,CARD,success,none,0,0,93,6,0,0.0,1,0,0,none,1,43853.23
TX07194,C1854,21095.05,NETBANKING,abandoned,checkout_dropoff,4,1,476,7,1,0.14,0,0,2,payment_link,0,0.0
TX07195,C2463,25962.23,CARD,success,none,0,0,106,5,3,0.6,1,30,0,none,1,25962.23
TX07196,C0579,32720.13,UPI,success,none,0,0,66,15,9,0.6,1,0,0,none,1,32720.13
TX07197,C0040,17941.71,NETBANKING,success,none,0,0,261,18,1,0.06,0,0,0,none,1,17941.71
TX07198,C2220,46633.99,WALLET,success,none,0,0,541,3,2,0.67,0,0,0,none,1,46633.99
TX07199,C1017,47591.63,WALLET,success,none,0,0,257,8,3,0.38,1,0,0,none,1,47591.63
TX07200,C1759,28735.89,NETBANKING,success,none,0,0,328,14,14,1.0,1,3,0,none,1,28735.89
TX07201,C2307,45264.65,CARD,success,none,0,0,317,17,17,1.0,1,0,0,none,1,45264.65
TX07202,C0870,7683.67,WALLET,success,none,0,0,428,6,5,0.83,0,0,0,none,1,7683.67
TX07203,C1970,45000.35,CARD,success,none,0,0,141,12,2,0.17,0,0,0,none,1,45000.35
TX07204,C0530,2181.66,WALLET,success,none,0,0,472,5,2,0.4,0,0,0,none,1,2181.66
TX07205,C1995,761.51,CARD,failed,network_error,4,0,301,2,1,0.5,1,30,2,retry_payment,0,0.0
TX07206,C2097,8210.89,CARD,success,none,0,0,329,17,10,0.59,0,0,0,none,1,8210.89
TX07207,C0260,24848.52,NETBANKING,success,none,0,0,527,16,6,0.38,1,0,0,none,1,24848.52
TX07208,C1439,11796.24,WALLET,abandoned,checkout_dropoff,3,1,459,15,0,0.0,0,0,0,send_reminder,0,0.0
TX07209,C1812,28370.01,WALLET,abandoned,checkout_dropoff,1,1,578,2,0,0.0,1,0,2,payment_link,0,0.0
TX07210,C2363,28910.09,WALLET,failed,network_error,0,0,200,7,5,0.71,1,1,0,retry_payment,0,0.0
TX07211,C1114,48695.85,WALLET,abandoned,checkout_dropoff,4,1,235,10,0,0.0,1,0,2,payment_link,0,0.0
TX07212,C0949,19943.18,NETBANKING,success,none,0,0,561,16,15,0.94,1,30,0,none,1,19943.18
TX07213,C1202,17070.14,NETBANKING,success,none,0,0,559,8,6,0.75,0,0,0,none,1,17070.14
TX07214,C2219,29089.75,UPI,success,none,0,0,207,6,0,0.0,1,1,0,none,1,29089.75
TX07215,C1168,14760.45,UPI,success,none,0,0,373,12,2,0.17,1,7,0,none,1,14760.45
TX07216,C0943,30116.4,UPI,success,none,0,0,369,11,2,0.18,1,0,0,none,1,30116.4
TX07217,C0113,38005.8,CARD,success,none,0,0,599,15,6,0.4,1,15,0,none,1,38005.8
TX07218,C0208,33174.73,WALLET,abandoned,checkout_dropoff,3,1,67,7,3,0.43,0,0,1,payment_link,0,0.0
TX07219,C2052,38700.91,WALLET,success,none,0,0,211,20,4,0.2,1,1,0,none,1,38700.91
TX07220,C1758,23378.22,NETBANKING,success,none,0,0,403,1,1,1.0,0,0,0,none,1,23378.22
TX07221,C0989,19730.22,UPI,abandoned,checkout_dropoff,3,1,334,1,1,1.0,0,0,1,send_reminder,0,0.0
TX07222,C0267,26812.41,UPI,failed,technical_error,4,0,363,3,1,0.33,0,0,1,payment_link,0,0.0
TX07223,C0670,28333.57,WALLET,abandoned,checkout_dropoff,0,1,467,9,6,0.67,1,3,0,send_reminder,1,28333.57
TX07224,C0250,44938.27,WALLET,success,none,0,0,111,6,3,0.5,1,7,0,none,1,44938.27
TX07225,C1053,31061.15,WALLET,success,none,0,0,337,17,17,1.0,0,0,0,none,1,31061.15
TX07226,C0903,44606.46,UPI,success,none,0,0,158,16,1,0.06,1,1,0,none,1,44606.46
TX07227,C1167,47775.01,UPI,success,none,0,0,381,14,13,0.93,0,0,0,none,1,47775.01
TX07228,C0974,11996.91,CARD,success,none,0,0,252,4,3,0.75,1,0,0,none,1,11996.91
TX07229,C0193,1933.15,WALLET,success,none,0,0,324,16,1,0.06,1,0,0,none,1,1933.15
TX07230,C1466,48680.83,CARD,success,none,0,0,314,11,5,0.45,0,0,0,none,1,48680.83
TX07231,C2456,1921.37,UPI,success,none,0,0,183,1,1,1.0,1,1,0,none,1,1921.37
TX07232,C0140,42704.35,CARD,success,none,0,0,144,5,3,0.6,0,0,0,none,1,42704.35
TX07233,C0009,47014.3,CARD,success,none,0,0,526,8,7,0.88,0,0,0,none,1,47014.3
TX07234,C1678,39382.7,CARD,failed,insufficient_funds,3,0,113,5,5,1.0,1,1,2,send_reminder,1,39382.7
TX07235,C0504,42259.52,CARD,success,none,0,0,130,14,0,0.0,0,0,0,none,1,42259.52
TX07236,C0211,27059.62,CARD,failed,insufficient_funds,3,0,256,3,0,0.0,1,15,2,send_reminder,0,0.0
TX07237,C0387,17615.76,UPI,abandoned,checkout_dropoff,0,1,299,2,0,0.0,1,7,1,payment_link,0,0.0
TX07238,C2236,47149.54,CARD,failed,timeout,4,0,265,8,2,0.25,0,0,1,retry_payment,0,0.0
TX07239,C1529,12977.41,CARD,failed,bank_error,0,0,498,16,16,1.0,0,0,0,payment_link,0,0.0
TX07240,C0458,36494.75,CARD,success,none,0,0,381,14,5,0.36,1,7,0,none,1,36494.75
TX07241,C1957,21321.18,UPI,failed,network_error,3,0,233,11,0,0.0,0,0,0,retry_payment,0,0.0
TX07242,C1163,9525.4,UPI,success,none,0,0,133,4,2,0.5,0,0,0,none,1,9525.4
TX07243,C0192,37430.45,WALLET,abandoned,checkout_dropoff,2,1,355,17,5,0.29,0,0,1,payment_link,0,0.0
TX07244,C0264,34685.94,NETBANKING,success,none,0,0,137,13,1,0.08,1,7,0,none,1,34685.94
TX07245,C1363,12521.95,WALLET,success,none,0,0,165,7,7,1.0,0,0,0,none,1,12521.95
TX07246,C0750,31335.7,CARD,failed,bank_error,3,0,461,15,0,0.0,1,0,0,payment_link,1,31335.7
TX07247,C1451,34723.03,UPI,success,none,0,0,134,7,5,0.71,0,0,0,none,1,34723.03
TX07248,C0644,6213.53,NETBANKING,abandoned,checkout_dropoff,2,1,147,9,8,0.89,0,0,2,payment_link,0,0.0
TX07249,C1936,6335.91,UPI,failed,technical_error,0,0,579,17,0,0.0,1,7,0,payment_link,0,0.0
TX07250,C0425,35203.98,CARD,failed,network_error,1,0,404,4,0,0.0,0,0,0,retry_payment,1,35203.98
TX07251,C0199,35422.52,CARD,failed,technical_error,3,0,283,14,13,0.93,1,0,1,payment_link,1,35422.52
TX07252,C2341,39167.89,UPI,success,none,0,0,248,20,6,0.3,1,1,0,none,1,39167.89
TX07253,C1501,18291.07,NETBANKING,success,none,0,0,564,11,7,0.64,1,30,0,none,1,18291.07
TX07254,C1998,4352.21,WALLET,success,none,0,0,352,14,4,0.29,1,0,0,none,1,4352.21
TX07255,C0625,7722.89,NETBANKING,failed,timeout,3,0,248,4,4,1.0,0,0,1,retry_payment,0,0.0
TX07256,C2184,29846.17,WALLET,success,none,0,0,211,6,3,0.5,0,0,0,none,1,29846.17
TX07257,C1031,9975.01,CARD,success,none,0,0,29,10,8,0.8,0,0,0,none,1,9975.01
TX07258,C1031,1194.5,NETBANKING,success,none,0,0,471,7,1,0.14,0,0,0,none,1,1194.5
TX07259,C0277,33003.0,WALLET,success,none,0,0,220,6,2,0.33,1,0,0,none,1,33003.0
TX07260,C0666,17211.98,WALLET,failed,bank_error,4,0,71,7,1,0.14,1,1,2,payment_link,0,0.0
TX07261,C0419,47265.98,NETBANKING,success,none,0,0,556,9,0,0.0,1,0,0,none,1,47265.98
TX07262,C1185,11597.62,UPI,abandoned,checkout_dropoff,4,1,373,15,6,0.4,1,0,1,send_reminder,0,0.0
TX07263,C2253,40830.05,WALLET,success,none,0,0,347,10,2,0.2,0,0,0,none,1,40830.05
TX07264,C2020,2170.4,NETBANKING,success,none,0,0,476,6,0,0.0,0,0,0,none,1,2170.4
TX07265,C1316,34802.18,WALLET,failed,timeout,4,0,63,18,18,1.0,1,0,1,retry_payment,0,0.0
TX07266,C1008,42126.71,CARD,success,none,0,0,562,16,15,0.94,1,0,0,none,1,42126.71
TX07267,C0325,8352.83,NETBANKING,abandoned,checkout_dropoff,2,1,88,3,2,0.67,0,0,0,payment_link,0,0.0
TX07268,C0614,35188.44,UPI,failed,bank_error,3,0,419,6,0,0.0,1,1,0,payment_link,0,0.0
TX07269,C2035,6425.16,NETBANKING,success,none,0,0,22,19,18,0.95,1,0,0,none,1,6425.16
TX07270,C1494,873.25,UPI,success,none,0,0,248,19,4,0.21,1,0,0,none,1,873.25
TX07271,C1423,33778.36,NETBANKING,success,none,0,0,464,11,7,0.64,1,15,0,none,1,33778.36
TX07272,C2105,6308.13,CARD,failed,network_error,0,0,376,14,13,0.93,1,3,0,retry_payment,1,6308.13
TX07273,C0200,37530.56,NETBANKING,success,none,0,0,294,7,3,0.43,1,0,0,none,1,37530.56
TX07274,C1841,42927.31,WALLET,failed,insufficient_funds,4,0,229,8,5,0.62,0,0,0,send_reminder,1,42927.31
TX07275,C2288,15123.64,CARD,success,none,0,0,164,18,18,1.0,0,0,0,none,1,15123.64
TX07276,C0398,37246.04,UPI,success,none,0,0,216,16,16,1.0,0,0,0,none,1,37246.04
TX07277,C0501,27366.09,CARD,success,none,0,0,361,9,3,0.33,1,1,0,none,1,27366.09
TX07278,C2045,34821.4,UPI,success,none,0,0,582,10,0,0.0,0,0,0,none,1,34821.4
TX07279,C2078,13290.69,UPI,failed,timeout,4,0,485,1,1,1.0,0,0,2,retry_payment,0,0.0
TX07280,C0814,40593.16,WALLET,success,none,0,0,248,7,5,0.71,0,0,0,none,1,40593.16
TX07281,C2323,45842.24,UPI,success,none,0,0,153,7,3,0.43,1,0,0,none,1,45842.24
TX07282,C1491,48374.34,CARD,abandoned,checkout_dropoff,4,1,567,8,3,0.38,0,0,2,payment_link,0,0.0
TX07283,C1994,10383.11,CARD,success,none,0,0,546,2,1,0.5,0,0,0,none,1,10383.11
TX07284,C2400,46718.16,NETBANKING,success,none,0,0,525,3,2,0.67,0,0,0,none,1,46718.16
TX07285,C1325,47249.27,NETBANKING,success,none,0,0,360,14,7,0.5,1,0,0,none,1,47249.27
TX07286,C0547,42313.47,CARD,success,none,0,0,63,2,1,0.5,0,0,0,none,1,42313.47
TX07287,C1604,14793.21,UPI,success,none,0,0,546,16,1,0.06,1,7,0,none,1,14793.21
TX07288,C2173,45666.63,UPI,abandoned,checkout_dropoff,4,1,121,20,4,0.2,1,15,0,send_reminder,0,0.0
TX07289,C0802,31850.99,WALLET,success,none,0,0,596,8,8,1.0,0,0,0,none,1,31850.99
TX07290,C1042,39033.9,UPI,success,none,0,0,19,7,7,1.0,1,15,0,none,1,39033.9
TX07291,C1108,29687.69,UPI,failed,timeout,4,0,489,1,1,1.0,1,1,2,retry_payment,0,0.0
TX07292,C1835,10981.02,UPI,success,none,0,0,187,16,2,0.12,0,0,0,none,1,10981.02
TX07293,C1730,8473.28,CARD,abandoned,checkout_dropoff,2,1,507,17,9,0.53,0,0,0,payment_link,1,8473.28
TX07294,C0549,3891.57,CARD,failed,timeout,4,0,446,20,20,1.0,0,0,2,retry_payment,0,0.0
TX07295,C1659,21781.97,UPI,failed,network_error,4,0,325,3,2,0.67,1,0,1,retry_payment,0,0.0
TX07296,C0364,46215.95,NETBANKING,failed,insufficient_funds,2,0,223,13,9,0.69,0,0,1,send_reminder,0,0.0
TX07297,C0818,36543.19,NETBANKING,success,none,0,0,237,10,7,0.7,1,1,0,none,1,36543.19
TX07298,C0869,2271.64,UPI,failed,technical_error,4,0,247,9,5,0.56,1,0,2,payment_link,0,0.0
TX07299,C0109,41928.89,CARD,success,none,0,0,317,11,3,0.27,0,0,0,none,1,41928.89
TX07300,C1538,6765.25,UPI,success,none,0,0,573,1,0,0.0,1,0,0,none,1,6765.25
TX07301,C0762,43636.8,WALLET,success,none,0,0,175,5,3,0.6,0,0,0,none,1,43636.8
TX07302,C2163,47561.61,UPI,abandoned,checkout_dropoff,3,1,122,13,8,0.62,0,0,2,payment_link,0,0.0
TX07303,C0777,17093.09,UPI,failed,timeout,0,0,39,12,2,0.17,1,1,0,retry_payment,1,17093.09
TX07304,C1287,22791.54,CARD,success,none,0,0,192,3,0,0.0,0,0,0,none,1,22791.54
TX07305,C1385,23777.36,WALLET,success,none,0,0,278,10,0,0.0,0,0,0,none,1,23777.36
TX07306,C1347,22994.98,WALLET,success,none,0,0,320,8,1,0.12,1,0,0,none,1,22994.98
TX07307,C1988,35600.44,UPI,success,none,0,0,487,10,6,0.6,1,0,0,none,1,35600.44
TX07308,C0166,20410.91,CARD,success,none,0,0,16,1,1,1.0,1,7,0,none,1,20410.91
TX07309,C0667,9597.41,UPI,success,none,0,0,32,10,2,0.2,0,0,0,none,1,9597.41
TX07310,C1141,23353.1,UPI,success,none,0,0,544,10,8,0.8,1,0,0,none,1,23353.1
TX07311,C0309,10218.2,WALLET,success,none,0,0,354,1,0,0.0,0,0,0,none,1,10218.2
TX07312,C0219,42332.45,NETBANKING,failed,timeout,3,0,340,5,0,0.0,0,0,0,retry_payment,0,0.0
TX07313,C1570,30376.88,NETBANKING,failed,insufficient_funds,1,0,111,1,0,0.0,0,0,0,send_reminder,0,0.0
TX07314,C0111,28291.2,WALLET,failed,timeout,1,0,377,16,3,0.19,1,15,0,retry_payment,0,0.0
TX07315,C0053,26140.76,CARD,success,none,0,0,600,16,6,0.38,1,1,0,none,1,26140.76
TX07316,C0714,28599.86,UPI,success,none,0,0,154,13,8,0.62,0,0,0,none,1,28599.86
TX07317,C0489,22479.24,UPI,success,none,0,0,499,12,4,0.33,1,7,0,none,1,22479.24
TX07318,C0133,11177.57,UPI,abandoned,checkout_dropoff,4,1,135,12,7,0.58,0,0,2,send_reminder,1,11177.57
TX07319,C0058,33538.26,WALLET,success,none,0,0,128,6,0,0.0,0,0,0,none,1,33538.26
TX07320,C0862,28397.74,UPI,failed,technical_error,0,0,324,15,12,0.8,1,30,1,payment_link,1,28397.74
TX07321,C0155,28020.36,NETBANKING,failed,bank_error,3,0,176,3,1,0.33,0,0,0,payment_link,1,28020.36
TX07322,C2275,39440.41,NETBANKING,success,none,0,0,427,1,1,1.0,1,0,0,none,1,39440.41
TX07323,C2255,25066.75,NETBANKING,success,none,0,0,181,4,2,0.5,1,0,0,none,1,25066.75
TX07324,C1215,44703.31,WALLET,success,none,0,0,525,5,5,1.0,1,0,0,none,1,44703.31
TX07325,C1000,25448.98,NETBANKING,failed,technical_error,2,0,224,6,6,1.0,1,30,1,payment_link,0,0.0
TX07326,C1282,12045.42,CARD,success,none,0,0,456,12,11,0.92,1,0,0,none,1,12045.42
TX07327,C2355,40771.65,WALLET,success,none,0,0,290,9,3,0.33,0,0,0,none,1,40771.65
TX07328,C2340,24351.96,CARD,failed,network_error,1,0,150,6,0,0.0,0,0,2,retry_payment,1,24351.96
TX07329,C1855,44654.1,UPI,failed,bank_error,1,0,547,17,17,1.0,1,7,2,payment_link,0,0.0
TX07330,C1777,1710.69,NETBANKING,success,none,0,0,443,4,0,0.0,1,0,0,none,1,1710.69
TX07331,C0100,40513.01,WALLET,failed,technical_error,3,0,483,11,3,0.27,0,0,1,payment_link,1,40513.01
TX07332,C0786,33296.54,WALLET,success,none,0,0,422,10,2,0.2,0,0,0,none,1,33296.54
TX07333,C1812,27411.84,WALLET,success,none,0,0,183,17,0,0.0,1,3,0,none,1,27411.84
TX07334,C0916,19920.78,UPI,success,none,0,0,311,6,5,0.83,0,0,0,none,1,19920.78
TX07335,C2271,45437.75,WALLET,success,none,0,0,100,19,2,0.11,0,0,0,none,1,45437.75
TX07336,C2349,43991.49,UPI,abandoned,checkout_dropoff,2,1,336,11,11,1.0,0,0,2,send_reminder,0,0.0
TX07337,C0815,24891.36,UPI,failed,insufficient_funds,0,0,44,6,5,0.83,0,0,1,send_reminder,1,24891.36
TX07338,C0656,28162.42,NETBANKING,abandoned,checkout_dropoff,0,1,411,20,4,0.2,1,0,2,payment_link,1,28162.42
TX07339,C2436,11796.9,UPI,failed,technical_error,2,0,31,8,6,0.75,1,0,2,payment_link,1,11796.9
TX07340,C2447,24571.32,CARD,success,none,0,0,40,3,0,0.0,0,0,0,none,1,24571.32
TX07341,C2221,17563.57,NETBANKING,success,none,0,0,393,16,8,0.5,1,1,0,none,1,17563.57
TX07342,C0094,44063.75,UPI,failed,technical_error,0,0,505,9,7,0.78,1,1,1,payment_link,0,0.0
TX07343,C0748,12337.19,NETBANKING,success,none,0,0,505,8,6,0.75,0,0,0,none,1,12337.19
TX07344,C0815,1430.29,NETBANKING,failed,technical_error,1,0,61,15,5,0.33,1,15,2,payment_link,0,0.0
TX07345,C0994,6283.95,NETBANKING,failed,insufficient_funds,1,0,113,17,13,0.76,0,0,2,send_reminder,1,6283.95
TX07346,C1467,46418.93,CARD,success,none,0,0,560,16,9,0.56,0,0,0,none,1,46418.93
TX07347,C0548,12863.99,NETBANKING,success,none,0,0,215,9,2,0.22,1,7,0,none,1,12863.99
TX07348,C2396,38799.38,WALLET,success,none,0,0,324,9,4,0.44,0,0,0,none,1,38799.38
TX07349,C0027,12707.07,UPI,failed,insufficient_funds,2,0,552,20,12,0.6,0,0,0,send_reminder,1,12707.07
TX07350,C1858,24618.79,CARD,success,none,0,0,521,11,10,0.91,1,0,0,none,1,24618.79
TX07351,C2201,49991.44,WALLET,success,none,0,0,356,15,3,0.2,0,0,0,none,1,49991.44
TX07352,C1902,5405.78,UPI,success,none,0,0,370,11,0,0.0,0,0,0,none,1,5405.78
TX07353,C1751,15307.12,CARD,success,none,0,0,88,9,6,0.67,1,7,0,none,1,15307.12
TX07354,C0189,7753.89,WALLET,success,none,0,0,509,19,13,0.68,1,7,0,none,1,7753.89
TX07355,C1430,26205.34,CARD,success,none,0,0,313,9,7,0.78,1,7,0,none,1,26205.34
TX07356,C1558,37391.01,CARD,success,none,0,0,592,13,6,0.46,0,0,0,none,1,37391.01
TX07357,C1829,27570.6,WALLET,success,none,0,0,15,9,5,0.56,1,0,0,none,1,27570.6
TX07358,C1680,24199.74,NETBANKING,success,none,0,0,366,1,1,1.0,0,0,0,none,1,24199.74
TX07359,C1430,41527.14,UPI,success,none,0,0,392,14,5,0.36,0,0,0,none,1,41527.14
TX07360,C0577,22865.56,UPI,success,none,0,0,424,5,2,0.4,0,0,0,none,1,22865.56
TX07361,C1091,21786.42,WALLET,abandoned,checkout_dropoff,1,1,213,18,7,0.39,1,7,1,payment_link,1,21786.42
TX07362,C2296,19443.26,CARD,failed,technical_error,1,0,120,9,1,0.11,0,0,0,payment_link,1,19443.26
TX07363,C0791,34524.18,WALLET,success,none,0,0,330,3,2,0.67,0,0,0,none,1,34524.18
TX07364,C0724,987.02,UPI,success,none,0,0,34,13,7,0.54,1,0,0,none,1,987.02
TX07365,C1712,27316.95,CARD,failed,technical_error,2,0,485,14,1,0.07,0,0,2,payment_link,1,27316.95
TX07366,C1160,29289.37,WALLET,failed,timeout,2,0,19,1,0,0.0,0,0,0,retry_payment,0,0.0
TX07367,C1461,42415.66,UPI,success,none,0,0,31,16,13,0.81,1,0,0,none,1,42415.66
TX07368,C1550,35133.91,UPI,success,none,0,0,408,13,4,0.31,1,0,0,none,1,35133.91
TX07369,C2118,10131.55,CARD,success,none,0,0,56,15,9,0.6,1,0,0,none,1,10131.55
TX07370,C0791,4494.35,WALLET,success,none,0,0,205,12,3,0.25,0,0,0,none,1,4494.35
TX07371,C2368,20590.81,UPI,success,none,0,0,326,3,1,0.33,1,7,0,none,1,20590.81
TX07372,C1513,24096.95,UPI,success,none,0,0,153,2,2,1.0,0,0,0,none,1,24096.95
TX07373,C1357,8364.39,NETBANKING,success,none,0,0,10,20,16,0.8,1,30,0,none,1,8364.39
TX07374,C1468,17163.23,WALLET,success,none,0,0,67,1,1,1.0,1,0,0,none,1,17163.23
TX07375,C2244,23086.29,UPI,abandoned,checkout_dropoff,4,1,29,18,14,0.78,0,0,0,payment_link,1,23086.29
TX07376,C1606,9968.47,WALLET,success,none,0,0,103,1,0,0.0,0,0,0,none,1,9968.47
TX07377,C0424,18699.69,NETBANKING,failed,bank_error,3,0,579,1,0,0.0,1,0,2,payment_link,1,18699.69
TX07378,C1671,9797.06,NETBANKING,success,none,0,0,403,5,4,0.8,1,7,0,none,1,9797.06
TX07379,C2453,13225.95,WALLET,success,none,0,0,39,12,7,0.58,0,0,0,none,1,13225.95
TX07380,C1019,8566.94,UPI,failed,bank_error,4,0,340,16,13,0.81,1,0,0,payment_link,1,8566.94
TX07381,C1341,18883.34,NETBANKING,success,none,0,0,365,3,3,1.0,1,0,0,none,1,18883.34
TX07382,C2228,32587.24,CARD,success,none,0,0,399,20,17,0.85,1,0,0,none,1,32587.24
TX07383,C1921,36187.31,WALLET,failed,technical_error,1,0,486,20,19,0.95,1,0,0,payment_link,1,36187.31
TX07384,C2121,16253.53,WALLET,success,none,0,0,156,4,3,0.75,0,0,0,none,1,16253.53
TX07385,C1246,26380.19,WALLET,failed,timeout,0,0,137,2,1,0.5,0,0,2,retry_payment,1,26380.19
TX07386,C1166,40044.65,CARD,failed,technical_error,2,0,136,1,0,0.0,0,0,0,payment_link,0,0.0
TX07387,C1498,26816.83,NETBANKING,success,none,0,0,340,16,16,1.0,0,0,0,none,1,26816.83
TX07388,C2183,11323.38,CARD,success,none,0,0,187,15,7,0.47,0,0,0,none,1,11323.38
TX07389,C1810,19943.1,UPI,success,none,0,0,476,2,1,0.5,0,0,0,none,1,19943.1
TX07390,C1500,49895.31,UPI,failed,technical_error,4,0,181,13,1,0.08,0,0,2,payment_link,0,0.0
TX07391,C2207,35483.77,UPI,success,none,0,0,343,14,11,0.79,0,0,0,none,1,35483.77
TX07392,C1542,32473.08,CARD,failed,bank_error,1,0,208,14,7,0.5,0,0,1,payment_link,0,0.0
TX07393,C1047,36125.75,UPI,success,none,0,0,586,16,6,0.38,0,0,0,none,1,36125.75
TX07394,C0286,4670.59,CARD,success,none,0,0,155,15,5,0.33,0,0,0,none,1,4670.59
TX07395,C0466,19838.89,UPI,success,none,0,0,107,20,19,0.95,0,0,0,none,1,19838.89
TX07396,C2244,28520.86,WALLET,success,none,0,0,295,1,1,1.0,1,0,0,none,1,28520.86
TX07397,C1191,21939.96,CARD,success,none,0,0,152,13,12,0.92,1,0,0,none,1,21939.96
TX07398,C0624,29157.74,WALLET,abandoned,checkout_dropoff,3,1,238,19,0,0.0,1,0,0,send_reminder,1,29157.74
TX07399,C2056,46348.63,UPI,success,none,0,0,550,1,0,0.0,0,0,0,none,1,46348.63
TX07400,C0912,32195.1,UPI,success,none,0,0,429,1,0,0.0,0,0,0,none,1,32195.1
TX07401,C1171,3504.66,CARD,failed,bank_error,3,0,125,6,1,0.17,0,0,0,payment_link,1,3504.66
TX07402,C2245,29633.47,NETBANKING,abandoned,checkout_dropoff,2,1,462,12,1,0.08,1,0,1,send_reminder,0,0.0
TX07403,C0619,17533.38,WALLET,success,none,0,0,87,8,2,0.25,0,0,0,none,1,17533.38
TX07404,C0902,22632.66,UPI,success,none,0,0,253,4,1,0.25,1,15,0,none,1,22632.66
TX07405,C1280,14721.73,CARD,success,none,0,0,95,11,10,0.91,0,0,0,none,1,14721.73
TX07406,C0908,28988.99,NETBANKING,success,none,0,0,203,5,5,1.0,1,0,0,none,1,28988.99
TX07407,C0054,6082.17,UPI,success,none,0,0,556,20,7,0.35,1,0,0,none,1,6082.17
TX07408,C2461,43466.05,UPI,success,none,0,0,63,2,1,0.5,1,15,0,none,1,43466.05
TX07409,C2357,29710.25,CARD,success,none,0,0,582,2,1,0.5,0,0,0,none,1,29710.25
TX07410,C1573,17469.76,UPI,success,none,0,0,514,10,7,0.7,0,0,0,none,1,17469.76
TX07411,C1691,24353.46,CARD,success,none,0,0,49,14,8,0.57,1,0,0,none,1,24353.46
TX07412,C1972,38787.91,NETBANKING,abandoned,checkout_dropoff,1,1,571,14,6,0.43,1,3,2,send_reminder,1,38787.91
TX07413,C1227,32408.9,CARD,success,none,0,0,26,17,6,0.35,0,0,0,none,1,32408.9
TX07414,C1628,46082.59,CARD,failed,bank_error,3,0,600,19,11,0.58,0,0,1,payment_link,0,0.0
TX07415,C0548,34057.71,UPI,success,none,0,0,425,17,0,0.0,1,0,0,none,1,34057.71
TX07416,C1469,40630.74,CARD,success,none,0,0,334,13,5,0.38,0,0,0,none,1,40630.74
TX07417,C2209,46579.42,NETBANKING,success,none,0,0,49,7,6,0.86,0,0,0,none,1,46579.42
TX07418,C0037,40700.68,NETBANKING,success,none,0,0,30,11,1,0.09,0,0,0,none,1,40700.68
TX07419,C0095,5040.74,NETBANKING,success,none,0,0,581,16,5,0.31,1,0,0,none,1,5040.74
TX07420,C1715,7340.5,UPI,success,none,0,0,476,12,12,1.0,0,0,0,none,1,7340.5
TX07421,C0039,18191.46,CARD,abandoned,checkout_dropoff,2,1,279,3,2,0.67,1,3,1,payment_link,1,18191.46
TX07422,C0759,12738.5,WALLET,abandoned,checkout_dropoff,1,1,343,18,18,1.0,0,0,1,send_reminder,0,0.0
TX07423,C1268,21543.58,NETBANKING,success,none,0,0,555,10,6,0.6,1,0,0,none,1,21543.58
TX07424,C0452,39370.49,UPI,failed,bank_error,4,0,577,17,8,0.47,1,1,1,payment_link,0,0.0
TX07425,C0431,34760.14,WALLET,success,none,0,0,241,12,2,0.17,0,0,0,none,1,34760.14
TX07426,C2057,718.44,CARD,failed,network_error,2,0,207,2,2,1.0,0,0,1,retry_payment,0,0.0
TX07427,C0611,2174.44,CARD,failed,timeout,4,0,41,10,2,0.2,1,1,2,retry_payment,0,0.0
TX07428,C0186,27204.71,CARD,failed,bank_error,2,0,396,16,0,0.0,1,15,1,payment_link,0,0.0
TX07429,C0152,37765.93,UPI,success,none,0,0,265,4,1,0.25,0,0,0,none,1,37765.93
TX07430,C1882,46304.89,UPI,success,none,0,0,198,13,6,0.46,1,1,0,none,1,46304.89
TX07431,C1952,13573.27,CARD,success,none,0,0,252,8,8,1.0,1,0,0,none,1,13573.27
TX07432,C1277,20107.64,UPI,success,none,0,0,334,10,9,0.9,1,15,0,none,1,20107.64
TX07433,C1878,40867.82,UPI,success,none,0,0,20,10,9,0.9,1,1,0,none,1,40867.82
TX07434,C1268,32573.94,UPI,success,none,0,0,207,13,1,0.08,1,0,0,none,1,32573.94
TX07435,C0295,34432.3,CARD,success,none,0,0,244,5,0,0.0,0,0,0,none,1,34432.3
TX07436,C1545,40180.98,UPI,success,none,0,0,116,12,6,0.5,0,0,0,none,1,40180.98
TX07437,C0046,49468.44,WALLET,success,none,0,0,73,15,12,0.8,1,0,0,none,1,49468.44
TX07438,C1193,49792.08,UPI,success,none,0,0,445,10,0,0.0,0,0,0,none,1,49792.08
TX07439,C1379,27650.58,NETBANKING,abandoned,checkout_dropoff,2,1,115,5,4,0.8,0,0,0,send_reminder,0,0.0
TX07440,C1072,39705.44,UPI,success,none,0,0,442,14,12,0.86,1,7,0,none,1,39705.44
TX07441,C2447,23889.78,NETBANKING,success,none,0,0,262,5,2,0.4,1,0,0,none,1,23889.78
TX07442,C2259,18415.47,UPI,failed,bank_error,1,0,521,12,9,0.75,0,0,1,payment_link,1,18415.47
TX07443,C2262,9514.08,CARD,success,none,0,0,100,17,15,0.88,0,0,0,none,1,9514.08
TX07444,C1628,29633.84,WALLET,failed,insufficient_funds,3,0,585,20,4,0.2,0,0,1,send_reminder,1,29633.84
TX07445,C1666,26053.81,WALLET,success,none,0,0,490,19,14,0.74,1,7,0,none,1,26053.81
TX07446,C0299,9649.65,NETBANKING,failed,technical_error,1,0,443,16,13,0.81,0,0,2,payment_link,1,9649.65
TX07447,C1778,40865.12,WALLET,success,none,0,0,301,19,8,0.42,1,0,0,none,1,40865.12
TX07448,C0751,39444.06,CARD,success,none,0,0,340,16,12,0.75,1,0,0,none,1,39444.06
TX07449,C0429,31292.34,CARD,failed,bank_error,3,0,224,20,18,0.9,1,30,1,payment_link,0,0.0
TX07450,C1113,24732.92,NETBANKING,abandoned,checkout_dropoff,4,1,597,15,15,1.0,0,0,1,send_reminder,0,0.0
TX07451,C1345,31211.91,WALLET,success,none,0,0,49,20,14,0.7,1,7,0,none,1,31211.91
TX07452,C0346,45927.14,NETBANKING,success,none,0,0,155,13,4,0.31,0,0,0,none,1,45927.14
TX07453,C1334,42508.27,CARD,abandoned,checkout_dropoff,1,1,236,6,1,0.17,1,0,2,send_reminder,1,42508.27
TX07454,C0242,16413.65,WALLET,success,none,0,0,532,14,4,0.29,1,7,0,none,1,16413.65
TX07455,C0907,6644.44,WALLET,success,none,0,0,421,20,2,0.1,1,30,0,none,1,6644.44
TX07456,C1056,28721.58,CARD,success,none,0,0,294,12,10,0.83,0,0,0,none,1,28721.58
TX07457,C0681,22461.46,UPI,success,none,0,0,21,12,5,0.42,1,15,0,none,1,22461.46
TX07458,C0209,2970.37,WALLET,abandoned,checkout_dropoff,4,1,551,16,7,0.44,0,0,1,payment_link,0,0.0
TX07459,C0530,1439.88,NETBANKING,failed,bank_error,1,0,410,9,0,0.0,1,0,0,payment_link,0,0.0
TX07460,C1816,4440.99,CARD,failed,timeout,4,0,190,14,3,0.21,0,0,0,retry_payment,0,0.0
TX07461,C2328,20415.4,WALLET,abandoned,checkout_dropoff,2,1,316,2,1,0.5,1,7,2,send_reminder,0,0.0
TX07462,C0301,48062.05,WALLET,failed,bank_error,0,0,295,7,2,0.29,0,0,1,payment_link,1,48062.05
TX07463,C1988,11052.75,WALLET,failed,insufficient_funds,1,0,502,18,8,0.44,0,0,2,send_reminder,1,11052.75
TX07464,C2288,23626.89,NETBANKING,success,none,0,0,367,17,2,0.12,1,0,0,none,1,23626.89
TX07465,C1566,16518.22,UPI,failed,timeout,0,0,595,12,3,0.25,0,0,1,retry_payment,1,16518.22
TX07466,C1808,2563.46,NETBANKING,success,none,0,0,578,15,10,0.67,0,0,0,none,1,2563.46
TX07467,C1108,1987.85,CARD,success,none,0,0,313,12,6,0.5,0,0,0,none,1,1987.85
TX07468,C0589,7100.08,UPI,success,none,0,0,501,3,0,0.0,0,0,0,none,1,7100.08
TX07469,C0586,46807.17,UPI,success,none,0,0,67,7,3,0.43,1,1,0,none,1,46807.17
TX07470,C1967,22981.95,CARD,success,none,0,0,463,18,7,0.39,1,1,0,none,1,22981.95
TX07471,C1156,17190.34,UPI,failed,technical_error,3,0,547,4,1,0.25,0,0,2,payment_link,0,0.0
TX07472,C0429,43389.1,UPI,success,none,0,0,521,13,10,0.77,1,0,0,none,1,43389.1
TX07473,C2135,37088.48,CARD,failed,insufficient_funds,3,0,398,8,8,1.0,0,0,0,send_reminder,0,0.0
TX07474,C0742,22438.22,WALLET,abandoned,checkout_dropoff,4,1,493,16,14,0.88,1,0,2,send_reminder,0,0.0
TX07475,C2072,15796.94,UPI,success,none,0,0,458,2,2,1.0,0,0,0,none,1,15796.94
TX07476,C0870,21736.42,UPI,failed,insufficient_funds,3,0,246,13,10,0.77,0,0,0,send_reminder,1,21736.42
TX07477,C0360,44341.28,NETBANKING,failed,technical_error,0,0,143,3,2,0.67,0,0,2,payment_link,0,0.0
TX07478,C0746,26920.72,WALLET,failed,bank_error,0,0,276,4,4,1.0,1,7,2,payment_link,0,0.0
TX07479,C1702,46063.4,NETBANKING,failed,network_error,4,0,349,17,1,0.06,0,0,0,retry_payment,0,0.0
TX07480,C0742,32540.41,UPI,success,none,0,0,180,4,4,1.0,0,0,0,none,1,32540.41
TX07481,C2333,46819.53,UPI,success,none,0,0,168,2,0,0.0,1,3,0,none,1,46819.53
TX07482,C1330,36769.3,WALLET,failed,network_error,4,0,543,2,1,0.5,1,0,1,retry_payment,0,0.0
TX07483,C0773,26080.71,UPI,success,none,0,0,356,18,9,0.5,1,0,0,none,1,26080.71
TX07484,C0747,34215.29,NETBANKING,success,none,0,0,17,12,3,0.25,1,0,0,none,1,34215.29
TX07485,C1341,21218.36,UPI,failed,insufficient_funds,0,0,543,12,10,0.83,0,0,2,send_reminder,1,21218.36
TX07486,C1936,9259.54,WALLET,success,none,0,0,162,19,5,0.26,0,0,0,none,1,9259.54
TX07487,C1160,37402.1,WALLET,success,none,0,0,562,10,4,0.4,1,0,0,none,1,37402.1
TX07488,C1803,9643.24,WALLET,success,none,0,0,35,15,12,0.8,1,0,0,none,1,9643.24
TX07489,C1033,31600.15,UPI,success,none,0,0,541,10,7,0.7,1,15,0,none,1,31600.15
TX07490,C2400,29992.08,NETBANKING,success,none,0,0,595,13,0,0.0,1,30,0,none,1,29992.08
TX07491,C0598,13829.25,UPI,success,none,0,0,267,16,12,0.75,1,3,0,none,1,13829.25
TX07492,C0119,38389.86,NETBANKING,success,none,0,0,198,10,7,0.7,0,0,0,none,1,38389.86
TX07493,C2182,3149.41,UPI,failed,insufficient_funds,1,0,477,4,0,0.0,1,3,2,send_reminder,1,3149.41
TX07494,C0767,19116.2,WALLET,failed,network_error,3,0,332,2,1,0.5,1,0,0,retry_payment,0,0.0
TX07495,C0660,40694.11,WALLET,success,none,0,0,432,14,7,0.5,1,7,0,none,1,40694.11
TX07496,C2052,3698.6,CARD,success,none,0,0,78,13,3,0.23,1,1,0,none,1,3698.6
TX07497,C1113,6445.1,WALLET,failed,bank_error,1,0,457,3,0,0.0,0,0,2,payment_link,1,6445.1
TX07498,C1784,18318.61,CARD,success,none,0,0,573,16,3,0.19,1,3,0,none,1,18318.61
TX07499,C1247,42796.74,WALLET,success,none,0,0,252,17,1,0.06,0,0,0,none,1,42796.74
TX07500,C1610,40712.13,WALLET,success,none,0,0,306,14,1,0.07,1,0,0,none,1,40712.13
TX07501,C1982,4566.64,WALLET,failed,insufficient_funds,0,0,541,4,2,0.5,1,0,2,send_reminder,0,0.0
TX07502,C2360,29015.49,CARD,success,none,0,0,237,14,14,1.0,0,0,0,none,1,29015.49
TX07503,C0595,7526.87,UPI,failed,bank_error,4,0,468,20,16,0.8,0,0,0,payment_link,0,0.0
TX07504,C0871,38167.74,WALLET,success,none,0,0,53,19,13,0.68,1,15,0,none,1,38167.74
TX07505,C2205,36370.9,WALLET,success,none,0,0,363,3,3,1.0,1,0,0,none,1,36370.9
TX07506,C1589,49519.95,UPI,success,none,0,0,187,16,9,0.56,0,0,0,none,1,49519.95
TX07507,C1217,11739.59,CARD,success,none,0,0,463,11,0,0.0,1,15,0,none,1,11739.59
TX07508,C0057,27611.22,CARD,success,none,0,0,394,2,0,0.0,1,0,0,none,1,27611.22
TX07509,C2007,45936.39,NETBANKING,success,none,0,0,562,18,16,0.89,0,0,0,none,1,45936.39
TX07510,C2000,2811.6,CARD,failed,bank_error,2,0,527,20,2,0.1,0,0,1,payment_link,0,0.0
TX07511,C0800,22567.54,NETBANKING,success,none,0,0,414,14,12,0.86,0,0,0,none,1,22567.54
TX07512,C2334,43003.54,UPI,success,none,0,0,594,5,3,0.6,1,30,0,none,1,43003.54
TX07513,C1123,35502.58,CARD,success,none,0,0,387,19,9,0.47,1,1,0,none,1,35502.58
TX07514,C0700,23321.4,UPI,success,none,0,0,164,9,6,0.67,1,0,0,none,1,23321.4
TX07515,C1289,24308.15,WALLET,success,none,0,0,495,4,0,0.0,0,0,0,none,1,24308.15
TX07516,C1308,6090.52,WALLET,success,none,0,0,575,15,3,0.2,1,0,0,none,1,6090.52
TX07517,C2164,40357.96,UPI,success,none,0,0,218,15,12,0.8,0,0,0,none,1,40357.96
TX07518,C0889,16492.09,NETBANKING,success,none,0,0,115,14,9,0.64,1,0,0,none,1,16492.09
TX07519,C2228,13093.11,NETBANKING,success,none,0,0,485,5,2,0.4,1,1,0,none,1,13093.11
TX07520,C1794,17420.89,CARD,failed,timeout,3,0,146,2,0,0.0,1,15,2,retry_payment,0,0.0
TX07521,C0607,49799.21,CARD,success,none,0,0,504,20,5,0.25,1,3,0,none,1,49799.21
TX07522,C2460,19180.89,WALLET,abandoned,checkout_dropoff,2,1,18,13,6,0.46,0,0,0,payment_link,0,0.0
TX07523,C1647,17399.69,WALLET,success,none,0,0,93,12,0,0.0,0,0,0,none,1,17399.69
TX07524,C1327,18336.91,UPI,failed,timeout,0,0,62,14,6,0.43,0,0,2,retry_payment,1,18336.91
TX07525,C1981,24106.64,CARD,success,none,0,0,202,14,0,0.0,0,0,0,none,1,24106.64
TX07526,C2202,39772.08,CARD,success,none,0,0,34,14,3,0.21,0,0,0,none,1,39772.08
TX07527,C2024,26574.88,CARD,success,none,0,0,126,1,1,1.0,1,0,0,none,1,26574.88
TX07528,C0266,28907.9,WALLET,success,none,0,0,16,20,3,0.15,1,0,0,none,1,28907.9
TX07529,C1717,27269.72,UPI,success,none,0,0,503,6,0,0.0,1,0,0,none,1,27269.72
TX07530,C1933,44504.78,UPI,success,none,0,0,222,11,8,0.73,1,15,0,none,1,44504.78
TX07531,C1986,45323.26,CARD,success,none,0,0,369,11,10,0.91,1,0,0,none,1,45323.26
TX07532,C0445,37531.54,WALLET,abandoned,checkout_dropoff,4,1,22,2,2,1.0,1,30,0,send_reminder,1,37531.54
TX07533,C1456,17439.29,NETBANKING,failed,bank_error,1,0,273,20,5,0.25,0,0,0,payment_link,1,17439.29
TX07534,C0709,33921.43,CARD,failed,bank_error,2,0,537,7,3,0.43,0,0,2,payment_link,1,33921.43
TX07535,C0300,12096.44,CARD,abandoned,checkout_dropoff,3,1,25,9,7,0.78,1,0,2,payment_link,1,12096.44
TX07536,C2104,5275.9,UPI,failed,technical_error,4,0,23,18,15,0.83,1,7,1,payment_link,1,5275.9
TX07537,C1391,10463.09,CARD,success,none,0,0,205,8,5,0.62,1,1,0,none,1,10463.09
TX07538,C0898,22888.12,UPI,failed,timeout,0,0,213,7,6,0.86,0,0,0,retry_payment,1,22888.12
TX07539,C1970,35334.47,NETBANKING,success,none,0,0,32,11,0,0.0,0,0,0,none,1,35334.47
TX07540,C0997,47866.38,NETBANKING,success,none,0,0,125,13,3,0.23,1,1,0,none,1,47866.38
TX07541,C1179,49027.34,NETBANKING,failed,technical_error,1,0,432,6,2,0.33,0,0,1,payment_link,1,49027.34
TX07542,C0515,40386.1,UPI,success,none,0,0,251,6,1,0.17,1,15,0,none,1,40386.1
TX07543,C2494,6703.86,WALLET,success,none,0,0,539,15,0,0.0,0,0,0,none,1,6703.86
TX07544,C0756,30291.78,UPI,success,none,0,0,510,11,1,0.09,0,0,0,none,1,30291.78
TX07545,C0016,38990.7,CARD,success,none,0,0,280,1,1,1.0,1,0,0,none,1,38990.7
TX07546,C2284,28499.0,NETBANKING,success,none,0,0,291,12,9,0.75,0,0,0,none,1,28499.0
TX07547,C1810,3389.86,UPI,success,none,0,0,158,18,9,0.5,1,0,0,none,1,3389.86
TX07548,C0683,5544.99,NETBANKING,failed,bank_error,1,0,105,8,3,0.38,0,0,2,payment_link,0,0.0
TX07549,C0207,14608.12,CARD,success,none,0,0,394,1,0,0.0,0,0,0,none,1,14608.12
TX07550,C0529,29892.42,UPI,success,none,0,0,525,16,5,0.31,0,0,0,none,1,29892.42
TX07551,C0696,1390.96,WALLET,success,none,0,0,61,1,0,0.0,1,0,0,none,1,1390.96
TX07552,C2434,10752.57,WALLET,success,none,0,0,175,8,1,0.12,1,0,0,none,1,10752.57
TX07553,C1966,14218.3,CARD,success,none,0,0,261,1,1,1.0,0,0,0,none,1,14218.3
TX07554,C1443,30869.66,CARD,abandoned,checkout_dropoff,3,1,251,1,0,0.0,1,0,2,payment_link,0,0.0
TX07555,C0764,16400.26,WALLET,failed,timeout,3,0,405,16,8,0.5,0,0,0,retry_payment,0,0.0
TX07556,C2369,4911.72,CARD,failed,bank_error,3,0,381,13,9,0.69,1,0,0,payment_link,1,4911.72
TX07557,C1218,1645.19,CARD,success,none,0,0,584,16,9,0.56,0,0,0,none,1,1645.19
TX07558,C1508,12199.77,CARD,failed,technical_error,0,0,536,19,8,0.42,0,0,1,payment_link,0,0.0
TX07559,C0049,39646.31,NETBANKING,success,none,0,0,237,17,0,0.0,0,0,0,none,1,39646.31
TX07560,C2233,38940.23,CARD,success,none,0,0,62,2,1,0.5,0,0,0,none,1,38940.23
TX07561,C1656,13494.04,NETBANKING,failed,insufficient_funds,2,0,591,13,4,0.31,1,7,0,send_reminder,1,13494.04
TX07562,C0496,25982.7,UPI,success,none,0,0,385,2,2,1.0,1,0,0,none,1,25982.7
TX07563,C0950,33440.35,NETBANKING,success,none,0,0,18,5,5,1.0,0,0,0,none,1,33440.35
TX07564,C1687,28847.5,UPI,abandoned,checkout_dropoff,4,1,81,8,5,0.62,1,0,0,send_reminder,0,0.0
TX07565,C1108,34314.65,WALLET,failed,technical_error,2,0,382,14,1,0.07,1,3,0,payment_link,0,0.0
TX07566,C0939,17032.93,NETBANKING,failed,technical_error,1,0,482,9,8,0.89,1,0,0,payment_link,1,17032.93
TX07567,C1914,2335.97,NETBANKING,success,none,0,0,281,9,6,0.67,0,0,0,none,1,2335.97
TX07568,C1843,11340.74,CARD,success,none,0,0,439,17,9,0.53,1,0,0,none,1,11340.74
TX07569,C0012,21227.5,WALLET,success,none,0,0,74,6,3,0.5,0,0,0,none,1,21227.5
TX07570,C0629,31860.97,WALLET,abandoned,checkout_dropoff,0,1,33,15,2,0.13,0,0,1,payment_link,0,0.0
TX07571,C2084,2839.45,CARD,failed,bank_error,2,0,530,13,9,0.69,0,0,2,payment_link,1,2839.45
TX07572,C2194,46763.58,UPI,success,none,0,0,317,18,9,0.5,1,3,0,none,1,46763.58
TX07573,C1348,13254.84,UPI,success,none,0,0,188,5,4,0.8,1,30,0,none,1,13254.84
TX07574,C0243,21339.78,UPI,success,none,0,0,579,6,6,1.0,0,0,0,none,1,21339.78
TX07575,C1942,35652.86,NETBANKING,failed,network_error,4,0,431,14,7,0.5,0,0,0,retry_payment,0,0.0
TX07576,C2378,20447.02,NETBANKING,success,none,0,0,475,14,11,0.79,1,1,0,none,1,20447.02
TX07577,C2280,19984.27,WALLET,success,none,0,0,552,12,5,0.42,1,15,0,none,1,19984.27
TX07578,C0330,38547.88,WALLET,failed,insufficient_funds,4,0,126,17,14,0.82,0,0,0,send_reminder,0,0.0
TX07579,C0892,24019.67,WALLET,success,none,0,0,465,5,5,1.0,1,7,0,none,1,24019.67
TX07580,C1814,36123.34,CARD,failed,timeout,0,0,249,14,1,0.07,1,30,0,retry_payment,0,0.0
TX07581,C1635,15564.82,WALLET,failed,bank_error,0,0,190,18,4,0.22,0,0,2,payment_link,0,0.0
TX07582,C2406,49398.8,NETBANKING,failed,technical_error,1,0,295,3,1,0.33,0,0,2,payment_link,1,49398.8
TX07583,C0445,36331.2,CARD,failed,network_error,2,0,95,9,2,0.22,0,0,1,retry_payment,0,0.0
TX07584,C2133,7579.87,NETBANKING,abandoned,checkout_dropoff,2,1,130,9,3,0.33,1,0,0,payment_link,1,7579.87
TX07585,C2160,46294.62,WALLET,abandoned,checkout_dropoff,4,1,139,2,1,0.5,0,0,2,payment_link,1,46294.62
TX07586,C0307,18119.13,NETBANKING,failed,timeout,1,0,566,7,4,0.57,1,0,0,retry_payment,1,18119.13
TX07587,C1813,3223.13,UPI,success,none,0,0,86,9,9,1.0,1,0,0,none,1,3223.13
TX07588,C0585,11737.4,UPI,success,none,0,0,57,8,2,0.25,1,0,0,none,1,11737.4
TX07589,C0929,14272.18,WALLET,abandoned,checkout_dropoff,3,1,165,3,0,0.0,1,0,1,send_reminder,1,14272.18
TX07590,C1612,864.08,UPI,success,none,0,0,493,4,3,0.75,0,0,0,none,1,864.08
TX07591,C0156,28238.95,NETBANKING,abandoned,checkout_dropoff,1,1,465,2,2,1.0,1,0,0,payment_link,1,28238.95
TX07592,C0379,37918.35,WALLET,success,none,0,0,545,14,11,0.79,0,0,0,none,1,37918.35
TX07593,C1414,44704.54,WALLET,failed,network_error,2,0,427,8,6,0.75,1,0,2,retry_payment,0,0.0
TX07594,C1581,31849.85,NETBANKING,success,none,0,0,301,11,6,0.55,1,0,0,none,1,31849.85
TX07595,C1699,46543.3,CARD,success,none,0,0,243,13,13,1.0,1,7,0,none,1,46543.3
TX07596,C2477,8677.11,UPI,success,none,0,0,491,3,0,0.0,0,0,0,none,1,8677.11
TX07597,C1683,11823.92,NETBANKING,success,none,0,0,130,8,3,0.38,0,0,0,none,1,11823.92
TX07598,C0378,34799.43,WALLET,failed,technical_error,2,0,337,10,7,0.7,0,0,2,payment_link,0,0.0
TX07599,C2322,41956.55,NETBANKING,failed,technical_error,4,0,101,1,0,0.0,0,0,0,payment_link,0,0.0
TX07600,C1945,29476.44,UPI,success,none,0,0,535,11,11,1.0,0,0,0,none,1,29476.44
TX07601,C0659,30881.25,WALLET,success,none,0,0,448,9,4,0.44,0,0,0,none,1,30881.25
TX07602,C2448,10646.76,UPI,failed,insufficient_funds,3,0,460,14,13,0.93,0,0,0,send_reminder,1,10646.76
TX07603,C1570,29376.38,CARD,success,none,0,0,54,12,4,0.33,0,0,0,none,1,29376.38
TX07604,C2286,20826.69,NETBANKING,abandoned,checkout_dropoff,2,1,49,18,16,0.89,1,0,1,send_reminder,1,20826.69
TX07605,C0307,12326.43,CARD,success,none,0,0,195,8,5,0.62,1,0,0,none,1,12326.43
TX07606,C0935,23099.11,CARD,success,none,0,0,70,13,12,0.92,0,0,0,none,1,23099.11
TX07607,C2029,24042.73,UPI,success,none,0,0,223,18,2,0.11,0,0,0,none,1,24042.73
TX07608,C0043,19953.02,UPI,success,none,0,0,370,1,1,1.0,1,0,0,none,1,19953.02
TX07609,C0020,33622.81,WALLET,success,none,0,0,125,14,9,0.64,0,0,0,none,1,33622.81
TX07610,C1972,46995.71,CARD,abandoned,checkout_dropoff,1,1,579,5,0,0.0,0,0,2,payment_link,1,46995.71
TX07611,C0441,6005.25,CARD,success,none,0,0,401,18,11,0.61,0,0,0,none,1,6005.25
TX07612,C2351,48430.5,NETBANKING,success,none,0,0,207,20,16,0.8,0,0,0,none,1,48430.5
TX07613,C1577,45864.45,NETBANKING,abandoned,checkout_dropoff,4,1,21,14,10,0.71,0,0,0,payment_link,1,45864.45
TX07614,C0905,44822.65,CARD,abandoned,checkout_dropoff,1,1,224,18,5,0.28,0,0,1,payment_link,0,0.0
TX07615,C1298,16427.83,WALLET,abandoned,checkout_dropoff,3,1,48,11,9,0.82,0,0,0,send_reminder,1,16427.83
TX07616,C2227,42699.69,WALLET,success,none,0,0,429,20,12,0.6,1,15,0,none,1,42699.69
TX07617,C1808,24915.79,WALLET,abandoned,checkout_dropoff,3,1,569,17,15,0.88,0,0,2,payment_link,0,0.0
TX07618,C1042,40896.41,CARD,success,none,0,0,144,1,0,0.0,1,3,0,none,1,40896.41
TX07619,C0872,6677.02,NETBANKING,success,none,0,0,586,18,12,0.67,1,0,0,none,1,6677.02
TX07620,C2054,47110.2,CARD,success,none,0,0,28,14,11,0.79,0,0,0,none,1,47110.2
TX07621,C2324,35107.78,WALLET,abandoned,checkout_dropoff,0,1,12,7,1,0.14,1,1,2,send_reminder,1,35107.78
TX07622,C2216,321.66,NETBANKING,failed,network_error,2,0,16,1,1,1.0,0,0,1,retry_payment,0,0.0
TX07623,C0780,15263.87,NETBANKING,failed,timeout,2,0,198,11,5,0.45,1,0,0,retry_payment,0,0.0
TX07624,C1809,47335.02,NETBANKING,success,none,0,0,472,13,0,0.0,0,0,0,none,1,47335.02
TX07625,C2137,37274.66,CARD,success,none,0,0,377,16,16,1.0,0,0,0,none,1,37274.66
TX07626,C1575,29900.02,CARD,success,none,0,0,384,5,2,0.4,1,7,0,none,1,29900.02
TX07627,C2430,9669.21,WALLET,success,none,0,0,198,11,9,0.82,0,0,0,none,1,9669.21
TX07628,C1058,37103.2,UPI,success,none,0,0,257,19,10,0.53,0,0,0,none,1,37103.2
TX07629,C2085,36441.95,CARD,failed,insufficient_funds,2,0,380,16,9,0.56,0,0,0,send_reminder,1,36441.95
TX07630,C1291,29626.21,UPI,success,none,0,0,169,18,12,0.67,1,0,0,none,1,29626.21
TX07631,C0910,43759.64,CARD,success,none,0,0,60,14,2,0.14,1,1,0,none,1,43759.64
TX07632,C1419,6953.78,UPI,success,none,0,0,478,8,5,0.62,0,0,0,none,1,6953.78
TX07633,C0313,10273.46,NETBANKING,failed,technical_error,0,0,321,10,1,0.1,1,1,0,payment_link,1,10273.46
TX07634,C0075,9326.6,NETBANKING,success,none,0,0,526,17,17,1.0,1,15,0,none,1,9326.6
TX07635,C1335,45068.87,CARD,success,none,0,0,235,20,15,0.75,1,0,0,none,1,45068.87
TX07636,C1633,572.78,NETBANKING,success,none,0,0,148,13,2,0.15,1,7,0,none,1,572.78
TX07637,C2404,30664.75,NETBANKING,failed,bank_error,2,0,232,19,11,0.58,1,0,1,payment_link,0,0.0
TX07638,C0663,47420.88,WALLET,success,none,0,0,455,16,16,1.0,0,0,0,none,1,47420.88
TX07639,C1943,9850.47,CARD,failed,network_error,0,0,363,6,3,0.5,1,30,2,retry_payment,1,9850.47
TX07640,C2222,39665.4,UPI,success,none,0,0,318,9,8,0.89,1,1,0,none,1,39665.4
TX07641,C0070,17996.85,UPI,success,none,0,0,300,10,0,0.0,0,0,0,none,1,17996.85
TX07642,C0251,42534.41,CARD,success,none,0,0,339,17,14,0.82,0,0,0,none,1,42534.41
TX07643,C1328,43380.38,CARD,abandoned,checkout_dropoff,1,1,32,6,1,0.17,0,0,0,payment_link,0,0.0
TX07644,C1418,15213.8,NETBANKING,success,none,0,0,215,9,0,0.0,0,0,0,none,1,15213.8
TX07645,C1711,14036.41,WALLET,success,none,0,0,379,2,2,1.0,1,30,0,none,1,14036.41
TX07646,C0938,10059.83,UPI,success,none,0,0,399,12,8,0.67,1,0,0,none,1,10059.83
TX07647,C0536,35559.65,UPI,failed,insufficient_funds,3,0,340,9,8,0.89,0,0,2,send_reminder,0,0.0
TX07648,C0843,8835.43,CARD,failed,network_error,3,0,78,12,2,0.17,1,15,0,retry_payment,0,0.0
TX07649,C2457,40571.14,WALLET,success,none,0,0,532,15,10,0.67,0,0,0,none,1,40571.14
TX07650,C1225,23410.74,UPI,success,none,0,0,419,6,1,0.17,1,7,0,none,1,23410.74
TX07651,C0181,3983.7,WALLET,failed,insufficient_funds,4,0,89,15,9,0.6,0,0,0,send_reminder,0,0.0
TX07652,C0816,42386.33,CARD,success,none,0,0,27,10,10,1.0,1,0,0,none,1,42386.33
TX07653,C1901,48634.49,UPI,success,none,0,0,62,12,7,0.58,1,15,0,none,1,48634.49
TX07654,C0525,23734.22,CARD,abandoned,checkout_dropoff,0,1,173,11,9,0.82,0,0,0,payment_link,0,0.0
TX07655,C2112,35374.79,WALLET,failed,network_error,3,0,169,10,10,1.0,1,0,0,retry_payment,0,0.0
TX07656,C1622,30493.09,WALLET,success,none,0,0,510,1,0,0.0,1,0,0,none,1,30493.09
TX07657,C2217,33524.49,WALLET,success,none,0,0,240,4,2,0.5,0,0,0,none,1,33524.49
TX07658,C0569,48746.58,WALLET,success,none,0,0,257,19,7,0.37,0,0,0,none,1,48746.58
TX07659,C2305,5241.05,WALLET,success,none,0,0,332,19,8,0.42,0,0,0,none,1,5241.05
TX07660,C1681,6902.69,NETBANKING,failed,technical_error,4,0,352,17,12,0.71,0,0,1,payment_link,1,6902.69
TX07661,C0249,42073.84,CARD,success,none,0,0,234,1,0,0.0,0,0,0,none,1,42073.84
TX07662,C1711,38566.99,CARD,failed,network_error,2,0,229,17,9,0.53,1,7,2,retry_payment,0,0.0
TX07663,C0457,10487.89,WALLET,success,none,0,0,467,11,2,0.18,0,0,0,none,1,10487.89
TX07664,C0594,18985.17,UPI,abandoned,checkout_dropoff,1,1,573,5,0,0.0,0,0,1,send_reminder,1,18985.17
TX07665,C0177,33664.05,NETBANKING,failed,insufficient_funds,0,0,258,2,2,1.0,1,7,0,send_reminder,0,0.0
TX07666,C1669,14679.39,WALLET,failed,network_error,3,0,30,7,4,0.57,1,0,0,retry_payment,0,0.0
TX07667,C1459,18093.93,CARD,success,none,0,0,272,5,0,0.0,1,1,0,none,1,18093.93
TX07668,C0422,29291.68,NETBANKING,failed,insufficient_funds,4,0,321,4,4,1.0,0,0,1,send_reminder,1,29291.68
TX07669,C2353,2644.8,NETBANKING,success,none,0,0,518,17,4,0.24,0,0,0,none,1,2644.8
TX07670,C1232,2992.04,WALLET,failed,technical_error,0,0,120,17,14,0.82,0,0,1,payment_link,0,0.0
TX07671,C1104,30721.17,UPI,success,none,0,0,103,18,1,0.06,0,0,0,none,1,30721.17
TX07672,C0133,45691.54,UPI,success,none,0,0,452,15,14,0.93,1,0,0,none,1,45691.54
TX07673,C1683,9930.64,CARD,success,none,0,0,296,10,5,0.5,0,0,0,none,1,9930.64
TX07674,C1846,21836.29,NETBANKING,success,none,0,0,550,17,3,0.18,1,7,0,none,1,21836.29
TX07675,C0988,31212.66,WALLET,success,none,0,0,381,4,2,0.5,0,0,0,none,1,31212.66
TX07676,C1308,46401.47,UPI,success,none,0,0,312,5,1,0.2,0,0,0,none,1,46401.47
TX07677,C0662,262.67,CARD,abandoned,checkout_dropoff,3,1,228,14,0,0.0,0,0,0,payment_link,1,262.67
TX07678,C0992,9008.39,CARD,failed,network_error,2,0,146,2,1,0.5,0,0,1,retry_payment,0,0.0
TX07679,C2410,10766.82,NETBANKING,success,none,0,0,308,7,0,0.0,1,0,0,none,1,10766.82
TX07680,C2092,15329.06,WALLET,success,none,0,0,36,8,5,0.62,0,0,0,none,1,15329.06
TX07681,C1104,29948.57,CARD,success,none,0,0,248,4,1,0.25,0,0,0,none,1,29948.57
TX07682,C1562,37020.88,NETBANKING,failed,bank_error,0,0,471,7,1,0.14,0,0,2,payment_link,0,0.0
TX07683,C1691,24583.22,WALLET,failed,bank_error,4,0,447,12,8,0.67,0,0,0,payment_link,1,24583.22
TX07684,C0396,35441.07,UPI,success,none,0,0,203,2,2,1.0,0,0,0,none,1,35441.07
TX07685,C2146,22004.76,NETBANKING,success,none,0,0,226,10,0,0.0,1,0,0,none,1,22004.76
TX07686,C2020,18015.51,UPI,success,none,0,0,421,20,16,0.8,0,0,0,none,1,18015.51
TX07687,C0642,9532.26,UPI,failed,timeout,0,0,176,17,0,0.0,0,0,2,retry_payment,0,0.0
TX07688,C0347,23524.2,UPI,success,none,0,0,548,6,6,1.0,1,0,0,none,1,23524.2
TX07689,C0474,22936.27,NETBANKING,success,none,0,0,541,11,10,0.91,1,7,0,none,1,22936.27
TX07690,C1790,6319.58,UPI,failed,technical_error,2,0,274,10,1,0.1,1,7,1,payment_link,0,0.0
TX07691,C0878,47385.92,WALLET,failed,insufficient_funds,4,0,550,6,2,0.33,0,0,2,send_reminder,1,47385.92
TX07692,C0477,25385.83,UPI,failed,bank_error,4,0,384,12,8,0.67,1,3,0,payment_link,1,25385.83
TX07693,C1331,8467.79,NETBANKING,success,none,0,0,467,4,2,0.5,0,0,0,none,1,8467.79
TX07694,C0810,5559.44,NETBANKING,success,none,0,0,390,5,3,0.6,1,0,0,none,1,5559.44
TX07695,C1075,17920.18,NETBANKING,success,none,0,0,226,3,1,0.33,0,0,0,none,1,17920.18
TX07696,C0975,26501.56,CARD,success,none,0,0,111,5,4,0.8,1,0,0,none,1,26501.56
TX07697,C2347,29196.0,WALLET,failed,bank_error,3,0,43,2,2,1.0,1,0,2,payment_link,1,29196.0
TX07698,C2485,43235.22,UPI,failed,bank_error,1,0,169,15,13,0.87,0,0,1,payment_link,1,43235.22
TX07699,C0620,17487.79,UPI,success,none,0,0,564,16,9,0.56,0,0,0,none,1,17487.79
TX07700,C0645,12080.42,NETBANKING,success,none,0,0,99,7,2,0.29,1,0,0,none,1,12080.42
TX07701,C0108,10151.22,UPI,success,none,0,0,130,18,2,0.11,1,7,0,none,1,10151.22
TX07702,C1514,15565.86,WALLET,success,none,0,0,460,9,8,0.89,0,0,0,none,1,15565.86
TX07703,C2299,23336.96,UPI,success,none,0,0,576,11,2,0.18,1,0,0,none,1,23336.96
TX07704,C0665,40846.17,NETBANKING,failed,technical_error,4,0,334,4,4,1.0,0,0,1,payment_link,1,40846.17
TX07705,C1443,34372.26,WALLET,failed,bank_error,3,0,300,6,5,0.83,0,0,0,payment_link,0,0.0
TX07706,C0920,31073.44,UPI,success,none,0,0,52,5,4,0.8,0,0,0,none,1,31073.44
TX07707,C0444,45030.36,UPI,success,none,0,0,317,1,1,1.0,1,1,0,none,1,45030.36
TX07708,C1923,11662.57,NETBANKING,success,none,0,0,392,5,0,0.0,1,3,0,none,1,11662.57
TX07709,C0526,2515.37,CARD,success,none,0,0,504,2,2,1.0,0,0,0,none,1,2515.37
TX07710,C1705,34009.72,UPI,success,none,0,0,333,17,2,0.12,0,0,0,none,1,34009.72
TX07711,C1850,24039.37,WALLET,failed,technical_error,3,0,511,9,1,0.11,1,0,1,payment_link,0,0.0
TX07712,C1092,27498.03,NETBANKING,failed,insufficient_funds,2,0,149,10,5,0.5,0,0,2,send_reminder,0,0.0
TX07713,C2078,25654.69,NETBANKING,failed,bank_error,4,0,443,18,9,0.5,1,0,0,payment_link,0,0.0
TX07714,C2022,44609.71,WALLET,abandoned,checkout_dropoff,3,1,253,4,2,0.5,1,0,1,send_reminder,1,44609.71
TX07715,C2209,49622.67,CARD,success,none,0,0,164,13,8,0.62,0,0,0,none,1,49622.67
TX07716,C2265,20735.24,NETBANKING,success,none,0,0,410,7,4,0.57,1,30,0,none,1,20735.24
TX07717,C2160,33841.1,WALLET,failed,timeout,3,0,506,3,0,0.0,1,0,1,retry_payment,0,0.0
TX07718,C2068,49287.1,CARD,success,none,0,0,251,10,2,0.2,1,0,0,none,1,49287.1
TX07719,C1473,30890.98,WALLET,success,none,0,0,26,11,2,0.18,1,0,0,none,1,30890.98
TX07720,C0859,19838.13,WALLET,abandoned,checkout_dropoff,1,1,345,18,12,0.67,0,0,2,payment_link,1,19838.13
TX07721,C1053,718.87,NETBANKING,abandoned,checkout_dropoff,4,1,488,9,2,0.22,1,0,0,send_reminder,1,718.87
TX07722,C0281,38441.03,WALLET,abandoned,checkout_dropoff,3,1,393,15,6,0.4,0,0,0,payment_link,0,0.0
TX07723,C1721,4939.22,CARD,success,none,0,0,363,5,4,0.8,1,7,0,none,1,4939.22
TX07724,C2211,688.01,CARD,success,none,0,0,377,6,1,0.17,1,15,0,none,1,688.01
TX07725,C1040,34143.81,WALLET,success,none,0,0,581,7,4,0.57,1,0,0,none,1,34143.81
TX07726,C1182,29243.99,UPI,success,none,0,0,544,4,2,0.5,1,0,0,none,1,29243.99
TX07727,C0418,9836.77,WALLET,failed,network_error,2,0,493,11,1,0.09,0,0,1,retry_payment,0,0.0
TX07728,C0757,13583.97,CARD,success,none,0,0,579,9,6,0.67,1,1,0,none,1,13583.97
TX07729,C2427,29141.69,CARD,success,none,0,0,356,16,2,0.12,1,15,0,none,1,29141.69
TX07730,C2241,39183.78,NETBANKING,success,none,0,0,287,19,19,1.0,1,0,0,none,1,39183.78
TX07731,C1107,37109.42,WALLET,abandoned,checkout_dropoff,3,1,473,5,4,0.8,0,0,1,payment_link,1,37109.42
TX07732,C0302,14990.32,UPI,abandoned,checkout_dropoff,2,1,395,9,0,0.0,1,1,0,payment_link,0,0.0
TX07733,C1770,5673.79,NETBANKING,success,none,0,0,361,5,2,0.4,1,0,0,none,1,5673.79
TX07734,C0469,19648.75,CARD,success,none,0,0,105,4,4,1.0,0,0,0,none,1,19648.75
TX07735,C2152,8609.04,NETBANKING,success,none,0,0,585,11,2,0.18,0,0,0,none,1,8609.04
TX07736,C0335,32600.35,UPI,abandoned,checkout_dropoff,2,1,600,10,6,0.6,0,0,0,payment_link,1,32600.35
TX07737,C1938,48420.95,NETBANKING,success,none,0,0,440,19,1,0.05,0,0,0,none,1,48420.95
TX07738,C1913,23465.62,WALLET,success,none,0,0,63,11,3,0.27,0,0,0,none,1,23465.62
TX07739,C1915,3260.62,UPI,success,none,0,0,251,13,3,0.23,1,3,0,none,1,3260.62
TX07740,C0258,44645.59,CARD,success,none,0,0,450,6,4,0.67,1,3,0,none,1,44645.59
TX07741,C2343,2967.67,NETBANKING,failed,bank_error,0,0,51,19,5,0.26,1,0,1,payment_link,1,2967.67
TX07742,C2200,39222.14,NETBANKING,success,none,0,0,516,14,12,0.86,0,0,0,none,1,39222.14
TX07743,C2078,48613.18,CARD,failed,network_error,3,0,262,11,4,0.36,1,0,2,retry_payment,0,0.0
TX07744,C1999,29146.37,NETBANKING,success,none,0,0,492,14,8,0.57,1,7,0,none,1,29146.37
TX07745,C1105,13062.2,CARD,success,none,0,0,357,19,7,0.37,0,0,0,none,1,13062.2
TX07746,C1038,26714.28,WALLET,success,none,0,0,325,14,8,0.57,0,0,0,none,1,26714.28
TX07747,C0021,6446.79,UPI,failed,technical_error,3,0,291,13,5,0.38,0,0,2,payment_link,1,6446.79
TX07748,C2039,44958.19,NETBANKING,failed,timeout,2,0,589,14,2,0.14,1,0,0,retry_payment,0,0.0
TX07749,C0950,15166.72,UPI,failed,bank_error,4,0,256,10,3,0.3,1,0,0,payment_link,0,0.0
TX07750,C1608,43398.81,WALLET,success,none,0,0,499,12,3,0.25,0,0,0,none,1,43398.81
TX07751,C1568,32213.48,UPI,success,none,0,0,279,13,8,0.62,0,0,0,none,1,32213.48
TX07752,C0964,6551.83,WALLET,success,none,0,0,100,13,3,0.23,1,1,0,none,1,6551.83
TX07753,C0494,23035.23,CARD,success,none,0,0,188,11,7,0.64,1,1,0,none,1,23035.23
TX07754,C1431,39218.14,CARD,success,none,0,0,63,13,13,1.0,0,0,0,none,1,39218.14
TX07755,C2480,25781.88,UPI,success,none,0,0,369,9,2,0.22,0,0,0,none,1,25781.88
TX07756,C1604,314.61,CARD,success,none,0,0,414,2,0,0.0,1,1,0,none,1,314.61
TX07757,C1057,28918.45,CARD,success,none,0,0,16,13,1,0.08,1,0,0,none,1,28918.45
TX07758,C0840,44833.48,CARD,success,none,0,0,369,3,0,0.0,0,0,0,none,1,44833.48
TX07759,C1229,28062.72,WALLET,success,none,0,0,471,19,13,0.68,0,0,0,none,1,28062.72
TX07760,C0050,12331.77,UPI,success,none,0,0,275,1,0,0.0,1,0,0,none,1,12331.77
TX07761,C0657,28046.63,NETBANKING,success,none,0,0,339,10,3,0.3,0,0,0,none,1,28046.63
TX07762,C0585,13143.45,WALLET,success,none,0,0,19,1,1,1.0,0,0,0,none,1,13143.45
TX07763,C1232,12355.35,UPI,failed,network_error,0,0,393,17,14,0.82,0,0,0,retry_payment,1,12355.35
TX07764,C1689,34955.67,CARD,success,none,0,0,390,3,1,0.33,0,0,0,none,1,34955.67
TX07765,C0190,17601.46,CARD,success,none,0,0,392,7,2,0.29,1,30,0,none,1,17601.46
TX07766,C0468,25485.75,CARD,success,none,0,0,136,14,7,0.5,0,0,0,none,1,25485.75
TX07767,C1715,49366.37,WALLET,abandoned,checkout_dropoff,4,1,77,15,10,0.67,1,1,0,payment_link,1,49366.37
TX07768,C1009,11135.11,CARD,failed,insufficient_funds,3,0,60,5,1,0.2,0,0,1,send_reminder,1,11135.11
TX07769,C1256,46002.06,WALLET,abandoned,checkout_dropoff,1,1,515,3,2,0.67,1,3,0,payment_link,1,46002.06
TX07770,C1440,35581.47,WALLET,failed,timeout,3,0,565,1,1,1.0,1,0,2,retry_payment,0,0.0
TX07771,C1713,49797.1,WALLET,success,none,0,0,239,20,6,0.3,1,1,0,none,1,49797.1
TX07772,C2340,15186.82,NETBANKING,failed,bank_error,0,0,144,2,0,0.0,1,0,2,payment_link,1,15186.82
TX07773,C0395,6106.3,NETBANKING,abandoned,checkout_dropoff,4,1,101,8,8,1.0,0,0,2,payment_link,1,6106.3
TX07774,C1764,10105.48,NETBANKING,success,none,0,0,230,11,11,1.0,0,0,0,none,1,10105.48
TX07775,C1142,30439.99,WALLET,failed,network_error,0,0,295,4,3,0.75,1,0,1,retry_payment,0,0.0
TX07776,C0431,43733.14,CARD,success,none,0,0,82,14,4,0.29,0,0,0,none,1,43733.14
TX07777,C1095,1465.83,WALLET,failed,technical_error,1,0,128,4,4,1.0,0,0,0,payment_link,1,1465.83
TX07778,C1133,12382.22,UPI,success,none,0,0,534,5,0,0.0,0,0,0,none,1,12382.22
TX07779,C0695,203.96,CARD,failed,insufficient_funds,2,0,75,17,10,0.59,0,0,1,send_reminder,1,203.96
TX07780,C1719,36629.46,UPI,success,none,0,0,28,20,19,0.95,1,30,0,none,1,36629.46
TX07781,C1353,19414.77,UPI,success,none,0,0,244,9,3,0.33,0,0,0,none,1,19414.77
TX07782,C1386,11301.19,CARD,success,none,0,0,106,9,9,1.0,0,0,0,none,1,11301.19
TX07783,C2477,6882.46,CARD,failed,bank_error,2,0,421,8,4,0.5,1,7,1,payment_link,1,6882.46
TX07784,C0682,36571.45,WALLET,success,none,0,0,249,19,3,0.16,1,0,0,none,1,36571.45
TX07785,C0682,22302.83,WALLET,failed,bank_error,0,0,567,16,4,0.25,1,15,1,payment_link,1,22302.83
TX07786,C2151,37596.34,UPI,success,none,0,0,179,12,10,0.83,1,0,0,none,1,37596.34
TX07787,C1103,45124.55,WALLET,failed,technical_error,3,0,384,3,3,1.0,0,0,1,payment_link,1,45124.55
TX07788,C1284,37817.95,CARD,success,none,0,0,144,7,6,0.86,1,3,0,none,1,37817.95
TX07789,C1784,14775.71,UPI,success,none,0,0,210,1,0,0.0,0,0,0,none,1,14775.71
TX07790,C1508,30922.2,CARD,abandoned,checkout_dropoff,1,1,270,1,0,0.0,0,0,2,payment_link,1,30922.2
TX07791,C2078,11350.57,NETBANKING,success,none,0,0,288,10,5,0.5,1,0,0,none,1,11350.57
TX07792,C0096,29755.32,UPI,success,none,0,0,594,11,8,0.73,0,0,0,none,1,29755.32
TX07793,C1176,38711.28,NETBANKING,success,none,0,0,410,14,13,0.93,1,0,0,none,1,38711.28
TX07794,C1511,3517.25,WALLET,success,none,0,0,165,8,0,0.0,0,0,0,none,1,3517.25
TX07795,C0562,26381.86,CARD,abandoned,checkout_dropoff,2,1,139,18,8,0.44,1,0,2,payment_link,0,0.0
TX07796,C0703,40925.74,CARD,failed,network_error,1,0,509,19,8,0.42,1,0,0,retry_payment,1,40925.74
TX07797,C0016,44226.33,NETBANKING,success,none,0,0,600,16,15,0.94,0,0,0,none,1,44226.33
TX07798,C0919,46941.64,WALLET,failed,timeout,3,0,321,10,2,0.2,0,0,0,retry_payment,0,0.0
TX07799,C1650,29201.1,CARD,failed,technical_error,4,0,508,19,14,0.74,0,0,2,payment_link,0,0.0
TX07800,C1310,31061.77,CARD,failed,technical_error,1,0,141,7,1,0.14,1,0,1,payment_link,0,0.0
TX07801,C0137,18135.99,WALLET,success,none,0,0,570,3,2,0.67,1,0,0,none,1,18135.99
TX07802,C0490,49757.25,UPI,success,none,0,0,387,10,4,0.4,1,0,0,none,1,49757.25
TX07803,C0736,13203.75,NETBANKING,success,none,0,0,498,19,17,0.89,1,1,0,none,1,13203.75
TX07804,C0156,35258.66,CARD,failed,bank_error,1,0,540,16,1,0.06,1,30,1,payment_link,0,0.0
TX07805,C0278,24036.38,CARD,failed,bank_error,2,0,69,20,3,0.15,1,3,0,payment_link,0,0.0
TX07806,C0651,9051.32,CARD,success,none,0,0,148,13,0,0.0,0,0,0,none,1,9051.32
TX07807,C1858,45110.78,NETBANKING,success,none,0,0,553,17,6,0.35,0,0,0,none,1,45110.78
TX07808,C0248,45704.85,UPI,success,none,0,0,162,7,4,0.57,0,0,0,none,1,45704.85
TX07809,C0155,36010.49,UPI,failed,insufficient_funds,2,0,425,16,4,0.25,1,1,0,send_reminder,1,36010.49
TX07810,C0549,35417.91,CARD,failed,timeout,2,0,580,10,7,0.7,1,0,1,retry_payment,0,0.0
TX07811,C1929,11838.92,UPI,success,none,0,0,135,8,7,0.88,0,0,0,none,1,11838.92
TX07812,C0461,26197.35,CARD,success,none,0,0,21,7,1,0.14,1,1,0,none,1,26197.35
TX07813,C1958,39956.21,CARD,success,none,0,0,561,17,3,0.18,1,15,0,none,1,39956.21
TX07814,C1830,32653.02,NETBANKING,abandoned,checkout_dropoff,2,1,72,5,0,0.0,1,30,0,send_reminder,0,0.0
TX07815,C0353,28841.65,UPI,success,none,0,0,496,14,12,0.86,0,0,0,none,1,28841.65
TX07816,C2096,20543.8,UPI,success,none,0,0,318,1,0,0.0,0,0,0,none,1,20543.8
TX07817,C0798,7345.09,NETBANKING,success,none,0,0,340,11,9,0.82,1,0,0,none,1,7345.09
TX07818,C1840,9216.32,NETBANKING,failed,network_error,0,0,437,10,2,0.2,0,0,0,retry_payment,1,9216.32
TX07819,C1485,28479.13,CARD,success,none,0,0,434,15,1,0.07,1,7,0,none,1,28479.13
TX07820,C0355,2326.32,UPI,abandoned,checkout_dropoff,0,1,248,1,0,0.0,0,0,2,payment_link,1,2326.32
TX07821,C0654,12637.97,NETBANKING,success,none,0,0,515,9,5,0.56,0,0,0,none,1,12637.97
TX07822,C1761,35145.31,NETBANKING,success,none,0,0,150,13,7,0.54,1,15,0,none,1,35145.31
TX07823,C0706,4223.4,WALLET,success,none,0,0,530,6,2,0.33,1,1,0,none,1,4223.4
TX07824,C1568,46000.66,CARD,abandoned,checkout_dropoff,1,1,509,5,2,0.4,1,0,2,send_reminder,0,0.0
TX07825,C0203,29944.78,WALLET,failed,technical_error,4,0,204,19,2,0.11,0,0,0,payment_link,1,29944.78
TX07826,C1447,31573.63,WALLET,success,none,0,0,71,17,2,0.12,1,7,0,none,1,31573.63
TX07827,C1518,10163.25,NETBANKING,success,none,0,0,555,12,11,0.92,0,0,0,none,1,10163.25
TX07828,C1496,32240.01,CARD,success,none,0,0,168,2,2,1.0,0,0,0,none,1,32240.01
TX07829,C2288,11575.6,NETBANKING,success,none,0,0,164,9,9,1.0,1,0,0,none,1,11575.6
TX07830,C0328,16098.17,CARD,failed,timeout,0,0,64,14,4,0.29,1,0,1,retry_payment,1,16098.17
TX07831,C1871,39745.48,CARD,abandoned,checkout_dropoff,1,1,284,13,11,0.85,1,3,2,payment_link,0,0.0
TX07832,C1776,10217.33,WALLET,success,none,0,0,115,6,5,0.83,1,0,0,none,1,10217.33
TX07833,C0790,41618.14,UPI,success,none,0,0,466,13,4,0.31,0,0,0,none,1,41618.14
TX07834,C1180,30981.66,NETBANKING,success,none,0,0,585,6,6,1.0,0,0,0,none,1,30981.66
TX07835,C2108,44581.12,CARD,success,none,0,0,94,6,3,0.5,1,7,0,none,1,44581.12
TX07836,C2434,3466.61,CARD,failed,bank_error,4,0,479,6,0,0.0,0,0,2,payment_link,0,0.0
TX07837,C0091,27933.11,WALLET,success,none,0,0,142,19,12,0.63,0,0,0,none,1,27933.11
TX07838,C0304,20639.27,UPI,success,none,0,0,194,9,0,0.0,1,30,0,none,1,20639.27
TX07839,C0041,37527.68,CARD,success,none,0,0,109,16,13,0.81,0,0,0,none,1,37527.68
TX07840,C2000,5885.36,WALLET,success,none,0,0,231,17,12,0.71,1,0,0,none,1,5885.36
TX07841,C1908,41101.36,NETBANKING,failed,bank_error,0,0,566,14,12,0.86,1,3,2,payment_link,1,41101.36
TX07842,C1715,9590.62,NETBANKING,success,none,0,0,87,5,1,0.2,1,1,0,none,1,9590.62
TX07843,C0483,16354.91,NETBANKING,success,none,0,0,212,4,4,1.0,1,7,0,none,1,16354.91
TX07844,C0053,32383.9,NETBANKING,failed,timeout,4,0,176,5,0,0.0,1,15,2,retry_payment,0,0.0
TX07845,C1536,45471.53,CARD,success,none,0,0,195,9,0,0.0,1,1,0,none,1,45471.53
TX07846,C2040,14870.59,CARD,success,none,0,0,281,3,3,1.0,0,0,0,none,1,14870.59
TX07847,C0994,42403.74,CARD,success,none,0,0,146,17,15,0.88,1,0,0,none,1,42403.74
TX07848,C0106,7182.66,UPI,abandoned,checkout_dropoff,1,1,149,5,3,0.6,1,15,0,payment_link,1,7182.66
TX07849,C0505,28222.54,WALLET,failed,timeout,0,0,407,9,3,0.33,1,7,0,retry_payment,0,0.0
TX07850,C2384,25450.41,WALLET,failed,network_error,4,0,40,11,8,0.73,0,0,0,retry_payment,0,0.0
TX07851,C1850,19655.18,UPI,failed,insufficient_funds,3,0,214,11,0,0.0,1,0,0,send_reminder,0,0.0
TX07852,C2243,41179.93,NETBANKING,failed,bank_error,3,0,480,12,3,0.25,0,0,2,payment_link,0,0.0
TX07853,C1056,31930.44,NETBANKING,abandoned,checkout_dropoff,1,1,207,6,5,0.83,1,3,0,payment_link,0,0.0
TX07854,C1342,43666.71,WALLET,success,none,0,0,548,10,4,0.4,0,0,0,none,1,43666.71
TX07855,C0894,36620.39,UPI,success,none,0,0,282,16,2,0.12,0,0,0,none,1,36620.39
TX07856,C1939,48757.25,UPI,failed,technical_error,3,0,267,10,8,0.8,1,30,1,payment_link,0,0.0
TX07857,C2241,34545.66,WALLET,success,none,0,0,184,13,11,0.85,1,3,0,none,1,34545.66
TX07858,C0452,7542.14,UPI,failed,network_error,4,0,218,14,0,0.0,1,30,0,retry_payment,0,0.0
TX07859,C2035,797.72,NETBANKING,success,none,0,0,375,14,11,0.79,1,0,0,none,1,797.72
TX07860,C1118,31325.22,NETBANKING,success,none,0,0,235,18,13,0.72,0,0,0,none,1,31325.22
TX07861,C1254,15889.38,NETBANKING,success,none,0,0,578,6,1,0.17,1,7,0,none,1,15889.38
TX07862,C0264,13509.84,UPI,success,none,0,0,19,4,0,0.0,0,0,0,none,1,13509.84
TX07863,C1411,1929.98,NETBANKING,failed,bank_error,4,0,114,14,4,0.29,1,1,0,payment_link,0,0.0
TX07864,C2162,5628.67,WALLET,failed,insufficient_funds,2,0,113,19,15,0.79,0,0,1,send_reminder,1,5628.67
TX07865,C1118,17990.66,WALLET,success,none,0,0,574,6,2,0.33,1,0,0,none,1,17990.66
TX07866,C0558,34576.16,NETBANKING,abandoned,checkout_dropoff,2,1,375,19,15,0.79,0,0,0,payment_link,1,34576.16
TX07867,C0496,34416.35,WALLET,success,none,0,0,153,14,8,0.57,1,3,0,none,1,34416.35
TX07868,C1788,23891.09,WALLET,success,none,0,0,134,19,5,0.26,0,0,0,none,1,23891.09
TX07869,C0544,29036.2,WALLET,success,none,0,0,460,15,10,0.67,1,7,0,none,1,29036.2
TX07870,C1814,31216.4,NETBANKING,failed,network_error,4,0,203,13,6,0.46,1,15,0,retry_payment,0,0.0
TX07871,C1640,8379.98,NETBANKING,success,none,0,0,193,5,4,0.8,0,0,0,none,1,8379.98
TX07872,C2289,20010.1,UPI,success,none,0,0,215,15,10,0.67,0,0,0,none,1,20010.1
TX07873,C1860,31810.13,WALLET,success,none,0,0,111,7,1,0.14,1,1,0,none,1,31810.13
TX07874,C1554,7305.5,UPI,success,none,0,0,220,17,8,0.47,1,3,0,none,1,7305.5
TX07875,C2269,16935.37,UPI,success,none,0,0,276,12,3,0.25,0,0,0,none,1,16935.37
TX07876,C1121,4420.49,CARD,abandoned,checkout_dropoff,3,1,316,14,11,0.79,0,0,2,send_reminder,1,4420.49
TX07877,C1635,22922.12,CARD,failed,network_error,3,0,282,15,9,0.6,0,0,2,retry_payment,0,0.0
TX07878,C1395,18653.78,UPI,success,none,0,0,333,1,0,0.0,1,0,0,none,1,18653.78
TX07879,C1493,24566.34,UPI,success,none,0,0,501,17,14,0.82,0,0,0,none,1,24566.34
TX07880,C0544,11761.91,CARD,success,none,0,0,252,12,7,0.58,1,7,0,none,1,11761.91
TX07881,C2125,18016.9,NETBANKING,success,none,0,0,433,12,3,0.25,0,0,0,none,1,18016.9
TX07882,C1281,14338.5,UPI,success,none,0,0,459,9,1,0.11,1,1,0,none,1,14338.5
TX07883,C1999,14280.02,NETBANKING,success,none,0,0,413,4,2,0.5,0,0,0,none,1,14280.02
TX07884,C1771,907.12,UPI,success,none,0,0,218,12,11,0.92,0,0,0,none,1,907.12
TX07885,C1407,36064.13,UPI,success,none,0,0,436,16,1,0.06,1,1,0,none,1,36064.13
TX07886,C0101,12467.71,NETBANKING,failed,insufficient_funds,1,0,29,2,2,1.0,1,1,1,send_reminder,1,12467.71
TX07887,C0635,24097.85,CARD,failed,bank_error,4,0,134,8,3,0.38,0,0,1,payment_link,0,0.0
TX07888,C0988,39526.56,UPI,success,none,0,0,571,2,2,1.0,1,15,0,none,1,39526.56
TX07889,C1441,38579.86,WALLET,abandoned,checkout_dropoff,0,1,188,14,0,0.0,0,0,1,payment_link,0,0.0
TX07890,C1800,13471.08,WALLET,success,none,0,0,544,19,8,0.42,0,0,0,none,1,13471.08
TX07891,C0121,19276.08,NETBANKING,success,none,0,0,477,17,4,0.24,0,0,0,none,1,19276.08
TX07892,C0659,37573.69,CARD,success,none,0,0,209,14,5,0.36,1,0,0,none,1,37573.69
TX07893,C0090,15818.74,NETBANKING,failed,network_error,1,0,18,6,2,0.33,0,0,0,retry_payment,1,15818.74
TX07894,C1604,41446.4,UPI,success,none,0,0,314,14,7,0.5,0,0,0,none,1,41446.4
TX07895,C0777,29955.37,NETBANKING,abandoned,checkout_dropoff,0,1,569,12,10,0.83,0,0,0,send_reminder,1,29955.37
TX07896,C0850,25245.77,CARD,failed,insufficient_funds,0,0,276,14,3,0.21,1,0,1,send_reminder,1,25245.77
TX07897,C2195,14001.68,NETBANKING,failed,technical_error,3,0,192,1,1,1.0,0,0,1,payment_link,0,0.0
TX07898,C2091,43885.33,WALLET,success,none,0,0,27,6,0,0.0,1,0,0,none,1,43885.33
TX07899,C0495,24029.93,NETBANKING,success,none,0,0,441,10,1,0.1,1,0,0,none,1,24029.93
TX07900,C0759,18130.99,UPI,success,none,0,0,576,17,10,0.59,0,0,0,none,1,18130.99
TX07901,C0509,27221.82,UPI,success,none,0,0,20,4,0,0.0,0,0,0,none,1,27221.82
TX07902,C1551,12418.17,UPI,success,none,0,0,114,20,18,0.9,0,0,0,none,1,12418.17
TX07903,C1836,36004.3,NETBANKING,success,none,0,0,580,8,4,0.5,0,0,0,none,1,36004.3
TX07904,C0871,30117.87,WALLET,failed,technical_error,3,0,77,18,14,0.78,0,0,2,payment_link,0,0.0
TX07905,C1992,2574.72,NETBANKING,success,none,0,0,391,18,16,0.89,0,0,0,none,1,2574.72
TX07906,C0178,8737.58,NETBANKING,abandoned,checkout_dropoff,4,1,301,7,7,1.0,1,0,2,send_reminder,1,8737.58
TX07907,C2092,11216.54,NETBANKING,failed,bank_error,0,0,291,11,3,0.27,0,0,0,payment_link,0,0.0
TX07908,C0983,8593.24,CARD,failed,network_error,0,0,233,18,12,0.67,0,0,1,retry_payment,1,8593.24
TX07909,C0709,12496.2,WALLET,success,none,0,0,304,7,6,0.86,0,0,0,none,1,12496.2
TX07910,C1159,24634.23,NETBANKING,success,none,0,0,468,18,17,0.94,0,0,0,none,1,24634.23
TX07911,C1013,17995.97,CARD,abandoned,checkout_dropoff,4,1,273,10,4,0.4,1,1,0,send_reminder,0,0.0
TX07912,C1376,19718.34,NETBANKING,success,none,0,0,450,18,16,0.89,0,0,0,none,1,19718.34
TX07913,C0436,42949.18,WALLET,success,none,0,0,69,18,13,0.72,1,0,0,none,1,42949.18
TX07914,C0163,19900.87,UPI,success,none,0,0,212,12,6,0.5,1,7,0,none,1,19900.87
TX07915,C1224,38186.79,WALLET,success,none,0,0,268,5,0,0.0,0,0,0,none,1,38186.79
TX07916,C1302,15512.32,NETBANKING,failed,network_error,1,0,463,4,4,1.0,0,0,2,retry_payment,0,0.0
TX07917,C2012,35071.6,CARD,failed,timeout,0,0,70,18,1,0.06,1,0,2,retry_payment,0,0.0
TX07918,C2078,47432.32,NETBANKING,success,none,0,0,97,20,5,0.25,0,0,0,none,1,47432.32
TX07919,C0483,39085.65,WALLET,success,none,0,0,449,2,0,0.0,0,0,0,none,1,39085.65
TX07920,C1072,24651.68,WALLET,success,none,0,0,291,14,12,0.86,0,0,0,none,1,24651.68
TX07921,C1623,6130.02,UPI,success,none,0,0,431,1,1,1.0,0,0,0,none,1,6130.02
TX07922,C0972,16484.87,UPI,failed,timeout,0,0,520,18,12,0.67,0,0,0,retry_payment,0,0.0
TX07923,C1045,1279.19,WALLET,success,none,0,0,30,8,4,0.5,1,0,0,none,1,1279.19
TX07924,C2073,6734.57,CARD,success,none,0,0,317,14,12,0.86,1,0,0,none,1,6734.57
TX07925,C0557,33208.42,NETBANKING,success,none,0,0,468,9,7,0.78,1,0,0,none,1,33208.42
TX07926,C2309,27473.1,CARD,abandoned,checkout_dropoff,4,1,231,11,9,0.82,0,0,2,payment_link,1,27473.1
TX07927,C1044,28350.85,UPI,success,none,0,0,141,12,7,0.58,1,0,0,none,1,28350.85
TX07928,C1876,4058.85,NETBANKING,failed,network_error,1,0,302,6,4,0.67,1,0,1,retry_payment,1,4058.85
TX07929,C0825,45294.59,UPI,failed,network_error,0,0,486,13,6,0.46,0,0,0,retry_payment,0,0.0
TX07930,C1803,30686.45,CARD,abandoned,checkout_dropoff,0,1,362,9,0,0.0,1,0,2,payment_link,1,30686.45
TX07931,C0827,15053.65,UPI,success,none,0,0,258,7,4,0.57,1,0,0,none,1,15053.65
TX07932,C2352,9609.82,WALLET,success,none,0,0,142,5,0,0.0,1,0,0,none,1,9609.82
TX07933,C2387,25149.83,UPI,success,none,0,0,498,19,2,0.11,0,0,0,none,1,25149.83
TX07934,C1586,41721.78,WALLET,failed,timeout,4,0,359,8,7,0.88,0,0,2,retry_payment,0,0.0
TX07935,C0244,19629.14,CARD,success,none,0,0,401,18,4,0.22,1,1,0,none,1,19629.14
TX07936,C2017,40597.96,CARD,success,none,0,0,116,7,1,0.14,0,0,0,none,1,40597.96
TX07937,C1342,37221.41,CARD,success,none,0,0,561,10,3,0.3,1,3,0,none,1,37221.41
TX07938,C0384,43112.98,UPI,abandoned,checkout_dropoff,0,1,569,6,4,0.67,0,0,1,payment_link,1,43112.98
TX07939,C1918,2382.24,NETBANKING,abandoned,checkout_dropoff,2,1,264,7,2,0.29,0,0,2,payment_link,1,2382.24
TX07940,C1469,32776.08,NETBANKING,success,none,0,0,292,10,3,0.3,0,0,0,none,1,32776.08
TX07941,C0713,3168.27,WALLET,success,none,0,0,122,1,1,1.0,0,0,0,none,1,3168.27
TX07942,C2246,29267.65,NETBANKING,failed,network_error,4,0,94,13,10,0.77,1,0,0,retry_payment,0,0.0
TX07943,C1647,29325.74,NETBANKING,success,none,0,0,54,15,6,0.4,1,0,0,none,1,29325.74
TX07944,C0895,14575.09,CARD,success,none,0,0,498,19,9,0.47,0,0,0,none,1,14575.09
TX07945,C1413,14529.37,UPI,failed,insufficient_funds,3,0,107,15,8,0.53,1,0,1,send_reminder,1,14529.37
TX07946,C2276,38186.67,UPI,success,none,0,0,109,11,1,0.09,0,0,0,none,1,38186.67
TX07947,C0036,462.66,CARD,success,none,0,0,438,4,1,0.25,0,0,0,none,1,462.66
TX07948,C1545,40162.43,CARD,failed,technical_error,0,0,566,4,2,0.5,1,1,1,payment_link,0,0.0
TX07949,C0540,10235.68,NETBANKING,success,none,0,0,586,1,1,1.0,1,0,0,none,1,10235.68
TX07950,C0642,10014.2,UPI,failed,bank_error,2,0,30,4,1,0.25,0,0,0,payment_link,1,10014.2
TX07951,C0207,39421.71,UPI,failed,insufficient_funds,4,0,251,9,1,0.11,1,3,0,send_reminder,0,0.0
TX07952,C0570,4368.98,CARD,failed,insufficient_funds,0,0,115,2,2,1.0,0,0,2,send_reminder,0,0.0
TX07953,C2317,17309.02,UPI,success,none,0,0,391,20,7,0.35,1,0,0,none,1,17309.02
TX07954,C0385,35600.35,UPI,success,none,0,0,110,10,10,1.0,1,0,0,none,1,35600.35
TX07955,C2259,19740.05,WALLET,success,none,0,0,169,3,3,1.0,1,0,0,none,1,19740.05
TX07956,C0068,46328.91,NETBANKING,success,none,0,0,350,6,1,0.17,1,1,0,none,1,46328.91
TX07957,C1082,33103.83,WALLET,success,none,0,0,244,19,3,0.16,1,0,0,none,1,33103.83
TX07958,C1839,19874.46,NETBANKING,success,none,0,0,438,11,10,0.91,1,0,0,none,1,19874.46
TX07959,C0299,17544.42,NETBANKING,success,none,0,0,437,8,5,0.62,1,0,0,none,1,17544.42
TX07960,C1776,22289.43,NETBANKING,success,none,0,0,293,10,5,0.5,1,0,0,none,1,22289.43
TX07961,C1413,32301.55,UPI,success,none,0,0,423,8,2,0.25,1,7,0,none,1,32301.55
TX07962,C0857,49014.36,NETBANKING,success,none,0,0,559,12,1,0.08,0,0,0,none,1,49014.36
TX07963,C0521,45159.59,NETBANKING,abandoned,checkout_dropoff,0,1,402,5,3,0.6,1,0,2,payment_link,1,45159.59
TX07964,C1695,543.49,CARD,success,none,0,0,75,19,14,0.74,1,0,0,none,1,543.49
TX07965,C1615,10488.98,CARD,success,none,0,0,57,6,6,1.0,1,1,0,none,1,10488.98
TX07966,C0376,40395.55,WALLET,abandoned,checkout_dropoff,3,1,560,3,1,0.33,0,0,0,payment_link,1,40395.55
TX07967,C2232,25071.14,NETBANKING,success,none,0,0,555,19,18,0.95,0,0,0,none,1,25071.14
TX07968,C1719,16774.16,UPI,success,none,0,0,265,3,0,0.0,1,0,0,none,1,16774.16
TX07969,C2278,8124.96,NETBANKING,failed,bank_error,0,0,534,13,5,0.38,0,0,1,payment_link,0,0.0
TX07970,C2042,14787.84,WALLET,success,none,0,0,372,14,14,1.0,0,0,0,none,1,14787.84
TX07971,C1946,41494.63,UPI,success,none,0,0,407,19,1,0.05,1,0,0,none,1,41494.63
TX07972,C1810,12302.35,NETBANKING,success,none,0,0,514,15,15,1.0,1,1,0,none,1,12302.35
TX07973,C1043,37368.82,UPI,success,none,0,0,178,6,4,0.67,1,0,0,none,1,37368.82
TX07974,C2464,26491.38,WALLET,success,none,0,0,16,13,5,0.38,1,0,0,none,1,26491.38
TX07975,C0653,38443.05,WALLET,success,none,0,0,545,6,6,1.0,1,0,0,none,1,38443.05
TX07976,C1889,25167.85,WALLET,success,none,0,0,54,9,2,0.22,1,1,0,none,1,25167.85
TX07977,C2442,8257.85,WALLET,failed,bank_error,2,0,134,20,11,0.55,1,15,1,payment_link,0,0.0
TX07978,C0285,23862.5,CARD,success,none,0,0,399,15,5,0.33,0,0,0,none,1,23862.5
TX07979,C1474,24385.59,NETBANKING,success,none,0,0,354,3,2,0.67,1,15,0,none,1,24385.59
TX07980,C2485,29466.64,CARD,success,none,0,0,214,2,2,1.0,1,0,0,none,1,29466.64
TX07981,C0422,27171.02,CARD,success,none,0,0,381,8,0,0.0,1,3,0,none,1,27171.02
TX07982,C1559,38350.44,NETBANKING,success,none,0,0,223,8,8,1.0,0,0,0,none,1,38350.44
TX07983,C1742,25072.18,UPI,success,none,0,0,187,12,1,0.08,1,1,0,none,1,25072.18
TX07984,C1345,33393.16,WALLET,failed,technical_error,0,0,472,12,11,0.92,0,0,2,payment_link,1,33393.16
TX07985,C0187,30742.61,NETBANKING,success,none,0,0,120,8,3,0.38,1,15,0,none,1,30742.61
TX07986,C1065,33342.99,NETBANKING,failed,network_error,0,0,314,10,1,0.1,1,1,1,retry_payment,1,33342.99
TX07987,C0149,9843.66,WALLET,abandoned,checkout_dropoff,4,1,541,10,3,0.3,1,0,0,send_reminder,0,0.0
TX07988,C1321,36070.35,NETBANKING,success,none,0,0,494,20,6,0.3,1,7,0,none,1,36070.35
TX07989,C1052,27792.36,CARD,success,none,0,0,280,3,1,0.33,1,0,0,none,1,27792.36
TX07990,C2137,23637.36,CARD,failed,bank_error,0,0,99,9,1,0.11,0,0,1,payment_link,0,0.0
TX07991,C0232,21685.09,UPI,failed,timeout,1,0,92,16,14,0.88,1,0,1,retry_payment,0,0.0
TX07992,C2048,1207.84,NETBANKING,failed,insufficient_funds,1,0,10,12,0,0.0,0,0,0,send_reminder,0,0.0
TX07993,C0150,3320.34,CARD,success,none,0,0,14,13,2,0.15,0,0,0,none,1,3320.34
TX07994,C0483,6256.45,UPI,failed,timeout,4,0,501,1,0,0.0,0,0,1,retry_payment,0,0.0
TX07995,C0669,12448.81,WALLET,failed,technical_error,1,0,297,12,6,0.5,1,0,1,payment_link,0,0.0
TX07996,C0137,35230.52,NETBANKING,failed,insufficient_funds,4,0,154,5,0,0.0,0,0,0,send_reminder,1,35230.52
TX07997,C1339,39204.04,UPI,success,none,0,0,433,9,3,0.33,1,1,0,none,1,39204.04
TX07998,C0623,18392.56,UPI,abandoned,checkout_dropoff,4,1,217,16,1,0.06,0,0,1,send_reminder,1,18392.56
TX07999,C1254,15681.33,WALLET,abandoned,checkout_dropoff,3,1,165,4,2,0.5,1,3,2,send_reminder,0,0.0
TX08000,C1103,24096.45,UPI,success,none,0,0,596,8,6,0.75,0,0,0,none,1,24096.45
TX08001,C2023,33889.6,WALLET,success,none,0,0,184,13,8,0.62,0,0,0,none,1,33889.6
TX08002,C1058,33515.88,NETBANKING,success,none,0,0,40,3,2,0.67,1,15,0,none,1,33515.88
TX08003,C0057,799.33,UPI,failed,technical_error,1,0,242,15,10,0.67,0,0,0,payment_link,1,799.33
TX08004,C2160,31362.28,UPI,success,none,0,0,544,17,6,0.35,1,0,0,none,1,31362.28
TX08005,C0147,4704.18,UPI,success,none,0,0,98,20,19,0.95,1,7,0,none,1,4704.18
TX08006,C1218,47306.18,NETBANKING,failed,insufficient_funds,1,0,379,8,7,0.88,0,0,0,send_reminder,0,0.0
TX08007,C0118,41651.68,WALLET,success,none,0,0,341,9,4,0.44,0,0,0,none,1,41651.68
TX08008,C2250,49606.72,NETBANKING,success,none,0,0,169,17,4,0.24,0,0,0,none,1,49606.72
TX08009,C1369,39896.01,WALLET,success,none,0,0,21,17,7,0.41,1,30,0,none,1,39896.01
TX08010,C0561,32925.04,NETBANKING,success,none,0,0,564,17,7,0.41,0,0,0,none,1,32925.04
TX08011,C2297,47733.02,NETBANKING,success,none,0,0,90,2,0,0.0,1,0,0,none,1,47733.02
TX08012,C2235,36937.53,NETBANKING,success,none,0,0,386,10,4,0.4,1,0,0,none,1,36937.53
TX08013,C1390,43194.16,NETBANKING,success,none,0,0,556,18,5,0.28,0,0,0,none,1,43194.16
TX08014,C0988,32440.83,NETBANKING,success,none,0,0,133,15,1,0.07,1,15,0,none,1,32440.83
TX08015,C1988,49420.15,NETBANKING,abandoned,checkout_dropoff,4,1,157,14,7,0.5,0,0,2,payment_link,0,0.0
TX08016,C2128,46507.2,WALLET,success,none,0,0,55,15,2,0.13,0,0,0,none,1,46507.2
TX08017,C1459,6271.4,CARD,success,none,0,0,457,19,5,0.26,0,0,0,none,1,6271.4
TX08018,C0833,48889.94,WALLET,failed,bank_error,2,0,376,17,15,0.88,0,0,0,payment_link,1,48889.94
TX08019,C1537,7670.96,NETBANKING,failed,timeout,2,0,567,3,0,0.0,1,7,1,retry_payment,0,0.0
TX08020,C1479,26499.4,WALLET,success,none,0,0,554,14,8,0.57,0,0,0,none,1,26499.4
TX08021,C1504,2611.34,WALLET,success,none,0,0,108,4,2,0.5,0,0,0,none,1,2611.34
TX08022,C1202,23235.88,UPI,abandoned,checkout_dropoff,3,1,96,1,0,0.0,0,0,0,payment_link,1,23235.88
TX08023,C1006,17179.37,CARD,failed,technical_error,2,0,110,15,5,0.33,1,0,1,payment_link,1,17179.37
TX08024,C2256,24718.13,CARD,success,none,0,0,48,2,0,0.0,1,3,0,none,1,24718.13
TX08025,C1512,32340.25,CARD,failed,network_error,2,0,423,4,3,0.75,0,0,1,retry_payment,0,0.0
TX08026,C0128,4357.44,UPI,success,none,0,0,581,16,4,0.25,0,0,0,none,1,4357.44
TX08027,C1985,33789.67,CARD,success,none,0,0,454,20,12,0.6,1,7,0,none,1,33789.67
TX08028,C2070,37617.89,NETBANKING,failed,timeout,3,0,304,20,7,0.35,0,0,1,retry_payment,0,0.0
TX08029,C0793,10045.66,CARD,success,none,0,0,427,6,2,0.33,0,0,0,none,1,10045.66
TX08030,C1899,48893.08,WALLET,success,none,0,0,353,17,11,0.65,1,1,0,none,1,48893.08
TX08031,C0523,25233.56,WALLET,failed,insufficient_funds,1,0,306,5,0,0.0,1,0,2,send_reminder,1,25233.56
TX08032,C0022,17779.88,CARD,failed,insufficient_funds,2,0,68,7,7,1.0,0,0,2,send_reminder,1,17779.88
TX08033,C0736,44221.77,WALLET,abandoned,checkout_dropoff,4,1,186,11,11,1.0,0,0,1,send_reminder,1,44221.77
TX08034,C0343,18451.96,NETBANKING,success,none,0,0,567,5,5,1.0,0,0,0,none,1,18451.96
TX08035,C2078,22687.33,UPI,success,none,0,0,232,14,12,0.86,0,0,0,none,1,22687.33
TX08036,C0886,30216.28,CARD,success,none,0,0,231,19,16,0.84,1,7,0,none,1,30216.28
TX08037,C1148,49016.82,NETBANKING,success,none,0,0,174,5,3,0.6,1,3,0,none,1,49016.82
TX08038,C0011,48253.86,WALLET,failed,technical_error,3,0,17,15,12,0.8,1,0,0,payment_link,0,0.0
TX08039,C1860,2071.84,WALLET,success,none,0,0,389,19,19,1.0,0,0,0,none,1,2071.84
TX08040,C0962,45436.31,UPI,success,none,0,0,522,11,1,0.09,0,0,0,none,1,45436.31
TX08041,C2082,37035.12,UPI,success,none,0,0,140,7,1,0.14,0,0,0,none,1,37035.12
TX08042,C0675,18980.69,CARD,success,none,0,0,470,9,8,0.89,1,0,0,none,1,18980.69
TX08043,C2025,15412.38,NETBANKING,success,none,0,0,381,15,10,0.67,0,0,0,none,1,15412.38
TX08044,C2330,13484.44,NETBANKING,success,none,0,0,293,17,4,0.24,1,3,0,none,1,13484.44
TX08045,C2195,18350.53,UPI,success,none,0,0,323,19,8,0.42,1,3,0,none,1,18350.53
TX08046,C1531,43070.88,UPI,failed,technical_error,2,0,230,9,2,0.22,1,0,0,payment_link,1,43070.88
TX08047,C2053,28167.33,CARD,failed,technical_error,0,0,184,19,15,0.79,1,7,1,payment_link,1,28167.33
TX08048,C1869,29784.7,WALLET,failed,bank_error,1,0,362,6,0,0.0,0,0,2,payment_link,0,0.0
TX08049,C1861,19851.36,UPI,success,none,0,0,467,14,3,0.21,0,0,0,none,1,19851.36
TX08050,C0670,41202.36,WALLET,success,none,0,0,362,8,5,0.62,0,0,0,none,1,41202.36
TX08051,C2254,41631.21,NETBANKING,failed,technical_error,4,0,119,15,5,0.33,0,0,1,payment_link,1,41631.21
TX08052,C2282,26886.03,CARD,success,none,0,0,375,12,1,0.08,1,0,0,none,1,26886.03
TX08053,C2393,12404.62,NETBANKING,success,none,0,0,458,8,0,0.0,0,0,0,none,1,12404.62
TX08054,C1065,27239.53,UPI,success,none,0,0,186,16,4,0.25,1,3,0,none,1,27239.53
TX08055,C1764,901.61,UPI,failed,network_error,2,0,455,14,3,0.21,0,0,2,retry_payment,0,0.0
TX08056,C0267,1512.37,NETBANKING,success,none,0,0,359,15,6,0.4,0,0,0,none,1,1512.37
TX08057,C2121,5246.21,CARD,success,none,0,0,116,10,7,0.7,1,0,0,none,1,5246.21
TX08058,C1632,13962.29,NETBANKING,success,none,0,0,349,20,3,0.15,0,0,0,none,1,13962.29
TX08059,C0468,15120.99,CARD,abandoned,checkout_dropoff,3,1,114,15,6,0.4,0,0,0,send_reminder,1,15120.99
TX08060,C0286,9657.49,WALLET,failed,network_error,4,0,205,3,0,0.0,1,3,0,retry_payment,0,0.0
TX08061,C1974,11439.45,NETBANKING,failed,timeout,4,0,511,4,3,0.75,1,0,0,retry_payment,0,0.0
TX08062,C1757,19231.85,NETBANKING,success,none,0,0,90,13,2,0.15,1,1,0,none,1,19231.85
TX08063,C0803,47962.41,NETBANKING,success,none,0,0,494,5,4,0.8,0,0,0,none,1,47962.41
TX08064,C2056,41911.97,CARD,success,none,0,0,338,19,11,0.58,1,0,0,none,1,41911.97
TX08065,C2192,29999.64,CARD,failed,insufficient_funds,0,0,118,10,8,0.8,0,0,0,send_reminder,0,0.0
TX08066,C0693,24960.23,CARD,success,none,0,0,293,13,5,0.38,1,0,0,none,1,24960.23
TX08067,C0177,18130.87,CARD,failed,bank_error,1,0,520,12,4,0.33,0,0,1,payment_link,0,0.0
TX08068,C1935,24212.81,UPI,success,none,0,0,186,14,13,0.93,0,0,0,none,1,24212.81
TX08069,C2008,14979.09,WALLET,success,none,0,0,231,11,8,0.73,0,0,0,none,1,14979.09
TX08070,C2337,24344.08,NETBANKING,success,none,0,0,124,13,6,0.46,1,1,0,none,1,24344.08
TX08071,C0332,14309.84,NETBANKING,success,none,0,0,241,6,5,0.83,0,0,0,none,1,14309.84
TX08072,C0506,7625.19,UPI,failed,bank_error,3,0,280,5,5,1.0,1,1,2,payment_link,1,7625.19
TX08073,C1557,16155.31,NETBANKING,failed,timeout,1,0,503,7,7,1.0,0,0,0,retry_payment,1,16155.31
TX08074,C1787,25477.94,CARD,success,none,0,0,283,6,2,0.33,0,0,0,none,1,25477.94
TX08075,C2146,43735.92,UPI,success,none,0,0,70,1,1,1.0,0,0,0,none,1,43735.92
TX08076,C1617,24712.38,WALLET,abandoned,checkout_dropoff,1,1,284,1,0,0.0,0,0,0,payment_link,0,0.0
TX08077,C0127,33753.13,CARD,success,none,0,0,246,17,10,0.59,0,0,0,none,1,33753.13
TX08078,C2287,44667.87,CARD,failed,technical_error,0,0,155,13,10,0.77,1,0,1,payment_link,1,44667.87
TX08079,C2005,45241.07,UPI,failed,technical_error,3,0,247,4,3,0.75,1,0,2,payment_link,1,45241.07
TX08080,C1822,27043.36,WALLET,failed,network_error,1,0,412,4,4,1.0,1,0,2,retry_payment,0,0.0
TX08081,C0680,8160.5,CARD,abandoned,checkout_dropoff,3,1,85,19,10,0.53,1,0,2,payment_link,1,8160.5
TX08082,C0796,1603.38,NETBANKING,success,none,0,0,267,3,2,0.67,1,1,0,none,1,1603.38
TX08083,C1988,42323.17,CARD,failed,timeout,3,0,334,18,6,0.33,0,0,0,retry_payment,0,0.0
TX08084,C2238,44361.6,CARD,failed,network_error,1,0,98,11,11,1.0,1,0,0,retry_payment,1,44361.6
TX08085,C0027,26812.27,CARD,failed,network_error,3,0,199,5,4,0.8,1,1,1,retry_payment,0,0.0
TX08086,C0955,48863.18,UPI,failed,timeout,4,0,141,2,1,0.5,0,0,1,retry_payment,0,0.0
TX08087,C0391,3365.65,CARD,success,none,0,0,186,18,17,0.94,1,0,0,none,1,3365.65
TX08088,C0255,5335.96,WALLET,success,none,0,0,592,14,5,0.36,0,0,0,none,1,5335.96
TX08089,C1773,32730.12,UPI,success,none,0,0,426,14,9,0.64,0,0,0,none,1,32730.12
TX08090,C0837,7105.78,WALLET,failed,bank_error,4,0,588,14,6,0.43,1,0,0,payment_link,1,7105.78
TX08091,C0833,22936.54,NETBANKING,success,none,0,0,172,18,6,0.33,0,0,0,none,1,22936.54
TX08092,C1811,17373.48,WALLET,success,none,0,0,357,2,2,1.0,0,0,0,none,1,17373.48
TX08093,C0534,34748.54,UPI,failed,insufficient_funds,3,0,235,1,0,0.0,0,0,2,send_reminder,1,34748.54
TX08094,C0114,42448.67,NETBANKING,abandoned,checkout_dropoff,4,1,190,9,1,0.11,0,0,1,payment_link,0,0.0
TX08095,C0603,1747.17,UPI,failed,timeout,0,0,121,9,7,0.78,0,0,2,retry_payment,0,0.0
TX08096,C0573,23491.65,CARD,success,none,0,0,594,12,8,0.67,0,0,0,none,1,23491.65
TX08097,C0106,32896.45,NETBANKING,failed,network_error,3,0,300,18,18,1.0,1,0,0,retry_payment,0,0.0
TX08098,C1669,26912.43,WALLET,success,none,0,0,429,9,3,0.33,1,0,0,none,1,26912.43
TX08099,C1526,8328.91,NETBANKING,success,none,0,0,197,2,0,0.0,0,0,0,none,1,8328.91
TX08100,C0288,49593.15,WALLET,success,none,0,0,118,12,1,0.08,1,0,0,none,1,49593.15
TX08101,C1807,48355.41,CARD,success,none,0,0,298,7,6,0.86,1,1,0,none,1,48355.41
TX08102,C1157,22022.31,NETBANKING,success,none,0,0,353,1,0,0.0,0,0,0,none,1,22022.31
TX08103,C1468,1152.22,WALLET,success,none,0,0,58,4,2,0.5,0,0,0,none,1,1152.22
TX08104,C1836,39806.42,WALLET,success,none,0,0,412,2,0,0.0,0,0,0,none,1,39806.42
TX08105,C1862,41310.83,NETBANKING,failed,timeout,2,0,428,20,6,0.3,1,15,0,retry_payment,0,0.0
TX08106,C0710,29489.18,UPI,success,none,0,0,354,16,12,0.75,0,0,0,none,1,29489.18
TX08107,C1045,11083.88,CARD,success,none,0,0,519,3,1,0.33,0,0,0,none,1,11083.88
TX08108,C1696,11176.1,UPI,success,none,0,0,238,15,14,0.93,0,0,0,none,1,11176.1
TX08109,C1624,6140.46,WALLET,failed,network_error,0,0,572,15,2,0.13,1,15,2,retry_payment,1,6140.46
TX08110,C0822,13495.51,UPI,success,none,0,0,358,13,7,0.54,0,0,0,none,1,13495.51
TX08111,C1082,6577.39,WALLET,failed,bank_error,0,0,463,17,9,0.53,0,0,0,payment_link,0,0.0
TX08112,C1878,46587.22,UPI,success,none,0,0,361,13,12,0.92,1,1,0,none,1,46587.22
TX08113,C1715,41282.65,UPI,success,none,0,0,236,14,4,0.29,0,0,0,none,1,41282.65
TX08114,C1537,4354.42,WALLET,success,none,0,0,21,17,16,0.94,1,3,0,none,1,4354.42
TX08115,C0054,3166.37,CARD,success,none,0,0,550,18,5,0.28,0,0,0,none,1,3166.37
TX08116,C1616,2454.94,NETBANKING,abandoned,checkout_dropoff,1,1,278,10,1,0.1,0,0,0,payment_link,1,2454.94
TX08117,C0302,11346.09,CARD,success,none,0,0,35,19,4,0.21,0,0,0,none,1,11346.09
TX08118,C2161,43765.16,CARD,success,none,0,0,508,6,3,0.5,0,0,0,none,1,43765.16
TX08119,C0987,7596.1,CARD,abandoned,checkout_dropoff,1,1,63,1,0,0.0,0,0,1,payment_link,0,0.0
TX08120,C0668,6172.45,NETBANKING,success,none,0,0,408,5,1,0.2,1,0,0,none,1,6172.45
TX08121,C1243,37170.42,WALLET,success,none,0,0,420,9,9,1.0,0,0,0,none,1,37170.42
TX08122,C1027,22771.27,WALLET,success,none,0,0,183,19,0,0.0,0,0,0,none,1,22771.27
TX08123,C1899,20173.17,UPI,failed,insufficient_funds,2,0,57,18,5,0.28,0,0,0,send_reminder,0,0.0
TX08124,C1773,36142.66,CARD,success,none,0,0,179,20,15,0.75,0,0,0,none,1,36142.66
TX08125,C1358,10850.17,CARD,failed,technical_error,2,0,333,8,7,0.88,1,0,1,payment_link,0,0.0
TX08126,C2222,13479.05,UPI,abandoned,checkout_dropoff,4,1,362,14,4,0.29,0,0,1,payment_link,0,0.0
TX08127,C1359,47833.41,CARD,success,none,0,0,279,17,7,0.41,0,0,0,none,1,47833.41
TX08128,C1841,30513.21,WALLET,success,none,0,0,333,10,5,0.5,1,0,0,none,1,30513.21
TX08129,C2288,37154.33,NETBANKING,success,none,0,0,148,8,6,0.75,1,30,0,none,1,37154.33
TX08130,C0295,20958.67,NETBANKING,success,none,0,0,42,18,2,0.11,1,0,0,none,1,20958.67
TX08131,C0788,48684.05,NETBANKING,success,none,0,0,351,5,0,0.0,1,0,0,none,1,48684.05
TX08132,C0606,14155.85,UPI,success,none,0,0,433,16,6,0.38,0,0,0,none,1,14155.85
TX08133,C1850,38446.03,UPI,success,none,0,0,571,16,12,0.75,0,0,0,none,1,38446.03
TX08134,C2498,17042.75,UPI,success,none,0,0,185,5,0,0.0,0,0,0,none,1,17042.75
TX08135,C1779,38545.56,WALLET,success,none,0,0,115,6,3,0.5,0,0,0,none,1,38545.56
TX08136,C1286,24554.38,CARD,success,none,0,0,31,8,8,1.0,0,0,0,none,1,24554.38
TX08137,C0241,2904.69,UPI,success,none,0,0,22,3,0,0.0,0,0,0,none,1,2904.69
TX08138,C2291,2638.78,CARD,failed,bank_error,0,0,13,7,7,1.0,0,0,1,payment_link,1,2638.78
TX08139,C0431,23381.01,CARD,success,none,0,0,302,2,0,0.0,1,0,0,none,1,23381.01
TX08140,C1153,43290.98,NETBANKING,abandoned,checkout_dropoff,2,1,387,8,8,1.0,1,0,0,send_reminder,0,0.0
TX08141,C1300,33212.1,CARD,abandoned,checkout_dropoff,1,1,62,12,8,0.67,0,0,0,payment_link,0,0.0
TX08142,C1924,3319.28,NETBANKING,abandoned,checkout_dropoff,3,1,347,10,4,0.4,1,0,1,send_reminder,0,0.0
TX08143,C1606,20367.48,NETBANKING,success,none,0,0,272,17,8,0.47,0,0,0,none,1,20367.48
TX08144,C0753,44848.34,UPI,success,none,0,0,308,8,1,0.12,0,0,0,none,1,44848.34
TX08145,C0277,21807.68,UPI,success,none,0,0,36,14,7,0.5,0,0,0,none,1,21807.68
TX08146,C1043,36012.26,UPI,success,none,0,0,121,20,6,0.3,1,0,0,none,1,36012.26
TX08147,C0055,18675.19,CARD,success,none,0,0,368,16,9,0.56,0,0,0,none,1,18675.19
TX08148,C1459,6224.34,UPI,failed,insufficient_funds,1,0,565,17,3,0.18,1,0,2,send_reminder,1,6224.34
TX08149,C0988,28444.07,UPI,success,none,0,0,485,19,18,0.95,0,0,0,none,1,28444.07
TX08150,C1416,32997.86,NETBANKING,failed,bank_error,4,0,504,13,8,0.62,1,1,0,payment_link,1,32997.86
TX08151,C1736,6545.22,CARD,success,none,0,0,213,13,2,0.15,1,0,0,none,1,6545.22
TX08152,C1196,33242.55,UPI,success,none,0,0,213,19,10,0.53,0,0,0,none,1,33242.55
TX08153,C0623,29719.95,NETBANKING,success,none,0,0,38,11,11,1.0,1,0,0,none,1,29719.95
TX08154,C1581,11972.1,CARD,success,none,0,0,196,15,0,0.0,0,0,0,none,1,11972.1
TX08155,C1601,38832.51,CARD,success,none,0,0,441,4,0,0.0,1,0,0,none,1,38832.51
TX08156,C1934,21053.81,UPI,success,none,0,0,514,20,16,0.8,1,3,0,none,1,21053.81
TX08157,C0645,26126.78,WALLET,abandoned,checkout_dropoff,1,1,247,7,5,0.71,0,0,2,send_reminder,0,0.0
TX08158,C2097,3111.37,WALLET,failed,insufficient_funds,1,0,373,11,8,0.73,0,0,2,send_reminder,0,0.0
TX08159,C0464,39271.08,CARD,success,none,0,0,353,7,1,0.14,0,0,0,none,1,39271.08
TX08160,C0303,10762.42,CARD,success,none,0,0,528,11,10,0.91,1,30,0,none,1,10762.42
TX08161,C0312,22612.99,CARD,failed,network_error,4,0,199,14,2,0.14,0,0,2,retry_payment,0,0.0
TX08162,C1834,38740.47,CARD,success,none,0,0,382,15,5,0.33,1,3,0,none,1,38740.47
TX08163,C1236,9477.3,WALLET,failed,network_error,0,0,593,9,6,0.67,0,0,0,retry_payment,1,9477.3
TX08164,C2206,5906.38,UPI,success,none,0,0,354,6,2,0.33,1,1,0,none,1,5906.38
TX08165,C2236,46903.78,WALLET,success,none,0,0,347,2,2,1.0,1,0,0,none,1,46903.78
TX08166,C0379,2640.03,UPI,failed,bank_error,0,0,420,4,2,0.5,1,0,1,payment_link,1,2640.03
TX08167,C1897,26951.66,UPI,success,none,0,0,482,4,1,0.25,0,0,0,none,1,26951.66
TX08168,C0362,45482.44,NETBANKING,success,none,0,0,476,3,0,0.0,0,0,0,none,1,45482.44
TX08169,C0811,21055.33,WALLET,abandoned,checkout_dropoff,0,1,454,7,2,0.29,1,1,2,payment_link,0,0.0
TX08170,C1118,35665.89,NETBANKING,success,none,0,0,72,13,9,0.69,1,30,0,none,1,35665.89
TX08171,C2425,28496.54,UPI,success,none,0,0,282,6,3,0.5,1,3,0,none,1,28496.54
TX08172,C2490,1725.7,WALLET,failed,network_error,2,0,211,13,4,0.31,1,7,0,retry_payment,0,0.0
TX08173,C1562,8374.23,UPI,abandoned,checkout_dropoff,1,1,16,1,1,1.0,1,7,0,payment_link,0,0.0
TX08174,C2158,37734.67,CARD,success,none,0,0,397,17,17,1.0,0,0,0,none,1,37734.67
TX08175,C0274,4553.71,WALLET,success,none,0,0,531,14,7,0.5,1,1,0,none,1,4553.71
TX08176,C1087,13861.73,CARD,success,none,0,0,78,16,1,0.06,1,0,0,none,1,13861.73
TX08177,C0591,31355.25,WALLET,success,none,0,0,325,5,3,0.6,0,0,0,none,1,31355.25
TX08178,C0806,7723.77,UPI,failed,bank_error,4,0,32,6,4,0.67,0,0,0,payment_link,1,7723.77
TX08179,C1441,30501.22,CARD,success,none,0,0,581,4,0,0.0,0,0,0,none,1,30501.22
TX08180,C0472,1850.23,WALLET,failed,network_error,1,0,277,9,2,0.22,0,0,2,retry_payment,1,1850.23
TX08181,C0583,16088.67,WALLET,success,none,0,0,193,6,4,0.67,0,0,0,none,1,16088.67
TX08182,C1850,5350.44,CARD,failed,network_error,4,0,341,11,4,0.36,0,0,2,retry_payment,0,0.0
TX08183,C0800,14126.43,WALLET,failed,timeout,3,0,596,4,2,0.5,0,0,0,retry_payment,0,0.0
TX08184,C0114,19732.67,WALLET,success,none,0,0,416,19,6,0.32,0,0,0,none,1,19732.67
TX08185,C0111,36274.66,UPI,success,none,0,0,502,11,10,0.91,1,0,0,none,1,36274.66
TX08186,C1841,19345.92,UPI,success,none,0,0,196,18,4,0.22,0,0,0,none,1,19345.92
TX08187,C0791,48414.96,NETBANKING,success,none,0,0,31,9,7,0.78,0,0,0,none,1,48414.96
TX08188,C1262,8769.56,CARD,failed,network_error,2,0,92,7,5,0.71,1,7,1,retry_payment,0,0.0
TX08189,C2332,43662.16,WALLET,abandoned,checkout_dropoff,0,1,91,5,4,0.8,1,0,2,send_reminder,0,0.0
TX08190,C1618,41332.64,CARD,failed,technical_error,4,0,438,5,2,0.4,0,0,1,payment_link,0,0.0
TX08191,C1954,7306.03,WALLET,abandoned,checkout_dropoff,4,1,14,12,5,0.42,1,1,0,send_reminder,0,0.0
TX08192,C0441,946.01,NETBANKING,success,none,0,0,283,7,0,0.0,1,0,0,none,1,946.01
TX08193,C2437,46963.17,CARD,success,none,0,0,495,13,8,0.62,0,0,0,none,1,46963.17
TX08194,C0595,23539.84,UPI,failed,network_error,1,0,160,13,9,0.69,1,0,0,retry_payment,0,0.0
TX08195,C1720,8660.19,NETBANKING,success,none,0,0,36,12,2,0.17,0,0,0,none,1,8660.19
TX08196,C0824,2061.51,NETBANKING,failed,network_error,1,0,583,16,11,0.69,0,0,2,retry_payment,1,2061.51
TX08197,C1183,25396.42,UPI,success,none,0,0,457,2,1,0.5,1,0,0,none,1,25396.42
TX08198,C0531,6180.48,CARD,success,none,0,0,559,6,3,0.5,0,0,0,none,1,6180.48
TX08199,C2293,39127.37,UPI,success,none,0,0,479,13,9,0.69,0,0,0,none,1,39127.37
TX08200,C0695,28336.81,CARD,success,none,0,0,585,10,7,0.7,0,0,0,none,1,28336.81
TX08201,C1971,34337.66,UPI,success,none,0,0,447,20,20,1.0,1,1,0,none,1,34337.66
TX08202,C1441,11448.65,NETBANKING,success,none,0,0,237,3,3,1.0,1,7,0,none,1,11448.65
TX08203,C1611,12504.92,NETBANKING,success,none,0,0,61,16,0,0.0,0,0,0,none,1,12504.92
TX08204,C1821,46640.39,UPI,success,none,0,0,260,8,7,0.88,0,0,0,none,1,46640.39
TX08205,C1338,49917.45,UPI,failed,network_error,4,0,214,7,1,0.14,1,3,0,retry_payment,0,0.0
TX08206,C2385,26274.46,NETBANKING,success,none,0,0,271,13,9,0.69,0,0,0,none,1,26274.46
TX08207,C1609,18942.32,WALLET,success,none,0,0,78,18,18,1.0,0,0,0,none,1,18942.32
TX08208,C0173,29210.55,UPI,failed,bank_error,1,0,106,17,11,0.65,0,0,0,payment_link,1,29210.55
TX08209,C2006,34648.54,NETBANKING,failed,timeout,3,0,42,15,2,0.13,1,7,1,retry_payment,0,0.0
TX08210,C1282,14655.92,UPI,success,none,0,0,381,13,8,0.62,1,1,0,none,1,14655.92
TX08211,C1208,38954.88,WALLET,abandoned,checkout_dropoff,4,1,64,2,0,0.0,0,0,2,send_reminder,0,0.0
TX08212,C2216,23148.31,UPI,success,none,0,0,102,8,2,0.25,0,0,0,none,1,23148.31
TX08213,C0482,48625.44,UPI,failed,timeout,2,0,408,13,9,0.69,1,0,1,retry_payment,0,0.0
TX08214,C1943,29035.92,WALLET,failed,bank_error,4,0,151,13,9,0.69,1,1,0,payment_link,1,29035.92
TX08215,C1532,47731.55,NETBANKING,failed,insufficient_funds,0,0,40,12,11,0.92,1,0,0,send_reminder,1,47731.55
TX08216,C0446,14402.22,CARD,failed,technical_error,3,0,367,4,4,1.0,1,0,2,payment_link,1,14402.22
TX08217,C1070,2441.55,UPI,success,none,0,0,509,18,6,0.33,0,0,0,none,1,2441.55
TX08218,C0765,19108.36,UPI,success,none,0,0,240,18,10,0.56,1,0,0,none,1,19108.36
TX08219,C2317,6168.43,NETBANKING,success,none,0,0,338,6,0,0.0,0,0,0,none,1,6168.43
TX08220,C1672,34995.77,CARD,abandoned,checkout_dropoff,0,1,558,3,3,1.0,0,0,1,send_reminder,1,34995.77
TX08221,C1762,4618.82,NETBANKING,success,none,0,0,61,10,4,0.4,0,0,0,none,1,4618.82
TX08222,C1363,19825.72,CARD,failed,network_error,3,0,168,16,9,0.56,1,15,2,retry_payment,0,0.0
TX08223,C0228,39879.0,UPI,failed,timeout,4,0,188,13,6,0.46,0,0,2,retry_payment,0,0.0
TX08224,C0936,37821.6,WALLET,success,none,0,0,67,17,13,0.76,1,0,0,none,1,37821.6
TX08225,C0159,1750.66,CARD,failed,bank_error,4,0,360,16,0,0.0,0,0,0,payment_link,1,1750.66
TX08226,C1420,37405.1,CARD,success,none,0,0,496,13,0,0.0,1,1,0,none,1,37405.1
TX08227,C2138,24680.99,WALLET,success,none,0,0,258,14,11,0.79,0,0,0,none,1,24680.99
TX08228,C2457,18038.49,UPI,success,none,0,0,552,10,6,0.6,0,0,0,none,1,18038.49
TX08229,C1166,24701.35,WALLET,success,none,0,0,365,10,6,0.6,0,0,0,none,1,24701.35
TX08230,C0893,15264.68,NETBANKING,abandoned,checkout_dropoff,0,1,47,3,1,0.33,0,0,1,payment_link,0,0.0
TX08231,C0824,41460.1,NETBANKING,abandoned,checkout_dropoff,1,1,65,15,8,0.53,0,0,2,payment_link,1,41460.1
TX08232,C1876,8463.14,NETBANKING,success,none,0,0,149,6,3,0.5,0,0,0,none,1,8463.14
TX08233,C2477,7083.21,WALLET,success,none,0,0,28,15,11,0.73,0,0,0,none,1,7083.21
TX08234,C0221,28619.22,WALLET,success,none,0,0,535,8,3,0.38,0,0,0,none,1,28619.22
TX08235,C1757,28233.72,WALLET,abandoned,checkout_dropoff,1,1,552,5,4,0.8,1,1,1,payment_link,0,0.0
TX08236,C0619,10020.89,NETBANKING,abandoned,checkout_dropoff,4,1,560,4,2,0.5,0,0,2,payment_link,0,0.0
TX08237,C0695,25391.42,UPI,abandoned,checkout_dropoff,0,1,34,6,1,0.17,1,15,0,payment_link,1,25391.42
TX08238,C0851,14730.1,NETBANKING,success,none,0,0,220,17,16,0.94,0,0,0,none,1,14730.1
TX08239,C0731,25298.76,WALLET,failed,network_error,0,0,389,15,10,0.67,1,3,0,retry_payment,1,25298.76
TX08240,C0474,3964.26,UPI,success,none,0,0,102,14,6,0.43,0,0,0,none,1,3964.26
TX08241,C2235,28568.25,UPI,failed,bank_error,4,0,124,10,7,0.7,0,0,2,payment_link,1,28568.25
TX08242,C1214,48626.65,UPI,failed,network_error,2,0,300,1,0,0.0,0,0,1,retry_payment,0,0.0
TX08243,C1740,42021.74,UPI,success,none,0,0,480,2,1,0.5,1,0,0,none,1,42021.74
TX08244,C1755,43805.29,WALLET,success,none,0,0,94,18,13,0.72,1,1,0,none,1,43805.29
TX08245,C0816,3163.42,WALLET,success,none,0,0,190,13,0,0.0,1,3,0,none,1,3163.42
TX08246,C0597,44546.4,WALLET,failed,insufficient_funds,1,0,491,20,11,0.55,1,1,0,send_reminder,1,44546.4
TX08247,C1623,40412.02,UPI,failed,timeout,1,0,584,1,1,1.0,0,0,2,retry_payment,1,40412.02
TX08248,C1530,27883.21,CARD,success,none,0,0,239,11,0,0.0,0,0,0,none,1,27883.21
TX08249,C0881,22310.03,WALLET,success,none,0,0,194,17,10,0.59,1,0,0,none,1,22310.03
TX08250,C2276,43650.59,NETBANKING,failed,network_error,0,0,439,17,15,0.88,0,0,1,retry_payment,0,0.0
TX08251,C1015,21675.7,CARD,success,none,0,0,90,2,2,1.0,0,0,0,none,1,21675.7
TX08252,C0125,31233.68,NETBANKING,failed,timeout,3,0,373,4,1,0.25,0,0,0,retry_payment,0,0.0
TX08253,C0679,700.49,WALLET,success,none,0,0,566,3,3,1.0,0,0,0,none,1,700.49
TX08254,C1184,25139.36,UPI,success,none,0,0,357,1,0,0.0,1,7,0,none,1,25139.36
TX08255,C1354,32423.51,WALLET,abandoned,checkout_dropoff,1,1,453,3,2,0.67,1,7,0,send_reminder,1,32423.51
TX08256,C2033,9668.63,NETBANKING,success,none,0,0,567,5,2,0.4,0,0,0,none,1,9668.63
TX08257,C1222,26368.08,CARD,success,none,0,0,17,17,10,0.59,1,0,0,none,1,26368.08
TX08258,C0691,33151.55,CARD,success,none,0,0,252,19,2,0.11,1,3,0,none,1,33151.55
TX08259,C1024,49991.65,NETBANKING,failed,bank_error,2,0,556,11,5,0.45,0,0,1,payment_link,1,49991.65
TX08260,C2106,47292.24,UPI,success,none,0,0,51,13,11,0.85,0,0,0,none,1,47292.24
TX08261,C1434,42702.88,WALLET,failed,timeout,4,0,572,5,0,0.0,1,0,0,retry_payment,0,0.0
TX08262,C1917,46584.13,CARD,abandoned,checkout_dropoff,1,1,108,6,3,0.5,0,0,0,send_reminder,0,0.0
TX08263,C0453,31470.06,NETBANKING,abandoned,checkout_dropoff,4,1,70,2,1,0.5,1,0,1,payment_link,0,0.0
TX08264,C0140,43676.6,UPI,failed,network_error,1,0,158,4,1,0.25,1,1,1,retry_payment,0,0.0
TX08265,C2012,38412.26,CARD,success,none,0,0,328,17,9,0.53,0,0,0,none,1,38412.26
TX08266,C1675,28604.79,UPI,failed,bank_error,2,0,57,19,3,0.16,0,0,2,payment_link,0,0.0
TX08267,C1914,35373.16,UPI,success,none,0,0,283,6,6,1.0,0,0,0,none,1,35373.16
TX08268,C1247,39422.23,NETBANKING,failed,network_error,4,0,393,5,0,0.0,0,0,1,retry_payment,0,0.0
TX08269,C1653,39970.81,NETBANKING,success,none,0,0,589,6,3,0.5,0,0,0,none,1,39970.81
TX08270,C0453,1415.49,NETBANKING,failed,technical_error,3,0,121,10,9,0.9,1,0,0,payment_link,1,1415.49
TX08271,C0325,11702.38,WALLET,abandoned,checkout_dropoff,0,1,323,12,7,0.58,1,7,1,send_reminder,1,11702.38
TX08272,C1517,37707.72,WALLET,success,none,0,0,333,12,0,0.0,1,7,0,none,1,37707.72
TX08273,C0603,14160.66,UPI,success,none,0,0,508,3,2,0.67,1,0,0,none,1,14160.66
TX08274,C2311,8643.12,CARD,success,none,0,0,418,6,4,0.67,1,0,0,none,1,8643.12
TX08275,C1207,27774.08,NETBANKING,success,none,0,0,389,20,18,0.9,1,0,0,none,1,27774.08
TX08276,C1768,10512.14,NETBANKING,failed,insufficient_funds,0,0,59,5,1,0.2,0,0,2,send_reminder,0,0.0
TX08277,C1891,47094.06,WALLET,failed,timeout,1,0,564,13,6,0.46,0,0,0,retry_payment,1,47094.06
TX08278,C2098,16516.06,UPI,success,none,0,0,438,5,0,0.0,1,30,0,none,1,16516.06
TX08279,C0897,39955.02,UPI,success,none,0,0,165,8,0,0.0,0,0,0,none,1,39955.02
TX08280,C0803,2739.33,UPI,failed,bank_error,1,0,408,8,3,0.38,1,1,1,payment_link,0,0.0
TX08281,C1707,26622.98,WALLET,success,none,0,0,292,17,3,0.18,1,3,0,none,1,26622.98
TX08282,C2344,49805.01,UPI,success,none,0,0,93,20,0,0.0,1,0,0,none,1,49805.01
TX08283,C1642,1815.35,NETBANKING,success,none,0,0,66,9,3,0.33,1,7,0,none,1,1815.35
TX08284,C1242,35003.82,NETBANKING,success,none,0,0,399,20,8,0.4,1,0,0,none,1,35003.82
TX08285,C0271,35837.02,UPI,success,none,0,0,24,20,19,0.95,0,0,0,none,1,35837.02
TX08286,C1475,10596.61,UPI,success,none,0,0,429,3,2,0.67,0,0,0,none,1,10596.61
TX08287,C2275,23162.29,UPI,success,none,0,0,322,9,6,0.67,1,7,0,none,1,23162.29
TX08288,C1642,11596.83,CARD,success,none,0,0,326,2,0,0.0,1,3,0,none,1,11596.83
TX08289,C1988,28655.24,NETBANKING,success,none,0,0,234,11,8,0.73,0,0,0,none,1,28655.24
TX08290,C1362,47483.34,NETBANKING,success,none,0,0,259,4,4,1.0,0,0,0,none,1,47483.34
TX08291,C1817,46218.2,UPI,failed,technical_error,4,0,172,4,2,0.5,0,0,0,payment_link,0,0.0
TX08292,C0061,47706.16,UPI,failed,technical_error,2,0,525,4,3,0.75,0,0,2,payment_link,1,47706.16
TX08293,C0960,46637.86,CARD,failed,bank_error,3,0,376,17,3,0.18,0,0,2,payment_link,0,0.0
TX08294,C0410,42019.31,UPI,success,none,0,0,301,10,9,0.9,1,15,0,none,1,42019.31
TX08295,C0287,27045.24,CARD,success,none,0,0,72,6,6,1.0,0,0,0,none,1,27045.24
TX08296,C1786,6037.02,WALLET,success,none,0,0,566,11,3,0.27,1,30,0,none,1,6037.02
TX08297,C0234,20833.11,UPI,success,none,0,0,415,19,12,0.63,1,30,0,none,1,20833.11
TX08298,C0759,16350.61,UPI,failed,technical_error,0,0,491,16,7,0.44,0,0,2,payment_link,0,0.0
TX08299,C1340,35710.57,WALLET,success,none,0,0,82,2,1,0.5,0,0,0,none,1,35710.57
TX08300,C2059,29747.19,UPI,success,none,0,0,574,14,12,0.86,0,0,0,none,1,29747.19
TX08301,C0302,49928.48,NETBANKING,success,none,0,0,334,14,7,0.5,1,3,0,none,1,49928.48
TX08302,C2211,22038.51,UPI,success,none,0,0,317,4,0,0.0,1,3,0,none,1,22038.51
TX08303,C1560,29889.08,UPI,success,none,0,0,376,7,4,0.57,0,0,0,none,1,29889.08
TX08304,C1298,7400.04,NETBANKING,success,none,0,0,431,19,13,0.68,1,0,0,none,1,7400.04
TX08305,C1750,30848.31,UPI,success,none,0,0,488,18,5,0.28,0,0,0,none,1,30848.31
TX08306,C1640,41123.64,UPI,success,none,0,0,259,16,13,0.81,1,3,0,none,1,41123.64
TX08307,C1189,45702.31,WALLET,success,none,0,0,574,8,4,0.5,0,0,0,none,1,45702.31
TX08308,C0012,12071.5,UPI,success,none,0,0,374,16,15,0.94,0,0,0,none,1,12071.5
TX08309,C0285,27025.17,UPI,abandoned,checkout_dropoff,3,1,529,10,9,0.9,0,0,1,payment_link,0,0.0
TX08310,C1545,881.27,NETBANKING,abandoned,checkout_dropoff,1,1,35,4,1,0.25,0,0,0,payment_link,0,0.0
TX08311,C0806,28589.68,CARD,success,none,0,0,287,2,0,0.0,1,0,0,none,1,28589.68
TX08312,C0955,42809.75,NETBANKING,abandoned,checkout_dropoff,2,1,507,6,5,0.83,1,1,2,payment_link,0,0.0
TX08313,C1598,45515.52,NETBANKING,abandoned,checkout_dropoff,3,1,247,12,1,0.08,1,3,1,send_reminder,0,0.0
TX08314,C0198,33677.14,WALLET,success,none,0,0,455,14,4,0.29,1,0,0,none,1,33677.14
TX08315,C1116,10621.91,WALLET,success,none,0,0,585,8,4,0.5,1,0,0,none,1,10621.91
TX08316,C1867,17178.3,NETBANKING,failed,timeout,4,0,52,1,1,1.0,0,0,0,retry_payment,0,0.0
TX08317,C1730,32137.56,WALLET,success,none,0,0,424,2,1,0.5,0,0,0,none,1,32137.56
TX08318,C0242,3707.64,CARD,failed,network_error,0,0,354,20,5,0.25,1,1,2,retry_payment,1,3707.64
TX08319,C0956,9147.79,NETBANKING,success,none,0,0,394,18,7,0.39,1,0,0,none,1,9147.79
TX08320,C0310,21453.02,UPI,failed,technical_error,2,0,103,11,10,0.91,0,0,0,payment_link,1,21453.02
TX08321,C0701,8409.27,CARD,success,none,0,0,211,13,12,0.92,1,1,0,none,1,8409.27
TX08322,C0940,40867.8,WALLET,failed,insufficient_funds,1,0,44,10,8,0.8,0,0,0,send_reminder,0,0.0
TX08323,C1557,40963.71,WALLET,failed,network_error,1,0,527,17,11,0.65,0,0,1,retry_payment,1,40963.71
TX08324,C2363,14395.16,UPI,success,none,0,0,537,15,2,0.13,0,0,0,none,1,14395.16
TX08325,C2439,30624.04,WALLET,success,none,0,0,518,13,6,0.46,0,0,0,none,1,30624.04
TX08326,C1485,12857.72,UPI,abandoned,checkout_dropoff,3,1,117,17,14,0.82,0,0,0,payment_link,0,0.0
TX08327,C1694,15824.58,CARD,success,none,0,0,74,14,3,0.21,1,0,0,none,1,15824.58
TX08328,C2471,5434.81,WALLET,success,none,0,0,466,6,6,1.0,1,1,0,none,1,5434.81
TX08329,C1459,19218.81,NETBANKING,success,none,0,0,113,6,1,0.17,1,0,0,none,1,19218.81
TX08330,C1317,40837.31,UPI,success,none,0,0,47,4,4,1.0,1,0,0,none,1,40837.31
TX08331,C1890,45699.66,WALLET,success,none,0,0,162,11,1,0.09,1,0,0,none,1,45699.66
TX08332,C0180,47054.19,NETBANKING,success,none,0,0,33,18,0,0.0,1,0,0,none,1,47054.19
TX08333,C0367,1867.1,UPI,success,none,0,0,56,10,7,0.7,1,0,0,none,1,1867.1
TX08334,C1969,21924.34,UPI,success,none,0,0,235,12,9,0.75,1,0,0,none,1,21924.34
TX08335,C2079,48511.57,WALLET,failed,network_error,3,0,163,17,9,0.53,1,7,0,retry_payment,0,0.0
TX08336,C1852,5757.99,CARD,success,none,0,0,321,3,3,1.0,0,0,0,none,1,5757.99
TX08337,C0981,11848.6,UPI,success,none,0,0,363,20,14,0.7,1,0,0,none,1,11848.6
TX08338,C1458,17272.89,CARD,success,none,0,0,167,5,3,0.6,1,0,0,none,1,17272.89
TX08339,C2007,22957.9,UPI,success,none,0,0,186,18,1,0.06,1,7,0,none,1,22957.9
TX08340,C1403,34609.42,WALLET,success,none,0,0,287,18,17,0.94,0,0,0,none,1,34609.42
TX08341,C0908,35278.45,UPI,success,none,0,0,532,19,13,0.68,0,0,0,none,1,35278.45
TX08342,C1485,15255.6,NETBANKING,success,none,0,0,341,13,12,0.92,1,0,0,none,1,15255.6
TX08343,C1583,1398.39,NETBANKING,success,none,0,0,223,5,4,0.8,0,0,0,none,1,1398.39
TX08344,C0203,25636.67,NETBANKING,abandoned,checkout_dropoff,4,1,80,11,7,0.64,0,0,0,send_reminder,0,0.0
TX08345,C1765,35208.46,WALLET,success,none,0,0,559,6,6,1.0,0,0,0,none,1,35208.46
TX08346,C1347,805.86,CARD,success,none,0,0,337,7,1,0.14,0,0,0,none,1,805.86
TX08347,C0802,15942.85,NETBANKING,success,none,0,0,281,5,0,0.0,1,0,0,none,1,15942.85
TX08348,C1117,14916.22,WALLET,failed,bank_error,0,0,284,6,2,0.33,1,30,2,payment_link,0,0.0
TX08349,C1919,9499.19,CARD,failed,bank_error,4,0,176,3,0,0.0,0,0,2,payment_link,0,0.0
TX08350,C0655,33272.48,CARD,failed,timeout,0,0,478,9,3,0.33,1,7,0,retry_payment,1,33272.48
TX08351,C2491,2446.87,CARD,abandoned,checkout_dropoff,3,1,352,4,2,0.5,1,0,0,send_reminder,1,2446.87
TX08352,C1798,18920.47,UPI,success,none,0,0,151,15,14,0.93,1,3,0,none,1,18920.47
TX08353,C1351,48130.01,WALLET,success,none,0,0,307,14,0,0.0,1,3,0,none,1,48130.01
TX08354,C0146,17604.98,CARD,failed,network_error,4,0,150,11,0,0.0,1,1,2,retry_payment,0,0.0
TX08355,C0896,19939.4,CARD,success,none,0,0,76,15,1,0.07,0,0,0,none,1,19939.4
TX08356,C1146,45946.38,NETBANKING,failed,insufficient_funds,1,0,394,15,8,0.53,1,1,0,send_reminder,0,0.0
TX08357,C1170,49601.25,CARD,success,none,0,0,144,6,4,0.67,0,0,0,none,1,49601.25
TX08358,C1825,41636.75,UPI,abandoned,checkout_dropoff,0,1,199,16,6,0.38,0,0,1,payment_link,0,0.0
TX08359,C1241,27455.78,UPI,success,none,0,0,22,9,5,0.56,0,0,0,none,1,27455.78
TX08360,C1229,14583.7,WALLET,failed,bank_error,1,0,521,20,4,0.2,0,0,1,payment_link,0,0.0
TX08361,C0722,13947.09,CARD,success,none,0,0,488,15,5,0.33,0,0,0,none,1,13947.09
TX08362,C1088,43200.28,NETBANKING,success,none,0,0,510,13,12,0.92,0,0,0,none,1,43200.28
TX08363,C2264,40948.38,NETBANKING,failed,timeout,4,0,324,18,9,0.5,0,0,2,retry_payment,0,0.0
TX08364,C2033,17597.7,WALLET,success,none,0,0,574,16,13,0.81,1,30,0,none,1,17597.7
TX08365,C0975,46824.41,UPI,success,none,0,0,459,3,0,0.0,1,0,0,none,1,46824.41
TX08366,C1376,38427.81,UPI,success,none,0,0,228,4,4,1.0,0,0,0,none,1,38427.81
TX08367,C1081,37274.15,NETBANKING,failed,technical_error,2,0,339,13,11,0.85,1,3,1,payment_link,0,0.0
TX08368,C1699,760.43,UPI,success,none,0,0,154,9,5,0.56,0,0,0,none,1,760.43
TX08369,C0974,36566.9,WALLET,success,none,0,0,154,15,7,0.47,1,3,0,none,1,36566.9
TX08370,C1366,41269.15,NETBANKING,abandoned,checkout_dropoff,2,1,86,18,9,0.5,1,0,2,send_reminder,0,0.0
TX08371,C1310,11299.89,UPI,success,none,0,0,369,9,9,1.0,1,0,0,none,1,11299.89
TX08372,C2099,23186.11,NETBANKING,success,none,0,0,359,1,0,0.0,0,0,0,none,1,23186.11
TX08373,C0643,36583.9,NETBANKING,success,none,0,0,567,12,10,0.83,1,30,0,none,1,36583.9
TX08374,C2110,4450.0,WALLET,failed,insufficient_funds,0,0,544,20,3,0.15,1,1,1,send_reminder,0,0.0
TX08375,C1729,30338.22,UPI,failed,technical_error,2,0,577,1,0,0.0,1,3,1,payment_link,0,0.0
TX08376,C2363,2384.51,UPI,failed,bank_error,3,0,519,17,4,0.24,0,0,0,payment_link,1,2384.51
TX08377,C2468,38916.29,CARD,success,none,0,0,521,9,9,1.0,1,30,0,none,1,38916.29
TX08378,C1211,22971.9,CARD,success,none,0,0,75,12,5,0.42,0,0,0,none,1,22971.9
TX08379,C1296,20424.68,NETBANKING,success,none,0,0,249,16,4,0.25,1,7,0,none,1,20424.68
TX08380,C0556,1918.97,CARD,success,none,0,0,424,2,1,0.5,0,0,0,none,1,1918.97
TX08381,C1697,42904.7,WALLET,success,none,0,0,501,6,4,0.67,1,0,0,none,1,42904.7
TX08382,C2128,45431.2,NETBANKING,success,none,0,0,40,12,0,0.0,1,0,0,none,1,45431.2
TX08383,C2441,38151.1,WALLET,success,none,0,0,211,20,5,0.25,0,0,0,none,1,38151.1
TX08384,C2183,26515.58,UPI,success,none,0,0,51,12,4,0.33,1,0,0,none,1,26515.58
TX08385,C1467,45985.37,UPI,failed,timeout,4,0,209,12,8,0.67,0,0,1,retry_payment,0,0.0
TX08386,C2238,44971.34,UPI,success,none,0,0,567,5,5,1.0,0,0,0,none,1,44971.34
TX08387,C1304,12702.48,CARD,success,none,0,0,154,9,4,0.44,0,0,0,none,1,12702.48
TX08388,C0495,4836.84,CARD,failed,timeout,2,0,404,5,5,1.0,1,0,2,retry_payment,0,0.0
TX08389,C1685,28069.9,NETBANKING,success,none,0,0,44,15,0,0.0,0,0,0,none,1,28069.9
TX08390,C0982,47219.35,NETBANKING,success,none,0,0,188,8,5,0.62,1,3,0,none,1,47219.35
TX08391,C1133,15462.25,UPI,success,none,0,0,123,2,2,1.0,1,0,0,none,1,15462.25
TX08392,C2088,44196.15,UPI,success,none,0,0,126,4,0,0.0,1,0,0,none,1,44196.15
TX08393,C1482,25593.12,WALLET,failed,insufficient_funds,4,0,412,1,0,0.0,0,0,2,send_reminder,1,25593.12
TX08394,C0685,47510.78,UPI,success,none,0,0,564,17,10,0.59,1,0,0,none,1,47510.78
TX08395,C0349,24593.98,CARD,success,none,0,0,140,13,1,0.08,0,0,0,none,1,24593.98
TX08396,C1531,28288.46,WALLET,success,none,0,0,425,1,1,1.0,0,0,0,none,1,28288.46
TX08397,C0747,22661.82,CARD,failed,network_error,0,0,60,17,8,0.47,1,0,0,retry_payment,0,0.0
TX08398,C0036,37346.96,CARD,success,none,0,0,124,18,16,0.89,0,0,0,none,1,37346.96
TX08399,C1136,37411.82,WALLET,success,none,0,0,300,19,9,0.47,1,1,0,none,1,37411.82
TX08400,C2421,45945.78,CARD,success,none,0,0,82,3,3,1.0,0,0,0,none,1,45945.78
TX08401,C1682,34773.29,NETBANKING,success,none,0,0,412,7,2,0.29,1,0,0,none,1,34773.29
TX08402,C0330,25743.1,CARD,success,none,0,0,460,17,14,0.82,1,1,0,none,1,25743.1
TX08403,C0613,14779.63,NETBANKING,success,none,0,0,336,3,3,1.0,1,15,0,none,1,14779.63
TX08404,C1746,11302.0,WALLET,failed,insufficient_funds,4,0,310,11,2,0.18,1,0,1,send_reminder,1,11302.0
TX08405,C0461,20769.86,CARD,failed,network_error,2,0,192,4,2,0.5,1,0,0,retry_payment,0,0.0
TX08406,C2121,1809.18,CARD,success,none,0,0,60,11,5,0.45,1,0,0,none,1,1809.18
TX08407,C0693,24331.98,NETBANKING,abandoned,checkout_dropoff,0,1,187,9,3,0.33,0,0,2,payment_link,0,0.0
TX08408,C1360,26525.76,CARD,success,none,0,0,497,20,0,0.0,1,1,0,none,1,26525.76
TX08409,C1577,46674.95,WALLET,success,none,0,0,260,13,10,0.77,1,0,0,none,1,46674.95
TX08410,C0794,15479.08,NETBANKING,success,none,0,0,560,11,10,0.91,0,0,0,none,1,15479.08
TX08411,C2494,49441.27,UPI,success,none,0,0,107,5,0,0.0,0,0,0,none,1,49441.27
TX08412,C0930,37147.68,CARD,failed,timeout,3,0,534,11,5,0.45,1,0,0,retry_payment,0,0.0
TX08413,C0317,37056.12,WALLET,abandoned,checkout_dropoff,4,1,27,1,0,0.0,0,0,2,payment_link,1,37056.12
TX08414,C0869,30309.14,CARD,success,none,0,0,329,4,3,0.75,1,3,0,none,1,30309.14
TX08415,C0089,8417.45,UPI,success,none,0,0,200,20,1,0.05,1,1,0,none,1,8417.45
TX08416,C0771,13937.36,UPI,success,none,0,0,480,5,2,0.4,0,0,0,none,1,13937.36
TX08417,C0536,6277.53,UPI,success,none,0,0,356,19,6,0.32,0,0,0,none,1,6277.53
TX08418,C1762,34466.89,NETBANKING,success,none,0,0,161,20,2,0.1,0,0,0,none,1,34466.89
TX08419,C1532,44821.69,NETBANKING,abandoned,checkout_dropoff,0,1,130,17,15,0.88,0,0,2,send_reminder,1,44821.69
TX08420,C0794,11679.26,UPI,success,none,0,0,452,3,1,0.33,1,30,0,none,1,11679.26
TX08421,C0474,5875.71,WALLET,success,none,0,0,367,12,4,0.33,0,0,0,none,1,5875.71
TX08422,C1878,27594.86,NETBANKING,abandoned,checkout_dropoff,3,1,412,8,4,0.5,0,0,0,send_reminder,1,27594.86
TX08423,C0456,45076.89,NETBANKING,success,none,0,0,186,7,7,1.0,0,0,0,none,1,45076.89
TX08424,C2351,11026.7,UPI,failed,insufficient_funds,3,0,295,4,1,0.25,1,0,0,send_reminder,0,0.0
TX08425,C1945,24114.15,UPI,failed,insufficient_funds,1,0,336,8,1,0.12,1,1,1,send_reminder,0,0.0
TX08426,C1897,45268.58,CARD,success,none,0,0,478,17,17,1.0,1,3,0,none,1,45268.58
TX08427,C2212,38963.9,CARD,failed,insufficient_funds,0,0,58,7,1,0.14,0,0,1,send_reminder,0,0.0
TX08428,C1161,25752.89,CARD,success,none,0,0,170,11,3,0.27,1,0,0,none,1,25752.89
TX08429,C2253,48798.64,CARD,failed,timeout,2,0,212,1,0,0.0,0,0,1,retry_payment,0,0.0
TX08430,C1379,28557.75,CARD,success,none,0,0,249,4,2,0.5,0,0,0,none,1,28557.75
TX08431,C0144,17982.94,UPI,success,none,0,0,353,2,2,1.0,1,30,0,none,1,17982.94
TX08432,C2323,24224.28,CARD,success,none,0,0,113,2,2,1.0,0,0,0,none,1,24224.28
TX08433,C2286,34773.83,WALLET,success,none,0,0,539,20,17,0.85,1,0,0,none,1,34773.83
TX08434,C0202,11190.53,UPI,success,none,0,0,236,5,0,0.0,0,0,0,none,1,11190.53
TX08435,C1636,1290.79,WALLET,success,none,0,0,242,16,8,0.5,1,15,0,none,1,1290.79
TX08436,C0691,20217.29,UPI,success,none,0,0,524,2,1,0.5,0,0,0,none,1,20217.29
TX08437,C1175,41919.41,WALLET,success,none,0,0,12,19,3,0.16,0,0,0,none,1,41919.41
TX08438,C0641,10963.39,CARD,success,none,0,0,526,2,1,0.5,1,15,0,none,1,10963.39
TX08439,C0009,470.42,UPI,failed,insufficient_funds,4,0,184,7,5,0.71,0,0,1,send_reminder,1,470.42
TX08440,C0862,47449.18,UPI,failed,timeout,4,0,511,17,1,0.06,1,0,0,retry_payment,0,0.0
TX08441,C0437,15005.58,NETBANKING,success,none,0,0,110,4,0,0.0,1,0,0,none,1,15005.58
TX08442,C1414,44257.31,CARD,failed,network_error,3,0,331,8,5,0.62,0,0,1,retry_payment,0,0.0
TX08443,C1203,34178.27,CARD,failed,technical_error,2,0,225,16,11,0.69,1,1,0,payment_link,1,34178.27
TX08444,C2252,9128.7,NETBANKING,success,none,0,0,591,3,2,0.67,1,15,0,none,1,9128.7
TX08445,C1633,5900.28,NETBANKING,failed,insufficient_funds,4,0,356,9,7,0.78,0,0,2,send_reminder,0,0.0
TX08446,C2327,12255.45,UPI,success,none,0,0,446,4,1,0.25,1,30,0,none,1,12255.45
TX08447,C0583,15043.99,WALLET,success,none,0,0,537,3,0,0.0,1,7,0,none,1,15043.99
TX08448,C0081,22570.3,WALLET,success,none,0,0,139,7,2,0.29,0,0,0,none,1,22570.3
TX08449,C1993,5767.22,NETBANKING,success,none,0,0,485,11,3,0.27,0,0,0,none,1,5767.22
TX08450,C0374,47317.12,WALLET,success,none,0,0,373,15,1,0.07,0,0,0,none,1,47317.12
TX08451,C1128,12399.69,UPI,success,none,0,0,463,13,7,0.54,0,0,0,none,1,12399.69
TX08452,C2096,6525.22,NETBANKING,success,none,0,0,154,18,7,0.39,0,0,0,none,1,6525.22
TX08453,C1038,8620.21,UPI,success,none,0,0,348,9,1,0.11,0,0,0,none,1,8620.21
TX08454,C2081,40127.0,NETBANKING,success,none,0,0,489,20,13,0.65,1,0,0,none,1,40127.0
TX08455,C0571,20663.54,CARD,failed,network_error,1,0,171,12,6,0.5,0,0,0,retry_payment,1,20663.54
TX08456,C1907,13876.32,NETBANKING,success,none,0,0,350,12,1,0.08,1,15,0,none,1,13876.32
TX08457,C0528,37379.08,WALLET,success,none,0,0,165,20,2,0.1,1,0,0,none,1,37379.08
TX08458,C1724,29500.62,NETBANKING,success,none,0,0,437,3,3,1.0,1,0,0,none,1,29500.62
TX08459,C2243,22681.31,CARD,success,none,0,0,348,5,0,0.0,1,0,0,none,1,22681.31
TX08460,C0077,13438.98,WALLET,success,none,0,0,216,15,2,0.13,1,0,0,none,1,13438.98
TX08461,C0248,9794.3,WALLET,success,none,0,0,124,16,8,0.5,0,0,0,none,1,9794.3
TX08462,C1673,23030.92,CARD,success,none,0,0,159,4,4,1.0,0,0,0,none,1,23030.92
TX08463,C1883,7770.78,WALLET,success,none,0,0,313,16,10,0.62,0,0,0,none,1,7770.78
TX08464,C0429,24057.77,NETBANKING,abandoned,checkout_dropoff,0,1,445,9,7,0.78,1,3,2,payment_link,0,0.0
TX08465,C0444,16656.62,NETBANKING,success,none,0,0,117,12,7,0.58,1,0,0,none,1,16656.62
TX08466,C1069,37822.68,CARD,success,none,0,0,150,18,5,0.28,0,0,0,none,1,37822.68
TX08467,C1793,26431.2,WALLET,abandoned,checkout_dropoff,1,1,264,11,3,0.27,1,3,2,payment_link,1,26431.2
TX08468,C0639,35604.49,WALLET,abandoned,checkout_dropoff,3,1,519,7,2,0.29,1,1,2,send_reminder,1,35604.49
TX08469,C0996,43464.71,NETBANKING,success,none,0,0,569,12,9,0.75,0,0,0,none,1,43464.71
TX08470,C1238,13160.12,CARD,failed,network_error,0,0,272,1,1,1.0,1,0,0,retry_payment,1,13160.12
TX08471,C0445,24567.18,NETBANKING,failed,timeout,4,0,278,19,10,0.53,0,0,1,retry_payment,0,0.0
TX08472,C1024,34265.25,WALLET,success,none,0,0,254,14,10,0.71,0,0,0,none,1,34265.25
TX08473,C1810,40839.74,CARD,failed,bank_error,3,0,300,1,1,1.0,1,1,1,payment_link,1,40839.74
TX08474,C0566,40645.18,UPI,success,none,0,0,505,5,2,0.4,1,0,0,none,1,40645.18
TX08475,C1612,16398.88,NETBANKING,success,none,0,0,229,20,16,0.8,1,3,0,none,1,16398.88
TX08476,C0890,403.0,WALLET,abandoned,checkout_dropoff,0,1,297,13,6,0.46,1,0,0,send_reminder,0,0.0
TX08477,C1682,36777.22,CARD,failed,technical_error,0,0,210,1,1,1.0,0,0,1,payment_link,1,36777.22
TX08478,C0107,47737.67,UPI,success,none,0,0,91,15,0,0.0,1,0,0,none,1,47737.67
TX08479,C0937,16027.06,UPI,failed,network_error,1,0,99,4,2,0.5,0,0,0,retry_payment,0,0.0
TX08480,C1288,15787.28,UPI,success,none,0,0,208,17,6,0.35,0,0,0,none,1,15787.28
TX08481,C2463,34507.51,WALLET,success,none,0,0,309,20,16,0.8,0,0,0,none,1,34507.51
TX08482,C1309,20503.61,CARD,success,none,0,0,491,2,0,0.0,1,0,0,none,1,20503.61
TX08483,C2396,11182.64,WALLET,success,none,0,0,150,11,7,0.64,1,15,0,none,1,11182.64
TX08484,C2230,40809.32,NETBANKING,abandoned,checkout_dropoff,1,1,425,9,3,0.33,1,15,2,send_reminder,0,0.0
TX08485,C2015,36755.49,CARD,success,none,0,0,143,4,3,0.75,0,0,0,none,1,36755.49
TX08486,C2473,41747.4,UPI,success,none,0,0,283,20,10,0.5,0,0,0,none,1,41747.4
TX08487,C1549,11049.87,NETBANKING,failed,insufficient_funds,2,0,53,11,11,1.0,0,0,1,send_reminder,0,0.0
TX08488,C1109,28230.79,UPI,success,none,0,0,354,4,0,0.0,1,0,0,none,1,28230.79
TX08489,C0043,4114.98,WALLET,failed,bank_error,3,0,594,1,1,1.0,1,0,0,payment_link,1,4114.98
TX08490,C2425,6511.4,WALLET,failed,technical_error,3,0,392,20,16,0.8,0,0,0,payment_link,1,6511.4
TX08491,C1935,35917.11,CARD,success,none,0,0,517,8,1,0.12,0,0,0,none,1,35917.11
TX08492,C1349,41369.41,WALLET,success,none,0,0,369,4,2,0.5,1,0,0,none,1,41369.41
TX08493,C1269,3190.07,CARD,success,none,0,0,507,9,1,0.11,1,7,0,none,1,3190.07
TX08494,C1857,12109.95,UPI,success,none,0,0,545,12,0,0.0,1,15,0,none,1,12109.95
TX08495,C1951,26673.93,CARD,failed,insufficient_funds,3,0,440,4,1,0.25,0,0,1,send_reminder,0,0.0
TX08496,C0202,42023.63,CARD,success,none,0,0,472,5,3,0.6,1,15,0,none,1,42023.63
TX08497,C0155,19021.18,WALLET,failed,network_error,4,0,548,15,1,0.07,1,30,2,retry_payment,0,0.0
TX08498,C0335,32343.0,UPI,success,none,0,0,205,1,0,0.0,1,3,0,none,1,32343.0
TX08499,C1486,32175.05,WALLET,success,none,0,0,205,5,5,1.0,0,0,0,none,1,32175.05
TX08500,C1467,2511.72,UPI,failed,timeout,2,0,232,13,5,0.38,1,3,1,retry_payment,0,0.0
TX08501,C1382,14089.31,NETBANKING,success,none,0,0,201,6,1,0.17,0,0,0,none,1,14089.31
TX08502,C1792,624.19,NETBANKING,success,none,0,0,314,15,4,0.27,1,1,0,none,1,624.19
TX08503,C0897,8040.56,UPI,failed,bank_error,4,0,379,19,12,0.63,0,0,1,payment_link,0,0.0
TX08504,C0145,47102.55,NETBANKING,failed,timeout,0,0,583,17,4,0.24,1,0,2,retry_payment,0,0.0
TX08505,C0059,46191.89,NETBANKING,success,none,0,0,197,12,4,0.33,1,0,0,none,1,46191.89
TX08506,C1742,10362.16,UPI,failed,insufficient_funds,2,0,561,10,0,0.0,1,0,1,send_reminder,0,0.0
TX08507,C1012,32062.18,WALLET,failed,technical_error,2,0,514,2,1,0.5,1,3,2,payment_link,1,32062.18
TX08508,C2340,20077.51,CARD,failed,network_error,3,0,379,16,1,0.06,1,0,0,retry_payment,0,0.0
TX08509,C2060,1656.49,CARD,failed,timeout,3,0,553,11,2,0.18,1,3,2,retry_payment,0,0.0
TX08510,C1094,15668.92,UPI,failed,timeout,2,0,206,12,11,0.92,0,0,1,retry_payment,0,0.0
TX08511,C0329,23365.95,UPI,success,none,0,0,140,5,0,0.0,0,0,0,none,1,23365.95
TX08512,C0492,22300.48,CARD,success,none,0,0,81,7,2,0.29,0,0,0,none,1,22300.48
TX08513,C0088,2476.91,UPI,success,none,0,0,316,1,1,1.0,1,1,0,none,1,2476.91
TX08514,C0126,11050.06,NETBANKING,success,none,0,0,39,12,7,0.58,1,0,0,none,1,11050.06
TX08515,C1093,5810.0,NETBANKING,success,none,0,0,189,6,3,0.5,1,0,0,none,1,5810.0
TX08516,C0720,37267.48,NETBANKING,abandoned,checkout_dropoff,2,1,411,3,0,0.0,0,0,2,payment_link,0,0.0
TX08517,C2056,27049.15,NETBANKING,success,none,0,0,490,5,0,0.0,0,0,0,none,1,27049.15
TX08518,C2095,10380.63,UPI,success,none,0,0,361,3,3,1.0,1,3,0,none,1,10380.63
TX08519,C0137,48531.6,WALLET,success,none,0,0,28,9,8,0.89,1,7,0,none,1,48531.6
TX08520,C2206,5084.79,CARD,success,none,0,0,297,3,1,0.33,0,0,0,none,1,5084.79
TX08521,C1353,2215.69,WALLET,failed,timeout,4,0,253,6,0,0.0,1,3,2,retry_payment,0,0.0
TX08522,C1129,18393.17,WALLET,failed,timeout,3,0,230,3,2,0.67,1,30,1,retry_payment,0,0.0
TX08523,C0026,13945.33,UPI,failed,insufficient_funds,0,0,439,14,9,0.64,1,0,0,send_reminder,0,0.0
TX08524,C2193,5112.83,UPI,failed,insufficient_funds,3,0,266,17,17,1.0,0,0,2,send_reminder,1,5112.83
TX08525,C2202,30061.66,UPI,success,none,0,0,485,16,7,0.44,0,0,0,none,1,30061.66
TX08526,C2367,28165.89,CARD,success,none,0,0,191,6,4,0.67,0,0,0,none,1,28165.89
TX08527,C0496,31834.75,UPI,success,none,0,0,368,5,1,0.2,1,3,0,none,1,31834.75
TX08528,C2155,15374.76,UPI,success,none,0,0,121,19,7,0.37,0,0,0,none,1,15374.76
TX08529,C0668,16690.62,UPI,success,none,0,0,105,17,11,0.65,0,0,0,none,1,16690.62
TX08530,C1638,15450.2,WALLET,failed,bank_error,1,0,34,7,6,0.86,0,0,0,payment_link,0,0.0
TX08531,C1191,28995.66,WALLET,success,none,0,0,218,15,8,0.53,1,0,0,none,1,28995.66
TX08532,C1666,33290.45,WALLET,failed,network_error,2,0,133,7,1,0.14,0,0,2,retry_payment,0,0.0
TX08533,C2478,39497.33,CARD,success,none,0,0,242,19,9,0.47,1,7,0,none,1,39497.33
TX08534,C2187,1993.16,UPI,success,none,0,0,40,14,7,0.5,0,0,0,none,1,1993.16
TX08535,C1479,41593.24,WALLET,success,none,0,0,555,11,6,0.55,0,0,0,none,1,41593.24
TX08536,C0259,1962.86,WALLET,failed,insufficient_funds,4,0,200,20,1,0.05,1,0,1,send_reminder,0,0.0
TX08537,C0865,6559.46,WALLET,success,none,0,0,213,2,1,0.5,1,0,0,none,1,6559.46
TX08538,C1461,37532.91,WALLET,success,none,0,0,218,16,0,0.0,0,0,0,none,1,37532.91
TX08539,C1104,15679.04,NETBANKING,abandoned,checkout_dropoff,4,1,226,3,3,1.0,0,0,2,send_reminder,0,0.0
TX08540,C0164,31287.85,CARD,success,none,0,0,516,15,5,0.33,1,3,0,none,1,31287.85
TX08541,C2440,7515.08,WALLET,success,none,0,0,312,12,3,0.25,0,0,0,none,1,7515.08
TX08542,C2169,7197.19,NETBANKING,abandoned,checkout_dropoff,2,1,534,2,0,0.0,1,0,0,send_reminder,0,0.0
TX08543,C2469,48323.96,CARD,success,none,0,0,39,18,13,0.72,1,0,0,none,1,48323.96
TX08544,C1902,8656.85,NETBANKING,failed,network_error,4,0,588,12,10,0.83,1,0,1,retry_payment,0,0.0
TX08545,C1419,10308.74,NETBANKING,success,none,0,0,547,12,2,0.17,0,0,0,none,1,10308.74
TX08546,C1201,20652.15,UPI,success,none,0,0,91,2,2,1.0,1,0,0,none,1,20652.15
TX08547,C1894,36864.12,NETBANKING,success,none,0,0,262,9,1,0.11,0,0,0,none,1,36864.12
TX08548,C0598,15443.41,WALLET,failed,bank_error,4,0,561,20,6,0.3,1,0,1,payment_link,0,0.0
TX08549,C1323,35896.3,NETBANKING,failed,technical_error,0,0,241,12,6,0.5,1,0,2,payment_link,0,0.0
TX08550,C1542,40437.02,NETBANKING,success,none,0,0,414,11,7,0.64,0,0,0,none,1,40437.02
TX08551,C1981,22565.19,NETBANKING,success,none,0,0,186,1,0,0.0,0,0,0,none,1,22565.19
TX08552,C0533,18518.62,WALLET,success,none,0,0,505,1,0,0.0,0,0,0,none,1,18518.62
TX08553,C1688,38503.6,WALLET,success,none,0,0,76,5,5,1.0,1,0,0,none,1,38503.6
TX08554,C1896,5662.86,WALLET,success,none,0,0,149,7,3,0.43,1,1,0,none,1,5662.86
TX08555,C0394,10840.19,UPI,failed,bank_error,3,0,82,12,1,0.08,0,0,0,payment_link,0,0.0
TX08556,C0598,21704.39,UPI,success,none,0,0,510,7,6,0.86,0,0,0,none,1,21704.39
TX08557,C2040,18876.89,CARD,success,none,0,0,315,6,0,0.0,1,0,0,none,1,18876.89
TX08558,C0732,5258.9,UPI,abandoned,checkout_dropoff,2,1,89,13,10,0.77,1,30,1,send_reminder,0,0.0
TX08559,C2133,26971.25,NETBANKING,success,none,0,0,256,5,1,0.2,0,0,0,none,1,26971.25
TX08560,C1833,48809.04,NETBANKING,failed,insufficient_funds,4,0,491,9,1,0.11,1,0,0,send_reminder,1,48809.04
TX08561,C0395,49369.42,WALLET,success,none,0,0,326,17,16,0.94,0,0,0,none,1,49369.42
TX08562,C1554,4445.42,WALLET,success,none,0,0,261,17,7,0.41,1,7,0,none,1,4445.42
TX08563,C1166,24507.97,CARD,abandoned,checkout_dropoff,2,1,552,12,6,0.5,1,0,2,send_reminder,1,24507.97
TX08564,C1738,15935.11,NETBANKING,success,none,0,0,15,11,9,0.82,0,0,0,none,1,15935.11
TX08565,C0777,10238.39,CARD,success,none,0,0,439,19,3,0.16,0,0,0,none,1,10238.39
TX08566,C0103,20927.87,CARD,success,none,0,0,196,20,4,0.2,1,0,0,none,1,20927.87
TX08567,C1047,40830.26,CARD,failed,timeout,0,0,521,2,1,0.5,1,0,0,retry_payment,1,40830.26
TX08568,C1496,39713.16,WALLET,success,none,0,0,510,2,0,0.0,1,15,0,none,1,39713.16
TX08569,C2077,3568.69,CARD,success,none,0,0,91,4,0,0.0,0,0,0,none,1,3568.69
TX08570,C2192,44114.68,CARD,abandoned,checkout_dropoff,3,1,567,10,0,0.0,1,1,1,payment_link,0,0.0
TX08571,C1504,30192.33,WALLET,success,none,0,0,571,19,17,0.89,0,0,0,none,1,30192.33
TX08572,C0238,27468.89,CARD,success,none,0,0,335,11,0,0.0,0,0,0,none,1,27468.89
TX08573,C0387,21686.55,CARD,failed,technical_error,1,0,222,12,9,0.75,1,0,1,payment_link,1,21686.55
TX08574,C0297,6789.52,CARD,failed,insufficient_funds,1,0,516,14,10,0.71,1,1,2,send_reminder,0,0.0
TX08575,C0596,33664.31,UPI,failed,insufficient_funds,1,0,26,15,2,0.13,0,0,2,send_reminder,1,33664.31
TX08576,C1420,21061.49,CARD,success,none,0,0,545,2,2,1.0,1,0,0,none,1,21061.49
TX08577,C2039,48089.59,NETBANKING,success,none,0,0,219,6,1,0.17,0,0,0,none,1,48089.59
TX08578,C0771,1841.31,WALLET,failed,bank_error,1,0,162,18,7,0.39,0,0,0,payment_link,0,0.0
TX08579,C1273,28787.98,UPI,success,none,0,0,315,9,0,0.0,1,30,0,none,1,28787.98
TX08580,C1889,7088.16,CARD,success,none,0,0,130,12,9,0.75,0,0,0,none,1,7088.16
TX08581,C2304,8289.77,NETBANKING,success,none,0,0,261,17,5,0.29,1,7,0,none,1,8289.77
TX08582,C2458,22165.31,WALLET,success,none,0,0,90,15,10,0.67,1,3,0,none,1,22165.31
TX08583,C0368,12272.5,UPI,success,none,0,0,387,3,0,0.0,0,0,0,none,1,12272.5
TX08584,C0127,2108.73,UPI,abandoned,checkout_dropoff,2,1,575,19,19,1.0,0,0,1,payment_link,0,0.0
TX08585,C1048,39527.38,NETBANKING,failed,bank_error,2,0,599,9,1,0.11,1,3,1,payment_link,1,39527.38
TX08586,C1264,41263.37,WALLET,success,none,0,0,26,15,6,0.4,1,0,0,none,1,41263.37
TX08587,C1285,33880.83,UPI,failed,timeout,0,0,105,6,4,0.67,1,1,0,retry_payment,0,0.0
TX08588,C1214,37468.6,UPI,success,none,0,0,150,10,10,1.0,0,0,0,none,1,37468.6
TX08589,C2024,17787.03,CARD,success,none,0,0,478,7,3,0.43,0,0,0,none,1,17787.03
TX08590,C1821,13245.22,NETBANKING,success,none,0,0,372,14,2,0.14,1,0,0,none,1,13245.22
TX08591,C1943,48557.71,WALLET,success,none,0,0,211,6,0,0.0,1,0,0,none,1,48557.71
TX08592,C0835,10412.85,WALLET,success,none,0,0,333,14,10,0.71,0,0,0,none,1,10412.85
TX08593,C1850,8654.5,UPI,success,none,0,0,332,3,3,1.0,1,0,0,none,1,8654.5
TX08594,C0263,16530.92,WALLET,abandoned,checkout_dropoff,4,1,159,15,7,0.47,0,0,0,send_reminder,1,16530.92
TX08595,C1255,8348.39,WALLET,success,none,0,0,544,20,16,0.8,0,0,0,none,1,8348.39
TX08596,C0901,34871.99,WALLET,success,none,0,0,272,5,4,0.8,0,0,0,none,1,34871.99
TX08597,C0806,49570.43,NETBANKING,failed,bank_error,4,0,68,15,3,0.2,0,0,2,payment_link,0,0.0
TX08598,C0977,1730.74,NETBANKING,success,none,0,0,22,1,1,1.0,0,0,0,none,1,1730.74
TX08599,C0922,40282.59,NETBANKING,failed,insufficient_funds,2,0,273,9,0,0.0,1,0,1,send_reminder,0,0.0
TX08600,C1153,31703.91,WALLET,success,none,0,0,355,9,8,0.89,0,0,0,none,1,31703.91
TX08601,C0187,18007.09,CARD,failed,bank_error,4,0,269,10,9,0.9,0,0,2,payment_link,1,18007.09
TX08602,C2334,26045.6,CARD,failed,bank_error,1,0,99,12,3,0.25,0,0,0,payment_link,0,0.0
TX08603,C0885,12322.3,UPI,success,none,0,0,435,4,3,0.75,0,0,0,none,1,12322.3
TX08604,C1621,32011.52,NETBANKING,abandoned,checkout_dropoff,0,1,536,2,1,0.5,1,0,0,payment_link,0,0.0
TX08605,C2270,48497.09,WALLET,success,none,0,0,72,10,0,0.0,0,0,0,none,1,48497.09
TX08606,C0687,24506.61,CARD,success,none,0,0,64,8,8,1.0,0,0,0,none,1,24506.61
TX08607,C1512,44232.2,CARD,success,none,0,0,240,3,2,0.67,1,1,0,none,1,44232.2
TX08608,C0966,22905.94,UPI,abandoned,checkout_dropoff,4,1,558,11,7,0.64,1,0,0,send_reminder,1,22905.94
TX08609,C0880,9595.88,WALLET,failed,network_error,3,0,208,12,9,0.75,0,0,1,retry_payment,0,0.0
TX08610,C1796,32026.79,UPI,success,none,0,0,113,15,10,0.67,0,0,0,none,1,32026.79
TX08611,C2160,5129.22,NETBANKING,success,none,0,0,148,4,3,0.75,0,0,0,none,1,5129.22
TX08612,C0525,47483.37,WALLET,success,none,0,0,171,4,0,0.0,1,0,0,none,1,47483.37
TX08613,C1112,23846.2,CARD,abandoned,checkout_dropoff,2,1,96,17,3,0.18,0,0,2,payment_link,0,0.0
TX08614,C1541,37997.36,WALLET,failed,technical_error,1,0,342,7,6,0.86,0,0,2,payment_link,0,0.0
TX08615,C2127,4971.76,NETBANKING,success,none,0,0,548,13,7,0.54,1,0,0,none,1,4971.76
TX08616,C0305,1704.5,UPI,failed,bank_error,1,0,175,1,1,1.0,1,30,1,payment_link,1,1704.5
TX08617,C0873,4504.21,NETBANKING,success,none,0,0,164,18,10,0.56,0,0,0,none,1,4504.21
TX08618,C1663,49719.88,UPI,success,none,0,0,164,1,0,0.0,0,0,0,none,1,49719.88
TX08619,C0046,11925.15,WALLET,success,none,0,0,345,18,1,0.06,0,0,0,none,1,11925.15
TX08620,C1958,11639.78,WALLET,success,none,0,0,471,20,6,0.3,0,0,0,none,1,11639.78
TX08621,C1420,44391.63,CARD,success,none,0,0,493,10,10,1.0,1,1,0,none,1,44391.63
TX08622,C2135,17113.85,WALLET,failed,bank_error,2,0,497,10,4,0.4,0,0,1,payment_link,1,17113.85
TX08623,C0635,47991.09,CARD,success,none,0,0,115,9,2,0.22,0,0,0,none,1,47991.09
TX08624,C2364,30762.34,UPI,success,none,0,0,441,17,13,0.76,0,0,0,none,1,30762.34
TX08625,C0463,5003.85,CARD,success,none,0,0,448,10,8,0.8,1,3,0,none,1,5003.85
TX08626,C0139,18982.14,WALLET,failed,bank_error,4,0,298,5,4,0.8,0,0,1,payment_link,1,18982.14
TX08627,C2415,32409.01,NETBANKING,success,none,0,0,29,2,0,0.0,0,0,0,none,1,32409.01
TX08628,C0924,45398.4,UPI,success,none,0,0,107,19,4,0.21,1,1,0,none,1,45398.4
TX08629,C1188,20291.1,CARD,success,none,0,0,183,19,14,0.74,0,0,0,none,1,20291.1
TX08630,C2344,39752.5,NETBANKING,success,none,0,0,167,16,9,0.56,0,0,0,none,1,39752.5
TX08631,C0824,11523.79,CARD,failed,bank_error,1,0,549,7,0,0.0,1,3,2,payment_link,0,0.0
TX08632,C1071,40828.45,UPI,failed,network_error,2,0,404,7,3,0.43,1,0,0,retry_payment,0,0.0
TX08633,C0006,11817.51,NETBANKING,failed,bank_error,0,0,78,7,3,0.43,0,0,1,payment_link,1,11817.51
TX08634,C0613,8652.9,NETBANKING,failed,network_error,4,0,177,10,3,0.3,0,0,1,retry_payment,0,0.0
TX08635,C1574,17094.94,NETBANKING,failed,insufficient_funds,3,0,310,12,5,0.42,1,1,0,send_reminder,0,0.0
TX08636,C0799,20057.49,NETBANKING,success,none,0,0,261,4,2,0.5,1,0,0,none,1,20057.49
TX08637,C1232,23529.88,WALLET,success,none,0,0,311,8,2,0.25,1,0,0,none,1,23529.88
TX08638,C0632,40713.93,WALLET,success,none,0,0,256,6,0,0.0,1,0,0,none,1,40713.93
TX08639,C0371,7853.95,WALLET,failed,insufficient_funds,1,0,495,19,13,0.68,1,0,1,send_reminder,0,0.0
TX08640,C0820,9616.88,WALLET,abandoned,checkout_dropoff,2,1,119,15,9,0.6,0,0,1,send_reminder,0,0.0
TX08641,C1687,30451.74,UPI,abandoned,checkout_dropoff,0,1,438,10,2,0.2,0,0,0,send_reminder,1,30451.74
TX08642,C1919,15915.03,UPI,failed,technical_error,3,0,531,10,2,0.2,1,0,0,payment_link,0,0.0
TX08643,C1773,17106.93,WALLET,success,none,0,0,88,3,3,1.0,1,0,0,none,1,17106.93
TX08644,C2015,42973.81,WALLET,success,none,0,0,231,3,3,1.0,0,0,0,none,1,42973.81
TX08645,C1915,30745.14,UPI,success,none,0,0,398,19,19,1.0,1,0,0,none,1,30745.14
TX08646,C1381,39300.76,UPI,success,none,0,0,164,18,4,0.22,1,0,0,none,1,39300.76
TX08647,C1859,16761.28,WALLET,abandoned,checkout_dropoff,3,1,583,1,0,0.0,1,0,1,send_reminder,0,0.0
TX08648,C1117,18683.6,UPI,failed,technical_error,2,0,335,19,11,0.58,0,0,2,payment_link,0,0.0
TX08649,C2161,7754.05,NETBANKING,success,none,0,0,379,14,4,0.29,1,15,0,none,1,7754.05
TX08650,C2485,17873.07,WALLET,success,none,0,0,229,1,1,1.0,1,0,0,none,1,17873.07
TX08651,C1207,11170.62,WALLET,failed,insufficient_funds,2,0,241,16,9,0.56,1,1,2,send_reminder,0,0.0
TX08652,C1941,37215.33,WALLET,success,none,0,0,218,17,8,0.47,0,0,0,none,1,37215.33
TX08653,C1758,29128.87,UPI,failed,technical_error,3,0,157,18,18,1.0,1,1,0,payment_link,1,29128.87
TX08654,C0886,16961.47,UPI,failed,timeout,3,0,154,13,12,0.92,1,0,1,retry_payment,0,0.0
TX08655,C2294,47004.42,UPI,success,none,0,0,220,14,12,0.86,1,0,0,none,1,47004.42
TX08656,C0427,22967.32,CARD,success,none,0,0,34,6,1,0.17,0,0,0,none,1,22967.32
TX08657,C0967,30287.0,CARD,success,none,0,0,103,9,5,0.56,0,0,0,none,1,30287.0
TX08658,C0319,41217.41,WALLET,success,none,0,0,314,10,0,0.0,0,0,0,none,1,41217.41
TX08659,C0130,11553.57,CARD,failed,insufficient_funds,3,0,175,10,2,0.2,1,0,2,send_reminder,1,11553.57
TX08660,C1709,47241.2,UPI,success,none,0,0,561,2,2,1.0,0,0,0,none,1,47241.2
TX08661,C0827,46449.99,UPI,success,none,0,0,591,20,5,0.25,1,0,0,none,1,46449.99
TX08662,C2374,45131.44,NETBANKING,success,none,0,0,269,6,1,0.17,1,0,0,none,1,45131.44
TX08663,C2181,5921.31,WALLET,failed,timeout,3,0,13,4,0,0.0,0,0,2,retry_payment,0,0.0
TX08664,C0173,41980.77,NETBANKING,abandoned,checkout_dropoff,4,1,316,19,1,0.05,1,0,2,send_reminder,0,0.0
TX08665,C2142,25461.65,NETBANKING,success,none,0,0,80,6,6,1.0,0,0,0,none,1,25461.65
TX08666,C0765,47612.62,CARD,success,none,0,0,529,4,0,0.0,1,0,0,none,1,47612.62
TX08667,C2107,28400.84,UPI,failed,technical_error,2,0,463,7,1,0.14,0,0,1,payment_link,1,28400.84
TX08668,C0363,16579.26,CARD,success,none,0,0,281,5,4,0.8,1,0,0,none,1,16579.26
TX08669,C1918,6011.96,UPI,success,none,0,0,202,13,8,0.62,0,0,0,none,1,6011.96
TX08670,C2262,39130.26,WALLET,success,none,0,0,73,18,18,1.0,1,0,0,none,1,39130.26
TX08671,C2387,15600.4,CARD,abandoned,checkout_dropoff,2,1,146,19,2,0.11,1,0,0,payment_link,0,0.0
TX08672,C0590,24971.23,WALLET,success,none,0,0,585,9,3,0.33,0,0,0,none,1,24971.23
TX08673,C0446,8449.67,UPI,success,none,0,0,565,13,12,0.92,0,0,0,none,1,8449.67
TX08674,C1029,12427.09,WALLET,success,none,0,0,587,11,7,0.64,0,0,0,none,1,12427.09
TX08675,C1164,6002.12,NETBANKING,success,none,0,0,443,9,2,0.22,0,0,0,none,1,6002.12
TX08676,C0297,49651.26,WALLET,failed,insufficient_funds,1,0,135,20,13,0.65,0,0,1,send_reminder,0,0.0
TX08677,C0324,37881.29,WALLET,success,none,0,0,589,17,12,0.71,0,0,0,none,1,37881.29
TX08678,C1825,26947.53,WALLET,abandoned,checkout_dropoff,4,1,97,6,2,0.33,0,0,2,send_reminder,1,26947.53
TX08679,C2399,47338.4,WALLET,success,none,0,0,285,17,7,0.41,1,7,0,none,1,47338.4
TX08680,C0358,20005.32,WALLET,failed,insufficient_funds,0,0,227,11,1,0.09,1,0,2,send_reminder,1,20005.32
TX08681,C1941,14768.69,NETBANKING,success,none,0,0,542,8,4,0.5,0,0,0,none,1,14768.69
TX08682,C0350,4233.6,NETBANKING,success,none,0,0,420,10,5,0.5,0,0,0,none,1,4233.6
TX08683,C0873,15116.39,NETBANKING,success,none,0,0,165,9,0,0.0,0,0,0,none,1,15116.39
TX08684,C0924,25947.57,NETBANKING,success,none,0,0,582,14,14,1.0,1,0,0,none,1,25947.57
TX08685,C1173,26141.35,UPI,failed,insufficient_funds,1,0,167,18,5,0.28,1,1,0,send_reminder,1,26141.35
TX08686,C0583,11361.15,CARD,abandoned,checkout_dropoff,4,1,529,6,2,0.33,1,1,1,payment_link,1,11361.15
TX08687,C0132,18934.71,NETBANKING,failed,network_error,0,0,14,13,7,0.54,1,0,0,retry_payment,0,0.0
TX08688,C2347,30590.39,CARD,success,none,0,0,120,3,0,0.0,1,3,0,none,1,30590.39
TX08689,C0600,41480.12,CARD,failed,network_error,2,0,390,13,4,0.31,0,0,2,retry_payment,0,0.0
TX08690,C2392,32877.54,CARD,success,none,0,0,476,1,1,1.0,0,0,0,none,1,32877.54
TX08691,C1225,30658.67,CARD,success,none,0,0,346,14,1,0.07,0,0,0,none,1,30658.67
TX08692,C0412,29914.35,WALLET,failed,bank_error,2,0,266,16,1,0.06,1,1,2,payment_link,1,29914.35
TX08693,C2426,40038.19,NETBANKING,success,none,0,0,140,12,1,0.08,0,0,0,none,1,40038.19
TX08694,C0496,42903.18,UPI,success,none,0,0,426,12,11,0.92,1,0,0,none,1,42903.18
TX08695,C2333,883.72,UPI,success,none,0,0,319,7,0,0.0,1,1,0,none,1,883.72
TX08696,C2223,15293.14,UPI,success,none,0,0,294,9,1,0.11,1,0,0,none,1,15293.14
TX08697,C0943,47568.56,UPI,failed,bank_error,2,0,43,7,6,0.86,0,0,0,payment_link,1,47568.56
TX08698,C1925,32476.94,CARD,success,none,0,0,115,16,13,0.81,0,0,0,none,1,32476.94
TX08699,C0674,45880.09,NETBANKING,success,none,0,0,422,8,5,0.62,1,1,0,none,1,45880.09
TX08700,C2228,23085.63,NETBANKING,success,none,0,0,597,19,3,0.16,0,0,0,none,1,23085.63
TX08701,C0233,40987.54,CARD,failed,network_error,3,0,450,16,1,0.06,0,0,0,retry_payment,0,0.0
TX08702,C0944,27238.43,CARD,failed,network_error,4,0,207,10,0,0.0,0,0,0,retry_payment,0,0.0
TX08703,C1921,2529.1,WALLET,success,none,0,0,53,1,0,0.0,0,0,0,none,1,2529.1
TX08704,C1539,2619.24,UPI,success,none,0,0,429,3,1,0.33,1,0,0,none,1,2619.24
TX08705,C0917,47231.66,NETBANKING,failed,insufficient_funds,3,0,528,17,13,0.76,0,0,0,send_reminder,1,47231.66
TX08706,C1042,24236.21,WALLET,success,none,0,0,298,14,2,0.14,1,1,0,none,1,24236.21
TX08707,C2386,24710.05,WALLET,success,none,0,0,440,5,0,0.0,1,7,0,none,1,24710.05
TX08708,C1369,1754.84,WALLET,success,none,0,0,144,8,6,0.75,0,0,0,none,1,1754.84
TX08709,C2141,11960.63,NETBANKING,abandoned,checkout_dropoff,1,1,226,19,2,0.11,1,0,2,send_reminder,0,0.0
TX08710,C0127,7066.49,WALLET,success,none,0,0,571,19,5,0.26,0,0,0,none,1,7066.49
TX08711,C0995,38535.79,CARD,success,none,0,0,479,19,19,1.0,0,0,0,none,1,38535.79
TX08712,C0564,12171.89,WALLET,success,none,0,0,365,7,3,0.43,1,0,0,none,1,12171.89
TX08713,C1227,29263.75,NETBANKING,failed,timeout,2,0,450,16,3,0.19,1,0,0,retry_payment,0,0.0
TX08714,C1245,46639.75,CARD,failed,timeout,2,0,103,14,1,0.07,1,0,0,retry_payment,0,0.0
TX08715,C1295,12365.39,NETBANKING,success,none,0,0,159,7,1,0.14,0,0,0,none,1,12365.39
TX08716,C0930,47374.06,CARD,success,none,0,0,300,7,4,0.57,1,0,0,none,1,47374.06
TX08717,C1234,26716.02,WALLET,success,none,0,0,105,11,3,0.27,1,3,0,none,1,26716.02
TX08718,C0923,35117.27,CARD,success,none,0,0,76,13,0,0.0,1,15,0,none,1,35117.27
TX08719,C1584,8521.34,UPI,success,none,0,0,44,20,10,0.5,0,0,0,none,1,8521.34
TX08720,C0313,38222.89,CARD,success,none,0,0,382,6,3,0.5,0,0,0,none,1,38222.89
TX08721,C1502,13194.34,NETBANKING,success,none,0,0,39,3,1,0.33,1,0,0,none,1,13194.34
TX08722,C1059,30095.1,NETBANKING,failed,insufficient_funds,3,0,98,12,9,0.75,1,7,2,send_reminder,0,0.0
TX08723,C0327,41504.43,CARD,success,none,0,0,277,14,1,0.07,1,0,0,none,1,41504.43
TX08724,C0316,10937.98,WALLET,failed,insufficient_funds,3,0,120,3,2,0.67,1,0,1,send_reminder,0,0.0
TX08725,C2305,47421.34,WALLET,failed,technical_error,0,0,209,4,1,0.25,0,0,2,payment_link,0,0.0
TX08726,C2279,39624.79,WALLET,abandoned,checkout_dropoff,3,1,398,17,7,0.41,1,0,2,send_reminder,1,39624.79
TX08727,C0780,14283.82,WALLET,failed,network_error,4,0,149,13,3,0.23,0,0,2,retry_payment,0,0.0
TX08728,C0787,2085.74,UPI,abandoned,checkout_dropoff,2,1,542,5,1,0.2,0,0,1,payment_link,1,2085.74
TX08729,C1582,11286.06,UPI,success,none,0,0,377,11,9,0.82,1,30,0,none,1,11286.06
TX08730,C0358,44663.07,UPI,success,none,0,0,593,2,2,1.0,0,0,0,none,1,44663.07
TX08731,C0259,8734.7,UPI,success,none,0,0,22,18,5,0.28,1,0,0,none,1,8734.7
TX08732,C1760,40891.12,CARD,failed,technical_error,2,0,433,16,11,0.69,1,1,1,payment_link,1,40891.12
TX08733,C0738,1771.59,NETBANKING,success,none,0,0,167,6,3,0.5,1,0,0,none,1,1771.59
TX08734,C1242,14509.21,NETBANKING,failed,technical_error,3,0,44,4,3,0.75,0,0,2,payment_link,0,0.0
TX08735,C2258,25265.63,NETBANKING,failed,insufficient_funds,4,0,83,13,12,0.92,1,1,1,send_reminder,0,0.0
TX08736,C2423,3336.47,NETBANKING,success,none,0,0,400,17,12,0.71,0,0,0,none,1,3336.47
TX08737,C1420,9230.82,WALLET,success,none,0,0,291,20,18,0.9,1,0,0,none,1,9230.82
TX08738,C0168,26040.3,CARD,success,none,0,0,70,1,0,0.0,1,15,0,none,1,26040.3
TX08739,C1050,7981.53,UPI,abandoned,checkout_dropoff,2,1,212,6,1,0.17,0,0,2,send_reminder,1,7981.53
TX08740,C1898,14543.54,NETBANKING,success,none,0,0,17,4,0,0.0,1,1,0,none,1,14543.54
TX08741,C2332,31548.98,UPI,success,none,0,0,391,16,6,0.38,1,1,0,none,1,31548.98
TX08742,C0668,27134.61,UPI,success,none,0,0,413,14,7,0.5,1,0,0,none,1,27134.61
TX08743,C1209,30347.58,CARD,success,none,0,0,121,13,4,0.31,1,0,0,none,1,30347.58
TX08744,C2023,32508.94,UPI,failed,timeout,4,0,486,6,6,1.0,0,0,2,retry_payment,0,0.0
TX08745,C2049,46142.82,NETBANKING,success,none,0,0,586,17,1,0.06,1,0,0,none,1,46142.82
TX08746,C1464,16100.5,NETBANKING,success,none,0,0,379,8,0,0.0,0,0,0,none,1,16100.5
TX08747,C1161,21490.64,WALLET,failed,technical_error,1,0,35,9,0,0.0,0,0,1,payment_link,1,21490.64
TX08748,C0866,18883.17,WALLET,success,none,0,0,520,6,4,0.67,0,0,0,none,1,18883.17
TX08749,C1693,25324.24,WALLET,success,none,0,0,150,17,17,1.0,1,0,0,none,1,25324.24
TX08750,C1276,6526.36,CARD,success,none,0,0,440,1,0,0.0,1,1,0,none,1,6526.36
TX08751,C2278,25681.48,WALLET,success,none,0,0,516,18,15,0.83,0,0,0,none,1,25681.48
TX08752,C1531,29765.6,NETBANKING,failed,insufficient_funds,3,0,257,9,2,0.22,1,15,1,send_reminder,0,0.0
TX08753,C1745,7975.4,UPI,abandoned,checkout_dropoff,3,1,359,5,3,0.6,0,0,2,send_reminder,0,0.0
TX08754,C1558,16308.19,CARD,success,none,0,0,531,2,0,0.0,0,0,0,none,1,16308.19
TX08755,C2044,35447.63,WALLET,abandoned,checkout_dropoff,3,1,448,16,3,0.19,1,0,2,payment_link,0,0.0
TX08756,C1797,44489.59,NETBANKING,success,none,0,0,359,15,14,0.93,1,1,0,none,1,44489.59
TX08757,C1569,19158.37,UPI,failed,network_error,1,0,469,7,1,0.14,0,0,1,retry_payment,1,19158.37
TX08758,C1360,49360.06,CARD,abandoned,checkout_dropoff,2,1,584,11,7,0.64,0,0,0,send_reminder,0,0.0
TX08759,C1082,47614.72,UPI,success,none,0,0,96,4,4,1.0,0,0,0,none,1,47614.72
TX08760,C1641,14452.54,WALLET,success,none,0,0,459,15,9,0.6,1,7,0,none,1,14452.54
TX08761,C1908,14476.91,CARD,failed,network_error,2,0,49,7,1,0.14,0,0,1,retry_payment,0,0.0
TX08762,C0967,18994.19,CARD,success,none,0,0,113,14,11,0.79,1,3,0,none,1,18994.19
TX08763,C1897,4328.83,UPI,success,none,0,0,413,19,8,0.42,1,1,0,none,1,4328.83
TX08764,C2258,35561.07,UPI,success,none,0,0,211,19,4,0.21,1,30,0,none,1,35561.07
TX08765,C2227,5311.54,WALLET,success,none,0,0,373,6,3,0.5,1,15,0,none,1,5311.54
TX08766,C2358,209.95,CARD,success,none,0,0,35,10,5,0.5,0,0,0,none,1,209.95
TX08767,C0702,29400.48,WALLET,failed,timeout,0,0,434,15,2,0.13,1,0,0,retry_payment,1,29400.48
TX08768,C0420,25278.62,UPI,success,none,0,0,464,7,5,0.71,1,15,0,none,1,25278.62
TX08769,C2021,25804.97,NETBANKING,failed,bank_error,3,0,74,1,1,1.0,0,0,2,payment_link,0,0.0
TX08770,C2194,10335.71,WALLET,abandoned,checkout_dropoff,3,1,568,20,8,0.4,0,0,1,send_reminder,0,0.0
TX08771,C1950,29719.46,UPI,success,none,0,0,571,10,7,0.7,1,0,0,none,1,29719.46
TX08772,C2361,28791.13,WALLET,success,none,0,0,264,7,4,0.57,1,15,0,none,1,28791.13
TX08773,C0299,34698.99,UPI,failed,technical_error,0,0,67,6,0,0.0,0,0,1,payment_link,0,0.0
TX08774,C1059,5656.34,UPI,success,none,0,0,312,15,8,0.53,1,0,0,none,1,5656.34
TX08775,C2309,28672.14,WALLET,success,none,0,0,557,16,13,0.81,0,0,0,none,1,28672.14
TX08776,C2281,8227.16,WALLET,success,none,0,0,465,3,3,1.0,1,7,0,none,1,8227.16
TX08777,C0273,43443.09,CARD,success,none,0,0,506,16,6,0.38,0,0,0,none,1,43443.09
TX08778,C1352,41748.6,CARD,failed,timeout,0,0,376,20,0,0.0,1,7,2,retry_payment,0,0.0
TX08779,C0387,37063.46,CARD,success,none,0,0,117,11,11,1.0,0,0,0,none,1,37063.46
TX08780,C1585,10748.24,NETBANKING,success,none,0,0,175,18,10,0.56,0,0,0,none,1,10748.24
TX08781,C0794,38074.91,UPI,failed,timeout,0,0,132,11,9,0.82,1,0,2,retry_payment,1,38074.91
TX08782,C0863,14598.1,UPI,failed,technical_error,3,0,313,3,3,1.0,1,0,2,payment_link,1,14598.1
TX08783,C2248,30654.52,CARD,failed,timeout,4,0,520,20,12,0.6,1,1,2,retry_payment,0,0.0
TX08784,C2029,39166.25,NETBANKING,success,none,0,0,514,5,2,0.4,0,0,0,none,1,39166.25
TX08785,C1779,37155.73,NETBANKING,success,none,0,0,385,14,3,0.21,1,0,0,none,1,37155.73
TX08786,C2095,34144.81,WALLET,success,none,0,0,360,14,1,0.07,0,0,0,none,1,34144.81
TX08787,C0038,26705.85,CARD,success,none,0,0,88,19,11,0.58,0,0,0,none,1,26705.85
TX08788,C1436,48426.28,UPI,abandoned,checkout_dropoff,3,1,470,5,0,0.0,1,0,2,payment_link,1,48426.28
TX08789,C1994,40935.24,NETBANKING,success,none,0,0,591,19,15,0.79,1,0,0,none,1,40935.24
TX08790,C1490,11791.88,CARD,success,none,0,0,276,14,10,0.71,0,0,0,none,1,11791.88
TX08791,C2311,24623.6,CARD,success,none,0,0,60,3,1,0.33,1,30,0,none,1,24623.6
TX08792,C0490,46205.27,UPI,success,none,0,0,239,17,7,0.41,0,0,0,none,1,46205.27
TX08793,C0904,4361.93,CARD,success,none,0,0,469,20,14,0.7,1,7,0,none,1,4361.93
TX08794,C1391,8809.75,WALLET,failed,technical_error,3,0,197,10,2,0.2,0,0,1,payment_link,1,8809.75
TX08795,C1648,11104.43,CARD,success,none,0,0,47,14,6,0.43,1,0,0,none,1,11104.43
TX08796,C0835,34724.44,WALLET,success,none,0,0,266,8,3,0.38,0,0,0,none,1,34724.44
TX08797,C1755,37164.2,NETBANKING,failed,insufficient_funds,2,0,566,5,3,0.6,0,0,1,send_reminder,0,0.0
TX08798,C1059,27561.73,UPI,success,none,0,0,106,9,9,1.0,1,7,0,none,1,27561.73
TX08799,C0397,1556.21,CARD,failed,technical_error,4,0,161,20,4,0.2,1,1,0,payment_link,1,1556.21
TX08800,C2406,13545.15,CARD,success,none,0,0,360,12,6,0.5,0,0,0,none,1,13545.15
TX08801,C0577,42640.48,NETBANKING,success,none,0,0,531,17,16,0.94,1,1,0,none,1,42640.48
TX08802,C2091,6678.82,UPI,abandoned,checkout_dropoff,2,1,70,5,1,0.2,0,0,2,send_reminder,1,6678.82
TX08803,C1025,31006.22,UPI,success,none,0,0,486,8,1,0.12,0,0,0,none,1,31006.22
TX08804,C0828,5568.21,CARD,failed,insufficient_funds,3,0,576,1,1,1.0,0,0,1,send_reminder,0,0.0
TX08805,C2058,30327.81,WALLET,abandoned,checkout_dropoff,4,1,309,12,10,0.83,1,15,2,payment_link,1,30327.81
TX08806,C1891,8467.08,NETBANKING,success,none,0,0,597,17,14,0.82,1,3,0,none,1,8467.08
TX08807,C1384,34741.78,WALLET,success,none,0,0,451,9,1,0.11,1,1,0,none,1,34741.78
TX08808,C2189,20293.41,UPI,success,none,0,0,92,1,0,0.0,0,0,0,none,1,20293.41
TX08809,C2390,1559.12,UPI,success,none,0,0,94,1,1,1.0,1,3,0,none,1,1559.12
TX08810,C0999,46405.97,WALLET,success,none,0,0,146,1,1,1.0,0,0,0,none,1,46405.97
TX08811,C0056,48317.68,CARD,success,none,0,0,551,6,0,0.0,0,0,0,none,1,48317.68
TX08812,C1455,6847.36,NETBANKING,success,none,0,0,36,5,4,0.8,0,0,0,none,1,6847.36
TX08813,C0887,16895.94,CARD,success,none,0,0,265,8,8,1.0,0,0,0,none,1,16895.94
TX08814,C2222,36790.83,NETBANKING,failed,technical_error,4,0,440,16,12,0.75,0,0,0,payment_link,0,0.0
TX08815,C0944,41760.23,NETBANKING,success,none,0,0,545,13,0,0.0,0,0,0,none,1,41760.23
TX08816,C0225,461.1,NETBANKING,failed,timeout,1,0,377,5,5,1.0,1,15,1,retry_payment,1,461.1
TX08817,C0225,22952.41,NETBANKING,success,none,0,0,227,7,5,0.71,1,0,0,none,1,22952.41
TX08818,C0459,29084.58,WALLET,success,none,0,0,586,5,4,0.8,0,0,0,none,1,29084.58
TX08819,C1655,41726.4,NETBANKING,abandoned,checkout_dropoff,0,1,368,5,3,0.6,0,0,2,payment_link,0,0.0
TX08820,C1982,13946.66,UPI,success,none,0,0,444,15,13,0.87,1,0,0,none,1,13946.66
TX08821,C2452,35774.37,NETBANKING,success,none,0,0,513,14,7,0.5,0,0,0,none,1,35774.37
TX08822,C2395,7725.64,CARD,failed,technical_error,4,0,164,6,0,0.0,0,0,1,payment_link,0,0.0
TX08823,C2233,26201.77,UPI,failed,technical_error,0,0,140,19,4,0.21,1,0,0,payment_link,0,0.0
TX08824,C1575,46497.29,UPI,success,none,0,0,95,4,1,0.25,0,0,0,none,1,46497.29
TX08825,C1893,47233.42,CARD,success,none,0,0,102,9,8,0.89,0,0,0,none,1,47233.42
TX08826,C0636,8378.08,CARD,failed,insufficient_funds,4,0,485,9,7,0.78,1,7,0,send_reminder,1,8378.08
TX08827,C1187,987.18,CARD,success,none,0,0,201,17,16,0.94,0,0,0,none,1,987.18
TX08828,C0982,41500.56,UPI,success,none,0,0,565,6,3,0.5,0,0,0,none,1,41500.56
TX08829,C0643,12905.83,NETBANKING,success,none,0,0,387,19,5,0.26,0,0,0,none,1,12905.83
TX08830,C1185,14298.52,CARD,failed,bank_error,1,0,103,3,0,0.0,1,0,0,payment_link,1,14298.52
TX08831,C2027,43485.27,CARD,failed,technical_error,1,0,97,19,0,0.0,0,0,2,payment_link,0,0.0
TX08832,C0173,23013.77,WALLET,success,none,0,0,513,17,11,0.65,1,0,0,none,1,23013.77
TX08833,C0451,8716.68,UPI,success,none,0,0,519,10,3,0.3,0,0,0,none,1,8716.68
TX08834,C0628,48284.35,CARD,abandoned,checkout_dropoff,3,1,423,8,2,0.25,1,0,2,payment_link,0,0.0
TX08835,C1179,25766.15,CARD,success,none,0,0,394,10,6,0.6,1,0,0,none,1,25766.15
TX08836,C1593,21189.36,UPI,success,none,0,0,431,17,7,0.41,0,0,0,none,1,21189.36
TX08837,C2149,7747.92,CARD,success,none,0,0,493,16,7,0.44,1,3,0,none,1,7747.92
TX08838,C2419,32153.57,CARD,success,none,0,0,276,13,8,0.62,0,0,0,none,1,32153.57
TX08839,C1939,32205.1,NETBANKING,failed,insufficient_funds,3,0,337,18,15,0.83,0,0,2,send_reminder,1,32205.1
TX08840,C1548,19027.35,UPI,success,none,0,0,408,18,11,0.61,0,0,0,none,1,19027.35
TX08841,C1982,18664.76,WALLET,success,none,0,0,411,6,1,0.17,0,0,0,none,1,18664.76
TX08842,C2189,27721.06,UPI,failed,network_error,0,0,488,19,11,0.58,0,0,1,retry_payment,0,0.0
TX08843,C2481,44722.02,NETBANKING,success,none,0,0,438,2,0,0.0,1,0,0,none,1,44722.02
TX08844,C0741,44493.42,UPI,success,none,0,0,340,12,7,0.58,0,0,0,none,1,44493.42
TX08845,C1977,29662.14,WALLET,success,none,0,0,363,4,2,0.5,1,0,0,none,1,29662.14
TX08846,C1864,45791.71,CARD,abandoned,checkout_dropoff,3,1,382,13,10,0.77,0,0,0,payment_link,0,0.0
TX08847,C1139,13203.23,WALLET,success,none,0,0,321,3,3,1.0,1,0,0,none,1,13203.23
TX08848,C1893,13916.79,NETBANKING,failed,timeout,1,0,588,13,0,0.0,1,15,2,retry_payment,1,13916.79
TX08849,C0460,25756.44,UPI,failed,timeout,0,0,315,17,11,0.65,0,0,0,retry_payment,0,0.0
TX08850,C2301,22022.68,WALLET,success,none,0,0,297,1,1,1.0,0,0,0,none,1,22022.68
TX08851,C2151,28123.52,NETBANKING,success,none,0,0,145,5,1,0.2,1,1,0,none,1,28123.52
TX08852,C0841,38678.13,UPI,success,none,0,0,595,6,5,0.83,0,0,0,none,1,38678.13
TX08853,C0828,36416.68,UPI,failed,timeout,2,0,365,8,2,0.25,1,0,1,retry_payment,0,0.0
TX08854,C1941,1839.72,NETBANKING,failed,network_error,1,0,486,3,0,0.0,1,0,1,retry_payment,0,0.0
TX08855,C1752,20520.19,NETBANKING,failed,network_error,2,0,215,9,9,1.0,1,0,1,retry_payment,0,0.0
TX08856,C1031,14687.97,UPI,success,none,0,0,375,19,17,0.89,1,0,0,none,1,14687.97
TX08857,C1428,12718.77,WALLET,success,none,0,0,189,3,3,1.0,0,0,0,none,1,12718.77
TX08858,C1127,34654.72,UPI,success,none,0,0,541,13,4,0.31,0,0,0,none,1,34654.72
TX08859,C1413,36108.3,UPI,success,none,0,0,520,1,0,0.0,1,7,0,none,1,36108.3
TX08860,C2048,46227.56,UPI,failed,bank_error,4,0,273,12,5,0.42,1,0,0,payment_link,0,0.0
TX08861,C1765,4574.73,CARD,success,none,0,0,542,7,4,0.57,0,0,0,none,1,4574.73
TX08862,C1853,18295.15,WALLET,success,none,0,0,61,18,12,0.67,0,0,0,none,1,18295.15
TX08863,C0572,49552.95,WALLET,abandoned,checkout_dropoff,2,1,291,13,5,0.38,1,0,0,payment_link,0,0.0
TX08864,C1165,6875.41,CARD,abandoned,checkout_dropoff,1,1,217,18,4,0.22,1,0,2,send_reminder,1,6875.41
TX08865,C0812,24204.87,WALLET,failed,bank_error,4,0,493,9,2,0.22,1,15,1,payment_link,1,24204.87
TX08866,C1006,37307.13,UPI,abandoned,checkout_dropoff,4,1,75,12,8,0.67,0,0,2,send_reminder,0,0.0
TX08867,C2417,43755.18,WALLET,success,none,0,0,402,6,3,0.5,0,0,0,none,1,43755.18
TX08868,C2227,23386.37,NETBANKING,success,none,0,0,426,7,5,0.71,0,0,0,none,1,23386.37
TX08869,C0744,5779.33,WALLET,failed,timeout,1,0,239,16,11,0.69,0,0,0,retry_payment,1,5779.33
TX08870,C1092,10336.33,WALLET,abandoned,checkout_dropoff,4,1,389,7,7,1.0,1,1,2,payment_link,1,10336.33
TX08871,C0364,30244.05,NETBANKING,success,none,0,0,129,6,6,1.0,0,0,0,none,1,30244.05
TX08872,C2385,16254.03,NETBANKING,abandoned,checkout_dropoff,0,1,258,9,8,0.89,0,0,0,payment_link,1,16254.03
TX08873,C1640,34753.3,CARD,success,none,0,0,596,17,5,0.29,0,0,0,none,1,34753.3
TX08874,C1863,12707.93,NETBANKING,success,none,0,0,376,20,20,1.0,1,0,0,none,1,12707.93
TX08875,C2347,6428.48,UPI,success,none,0,0,122,19,12,0.63,0,0,0,none,1,6428.48
TX08876,C2133,23417.32,UPI,success,none,0,0,23,5,4,0.8,0,0,0,none,1,23417.32
TX08877,C1913,5659.51,CARD,success,none,0,0,24,19,9,0.47,1,0,0,none,1,5659.51
TX08878,C2013,17338.8,WALLET,success,none,0,0,285,13,13,1.0,0,0,0,none,1,17338.8
TX08879,C0550,46624.57,CARD,success,none,0,0,121,9,1,0.11,0,0,0,none,1,46624.57
TX08880,C1641,24849.11,WALLET,failed,insufficient_funds,0,0,415,16,13,0.81,0,0,1,send_reminder,0,0.0
TX08881,C0451,49251.19,WALLET,failed,technical_error,4,0,397,19,6,0.32,0,0,2,payment_link,1,49251.19
TX08882,C2276,38697.05,CARD,failed,timeout,3,0,205,19,10,0.53,0,0,1,retry_payment,0,0.0
TX08883,C0892,37085.61,WALLET,success,none,0,0,204,2,2,1.0,1,7,0,none,1,37085.61
TX08884,C0004,49194.25,WALLET,success,none,0,0,291,5,2,0.4,0,0,0,none,1,49194.25
TX08885,C2149,11543.37,WALLET,failed,bank_error,4,0,12,1,1,1.0,0,0,0,payment_link,0,0.0
TX08886,C1712,34769.72,UPI,success,none,0,0,67,14,1,0.07,0,0,0,none,1,34769.72
TX08887,C1361,39184.97,NETBANKING,success,none,0,0,456,19,8,0.42,1,0,0,none,1,39184.97
TX08888,C0462,351.87,CARD,failed,insufficient_funds,4,0,353,11,1,0.09,0,0,1,send_reminder,1,351.87
TX08889,C1044,32803.81,NETBANKING,success,none,0,0,17,6,3,0.5,0,0,0,none,1,32803.81
TX08890,C2421,7426.73,UPI,success,none,0,0,399,5,1,0.2,0,0,0,none,1,7426.73
TX08891,C1151,8865.49,UPI,success,none,0,0,111,2,2,1.0,1,7,0,none,1,8865.49
TX08892,C0489,22292.07,CARD,success,none,0,0,331,19,18,0.95,0,0,0,none,1,22292.07
TX08893,C2105,31653.79,WALLET,success,none,0,0,533,18,16,0.89,1,1,0,none,1,31653.79
TX08894,C0563,27426.57,WALLET,success,none,0,0,163,15,3,0.2,1,7,0,none,1,27426.57
TX08895,C2062,35296.0,NETBANKING,success,none,0,0,365,18,1,0.06,0,0,0,none,1,35296.0
TX08896,C1491,31923.44,UPI,success,none,0,0,253,19,5,0.26,0,0,0,none,1,31923.44
TX08897,C2150,4780.2,WALLET,success,none,0,0,223,18,0,0.0,0,0,0,none,1,4780.2
TX08898,C0381,35764.29,UPI,failed,bank_error,4,0,412,11,0,0.0,0,0,1,payment_link,0,0.0
TX08899,C1553,20343.8,NETBANKING,failed,technical_error,2,0,110,18,8,0.44,0,0,2,payment_link,1,20343.8
TX08900,C0349,15477.41,UPI,success,none,0,0,424,14,3,0.21,0,0,0,none,1,15477.41
TX08901,C0534,18477.34,UPI,failed,network_error,1,0,163,7,7,1.0,1,1,1,retry_payment,1,18477.34
TX08902,C0238,47281.75,NETBANKING,abandoned,checkout_dropoff,4,1,371,6,5,0.83,0,0,2,payment_link,1,47281.75
TX08903,C2349,27638.18,WALLET,abandoned,checkout_dropoff,4,1,328,6,1,0.17,0,0,1,send_reminder,0,0.0
TX08904,C2313,45044.86,WALLET,success,none,0,0,367,4,1,0.25,0,0,0,none,1,45044.86
TX08905,C2426,33283.67,WALLET,abandoned,checkout_dropoff,1,1,588,16,5,0.31,0,0,0,send_reminder,1,33283.67
TX08906,C0613,21949.86,UPI,success,none,0,0,305,13,11,0.85,0,0,0,none,1,21949.86
TX08907,C1318,16630.1,UPI,failed,technical_error,3,0,334,10,0,0.0,1,1,2,payment_link,1,16630.1
TX08908,C1891,47534.25,UPI,success,none,0,0,122,4,1,0.25,0,0,0,none,1,47534.25
TX08909,C1818,32620.3,CARD,failed,insufficient_funds,3,0,431,6,5,0.83,1,0,2,send_reminder,1,32620.3
TX08910,C0279,38042.26,WALLET,success,none,0,0,298,12,12,1.0,1,0,0,none,1,38042.26
TX08911,C0639,2801.88,UPI,success,none,0,0,185,1,1,1.0,1,7,0,none,1,2801.88
TX08912,C0834,48738.44,UPI,abandoned,checkout_dropoff,4,1,296,2,0,0.0,0,0,1,send_reminder,1,48738.44
TX08913,C1930,24915.92,UPI,success,none,0,0,69,4,3,0.75,1,3,0,none,1,24915.92
TX08914,C0175,26533.01,CARD,abandoned,checkout_dropoff,0,1,182,15,4,0.27,1,0,1,send_reminder,1,26533.01
TX08915,C0709,30573.31,CARD,success,none,0,0,515,8,3,0.38,0,0,0,none,1,30573.31
TX08916,C0672,48023.21,CARD,failed,timeout,2,0,563,11,1,0.09,0,0,0,retry_payment,0,0.0
TX08917,C1650,1644.17,WALLET,success,none,0,0,142,4,3,0.75,1,1,0,none,1,1644.17
TX08918,C0722,1160.57,CARD,success,none,0,0,545,3,1,0.33,0,0,0,none,1,1160.57
TX08919,C1330,8931.47,NETBANKING,success,none,0,0,365,7,1,0.14,1,15,0,none,1,8931.47
TX08920,C1749,27736.91,UPI,success,none,0,0,350,14,7,0.5,0,0,0,none,1,27736.91
TX08921,C2376,47910.82,UPI,success,none,0,0,276,17,9,0.53,1,0,0,none,1,47910.82
TX08922,C0262,46258.37,NETBANKING,success,none,0,0,202,19,12,0.63,0,0,0,none,1,46258.37
TX08923,C2191,29690.52,WALLET,failed,bank_error,0,0,331,5,1,0.2,1,1,0,payment_link,0,0.0
TX08924,C2006,36017.11,WALLET,success,none,0,0,387,4,4,1.0,0,0,0,none,1,36017.11
TX08925,C0793,9496.07,UPI,success,none,0,0,341,7,7,1.0,1,7,0,none,1,9496.07
TX08926,C2176,18325.98,UPI,success,none,0,0,193,15,12,0.8,1,0,0,none,1,18325.98
TX08927,C0801,32888.51,WALLET,success,none,0,0,586,1,0,0.0,1,3,0,none,1,32888.51
TX08928,C0733,1400.1,UPI,success,none,0,0,150,12,7,0.58,0,0,0,none,1,1400.1
TX08929,C2036,31836.2,CARD,success,none,0,0,347,13,7,0.54,0,0,0,none,1,31836.2
TX08930,C0865,47416.26,UPI,success,none,0,0,349,5,2,0.4,1,3,0,none,1,47416.26
TX08931,C0075,17274.78,NETBANKING,abandoned,checkout_dropoff,2,1,208,11,3,0.27,1,0,1,payment_link,1,17274.78
TX08932,C1982,4264.92,CARD,failed,insufficient_funds,2,0,502,9,0,0.0,1,15,0,send_reminder,0,0.0
TX08933,C1970,4345.11,UPI,failed,bank_error,3,0,589,2,2,1.0,1,30,2,payment_link,0,0.0
TX08934,C0156,13291.03,UPI,failed,timeout,3,0,383,14,7,0.5,0,0,2,retry_payment,0,0.0
TX08935,C1491,42277.93,NETBANKING,abandoned,checkout_dropoff,4,1,570,2,2,1.0,0,0,1,payment_link,0,0.0
TX08936,C0992,30678.36,UPI,success,none,0,0,233,6,6,1.0,0,0,0,none,1,30678.36
TX08937,C1458,35680.76,WALLET,success,none,0,0,435,1,1,1.0,0,0,0,none,1,35680.76
TX08938,C0531,47915.29,NETBANKING,failed,network_error,3,0,96,19,9,0.47,1,30,1,retry_payment,0,0.0
TX08939,C0539,25201.29,CARD,failed,network_error,2,0,244,8,8,1.0,1,0,2,retry_payment,0,0.0
TX08940,C0133,18864.99,CARD,success,none,0,0,340,7,4,0.57,1,7,0,none,1,18864.99
TX08941,C1979,17924.01,WALLET,failed,insufficient_funds,1,0,422,7,2,0.29,0,0,2,send_reminder,0,0.0
TX08942,C0090,11379.68,NETBANKING,abandoned,checkout_dropoff,3,1,499,17,3,0.18,1,1,0,payment_link,0,0.0
TX08943,C1629,18532.73,UPI,abandoned,checkout_dropoff,2,1,90,17,15,0.88,0,0,2,send_reminder,0,0.0
TX08944,C2027,49295.26,WALLET,success,none,0,0,165,13,5,0.38,1,1,0,none,1,49295.26
TX08945,C1268,11506.02,CARD,success,none,0,0,499,4,0,0.0,0,0,0,none,1,11506.02
TX08946,C1051,9478.1,UPI,failed,timeout,0,0,580,8,7,0.88,0,0,1,retry_payment,0,0.0
TX08947,C0247,37316.96,CARD,failed,technical_error,1,0,136,15,0,0.0,0,0,1,payment_link,1,37316.96
TX08948,C0993,31686.85,WALLET,failed,technical_error,4,0,447,20,3,0.15,1,1,0,payment_link,0,0.0
TX08949,C0417,44364.89,NETBANKING,success,none,0,0,560,17,7,0.41,0,0,0,none,1,44364.89
TX08950,C0622,45860.6,WALLET,failed,network_error,1,0,531,5,1,0.2,0,0,1,retry_payment,1,45860.6
TX08951,C1016,1593.31,NETBANKING,abandoned,checkout_dropoff,4,1,70,3,0,0.0,0,0,0,payment_link,1,1593.31
TX08952,C0206,17602.76,CARD,success,none,0,0,264,18,2,0.11,0,0,0,none,1,17602.76
TX08953,C0037,42229.51,NETBANKING,success,none,0,0,593,15,11,0.73,1,1,0,none,1,42229.51
TX08954,C1628,34875.33,WALLET,success,none,0,0,371,11,2,0.18,0,0,0,none,1,34875.33
TX08955,C2171,34248.38,UPI,success,none,0,0,331,19,10,0.53,1,7,0,none,1,34248.38
TX08956,C2138,21813.22,NETBANKING,success,none,0,0,74,17,7,0.41,0,0,0,none,1,21813.22
TX08957,C2431,16752.33,UPI,success,none,0,0,36,18,3,0.17,0,0,0,none,1,16752.33
TX08958,C2394,25154.08,NETBANKING,success,none,0,0,498,14,1,0.07,0,0,0,none,1,25154.08
TX08959,C0712,13273.4,CARD,abandoned,checkout_dropoff,2,1,228,9,1,0.11,1,0,1,send_reminder,1,13273.4
TX08960,C0079,39692.45,UPI,failed,insufficient_funds,4,0,368,8,6,0.75,0,0,1,send_reminder,1,39692.45
TX08961,C2423,8634.57,NETBANKING,success,none,0,0,256,9,7,0.78,0,0,0,none,1,8634.57
TX08962,C1996,6735.21,WALLET,success,none,0,0,28,14,3,0.21,1,0,0,none,1,6735.21
TX08963,C1563,3592.12,UPI,success,none,0,0,406,8,4,0.5,0,0,0,none,1,3592.12
TX08964,C1404,27498.04,WALLET,success,none,0,0,395,6,2,0.33,1,0,0,none,1,27498.04
TX08965,C0542,28457.86,WALLET,success,none,0,0,295,17,2,0.12,0,0,0,none,1,28457.86
TX08966,C1230,16291.94,NETBANKING,success,none,0,0,464,6,2,0.33,0,0,0,none,1,16291.94
TX08967,C0160,47254.97,CARD,abandoned,checkout_dropoff,4,1,433,20,11,0.55,0,0,0,payment_link,0,0.0
TX08968,C1977,36404.88,WALLET,success,none,0,0,546,3,2,0.67,1,1,0,none,1,36404.88
TX08969,C0674,7557.08,WALLET,success,none,0,0,220,12,6,0.5,0,0,0,none,1,7557.08
TX08970,C1373,18028.36,UPI,success,none,0,0,326,7,4,0.57,1,0,0,none,1,18028.36
TX08971,C0237,30713.4,WALLET,success,none,0,0,220,19,3,0.16,0,0,0,none,1,30713.4
TX08972,C0617,40308.41,UPI,success,none,0,0,122,18,1,0.06,0,0,0,none,1,40308.41
TX08973,C0958,42424.38,UPI,success,none,0,0,155,1,1,1.0,0,0,0,none,1,42424.38
TX08974,C1393,24869.44,NETBANKING,success,none,0,0,285,2,1,0.5,0,0,0,none,1,24869.44
TX08975,C0731,44696.29,WALLET,failed,technical_error,1,0,71,15,9,0.6,1,0,2,payment_link,0,0.0
TX08976,C0574,23803.41,NETBANKING,success,none,0,0,77,4,3,0.75,0,0,0,none,1,23803.41
TX08977,C0682,28137.38,WALLET,success,none,0,0,557,5,5,1.0,1,0,0,none,1,28137.38
TX08978,C1044,26528.01,NETBANKING,success,none,0,0,549,19,15,0.79,1,0,0,none,1,26528.01
TX08979,C1537,5429.24,WALLET,abandoned,checkout_dropoff,3,1,85,13,8,0.62,1,3,2,send_reminder,1,5429.24
TX08980,C0486,4470.44,NETBANKING,failed,technical_error,3,0,181,19,14,0.74,1,1,1,payment_link,1,4470.44
TX08981,C0381,20430.88,UPI,success,none,0,0,91,1,0,0.0,1,0,0,none,1,20430.88
TX08982,C1007,45214.91,UPI,success,none,0,0,61,4,2,0.5,1,0,0,none,1,45214.91
TX08983,C0042,14882.61,CARD,success,none,0,0,94,19,3,0.16,0,0,0,none,1,14882.61
TX08984,C1050,33191.03,WALLET,success,none,0,0,505,10,6,0.6,1,7,0,none,1,33191.03
TX08985,C1555,16080.39,NETBANKING,success,none,0,0,557,13,6,0.46,1,7,0,none,1,16080.39
TX08986,C1410,47962.85,UPI,success,none,0,0,516,7,1,0.14,0,0,0,none,1,47962.85
TX08987,C1256,13552.34,CARD,success,none,0,0,172,1,0,0.0,0,0,0,none,1,13552.34
TX08988,C1624,23768.69,NETBANKING,success,none,0,0,101,20,7,0.35,1,0,0,none,1,23768.69
TX08989,C1321,25727.87,CARD,success,none,0,0,451,17,10,0.59,0,0,0,none,1,25727.87
TX08990,C2131,36613.69,CARD,success,none,0,0,153,9,6,0.67,0,0,0,none,1,36613.69
TX08991,C1116,22085.84,UPI,success,none,0,0,502,15,1,0.07,0,0,0,none,1,22085.84
TX08992,C1358,44519.35,CARD,success,none,0,0,255,14,13,0.93,1,7,0,none,1,44519.35
TX08993,C2427,5172.75,UPI,success,none,0,0,194,5,0,0.0,1,1,0,none,1,5172.75
TX08994,C2080,39754.87,CARD,failed,insufficient_funds,0,0,493,10,9,0.9,0,0,1,send_reminder,1,39754.87
TX08995,C2338,39465.4,CARD,success,none,0,0,315,14,0,0.0,1,1,0,none,1,39465.4
TX08996,C0406,4905.17,NETBANKING,success,none,0,0,431,4,1,0.25,1,7,0,none,1,4905.17
TX08997,C1296,12229.54,CARD,success,none,0,0,94,5,2,0.4,0,0,0,none,1,12229.54
TX08998,C1555,26783.77,WALLET,failed,bank_error,1,0,127,4,2,0.5,1,7,0,payment_link,0,0.0
TX08999,C2363,34755.32,UPI,failed,technical_error,3,0,73,17,6,0.35,1,7,1,payment_link,1,34755.32
TX09000,C1012,16267.82,WALLET,success,none,0,0,530,10,1,0.1,1,30,0,none,1,16267.82
TX09001,C1039,47228.8,CARD,success,none,0,0,211,18,13,0.72,0,0,0,none,1,47228.8
TX09002,C1734,16360.8,NETBANKING,success,none,0,0,558,4,1,0.25,0,0,0,none,1,16360.8
TX09003,C2162,13741.19,WALLET,success,none,0,0,516,8,0,0.0,1,1,0,none,1,13741.19
TX09004,C0056,22495.14,CARD,success,none,0,0,208,13,13,1.0,0,0,0,none,1,22495.14
TX09005,C1649,291.86,WALLET,failed,bank_error,0,0,188,12,8,0.67,0,0,2,payment_link,0,0.0
TX09006,C1567,39566.89,CARD,failed,network_error,3,0,224,17,7,0.41,1,3,1,retry_payment,0,0.0
TX09007,C0272,5556.99,NETBANKING,abandoned,checkout_dropoff,2,1,242,17,14,0.82,1,0,1,send_reminder,0,0.0
TX09008,C1161,10510.2,UPI,failed,insufficient_funds,2,0,510,12,6,0.5,0,0,0,send_reminder,0,0.0
TX09009,C1858,30950.77,WALLET,success,none,0,0,195,10,1,0.1,1,15,0,none,1,30950.77
TX09010,C0297,30976.1,UPI,failed,bank_error,2,0,27,16,10,0.62,0,0,2,payment_link,1,30976.1
TX09011,C0977,16434.25,CARD,failed,technical_error,3,0,166,7,2,0.29,1,1,2,payment_link,1,16434.25
TX09012,C1589,38740.13,WALLET,success,none,0,0,315,19,16,0.84,0,0,0,none,1,38740.13
TX09013,C2260,19993.42,WALLET,success,none,0,0,529,16,6,0.38,0,0,0,none,1,19993.42
TX09014,C0639,28430.17,WALLET,success,none,0,0,512,14,14,1.0,0,0,0,none,1,28430.17
TX09015,C0556,13806.74,UPI,abandoned,checkout_dropoff,2,1,428,19,0,0.0,0,0,1,send_reminder,0,0.0
TX09016,C2191,4554.16,WALLET,success,none,0,0,19,3,3,1.0,1,1,0,none,1,4554.16
TX09017,C0236,45955.29,UPI,success,none,0,0,234,1,0,0.0,1,3,0,none,1,45955.29
TX09018,C2085,45028.26,CARD,success,none,0,0,72,14,13,0.93,1,3,0,none,1,45028.26
TX09019,C0356,15513.36,WALLET,success,none,0,0,73,7,1,0.14,0,0,0,none,1,15513.36
TX09020,C2094,20649.43,UPI,failed,bank_error,0,0,296,16,10,0.62,0,0,0,payment_link,0,0.0
TX09021,C2099,15264.9,CARD,failed,technical_error,1,0,199,5,1,0.2,0,0,0,payment_link,0,0.0
TX09022,C1431,48029.69,UPI,success,none,0,0,351,15,0,0.0,1,0,0,none,1,48029.69
TX09023,C2310,32236.44,NETBANKING,success,none,0,0,396,9,2,0.22,1,1,0,none,1,32236.44
TX09024,C0212,18494.18,CARD,success,none,0,0,536,13,6,0.46,1,1,0,none,1,18494.18
TX09025,C0451,20837.23,WALLET,failed,timeout,0,0,283,15,12,0.8,0,0,0,retry_payment,1,20837.23
TX09026,C1066,38237.86,WALLET,failed,network_error,4,0,376,5,3,0.6,1,0,0,retry_payment,0,0.0
TX09027,C0107,19740.94,WALLET,failed,bank_error,4,0,340,10,4,0.4,1,3,1,payment_link,0,0.0
TX09028,C2116,33642.16,NETBANKING,failed,insufficient_funds,1,0,489,16,3,0.19,1,3,2,send_reminder,1,33642.16
TX09029,C1913,49998.47,UPI,success,none,0,0,579,9,8,0.89,1,0,0,none,1,49998.47
TX09030,C1203,46957.17,UPI,success,none,0,0,423,15,13,0.87,0,0,0,none,1,46957.17
TX09031,C0303,17419.48,NETBANKING,failed,insufficient_funds,4,0,514,7,4,0.57,0,0,0,send_reminder,1,17419.48
TX09032,C1472,46774.76,WALLET,abandoned,checkout_dropoff,0,1,552,4,3,0.75,0,0,0,payment_link,1,46774.76
TX09033,C0212,31074.02,UPI,failed,network_error,3,0,532,3,1,0.33,1,1,0,retry_payment,0,0.0
TX09034,C1026,26039.05,WALLET,failed,bank_error,3,0,229,18,17,0.94,1,3,0,payment_link,1,26039.05
TX09035,C0131,39478.08,NETBANKING,abandoned,checkout_dropoff,1,1,273,1,1,1.0,0,0,0,send_reminder,0,0.0
TX09036,C1022,39583.28,UPI,failed,timeout,0,0,579,3,1,0.33,1,30,2,retry_payment,0,0.0
TX09037,C0614,47009.14,UPI,failed,insufficient_funds,1,0,142,14,14,1.0,1,0,0,send_reminder,0,0.0
TX09038,C0220,5517.05,CARD,success,none,0,0,126,8,3,0.38,1,30,0,none,1,5517.05
TX09039,C1845,25383.48,NETBANKING,abandoned,checkout_dropoff,3,1,416,8,2,0.25,1,0,1,payment_link,0,0.0
TX09040,C2102,23796.98,NETBANKING,failed,insufficient_funds,2,0,517,18,14,0.78,1,0,2,send_reminder,0,0.0
TX09041,C1792,21444.79,NETBANKING,success,none,0,0,477,9,2,0.22,0,0,0,none,1,21444.79
TX09042,C1150,15678.47,WALLET,abandoned,checkout_dropoff,1,1,444,16,14,0.88,1,0,0,payment_link,0,0.0
TX09043,C0581,49509.93,WALLET,success,none,0,0,353,18,2,0.11,0,0,0,none,1,49509.93
TX09044,C1806,40318.9,UPI,success,none,0,0,506,12,6,0.5,1,7,0,none,1,40318.9
TX09045,C0023,46006.39,WALLET,failed,technical_error,0,0,199,3,2,0.67,1,15,1,payment_link,1,46006.39
TX09046,C1294,42178.45,UPI,success,none,0,0,576,5,1,0.2,1,3,0,none,1,42178.45
TX09047,C2485,28287.45,UPI,success,none,0,0,351,15,10,0.67,1,0,0,none,1,28287.45
TX09048,C1836,2989.64,WALLET,success,none,0,0,579,7,6,0.86,1,15,0,none,1,2989.64
TX09049,C1743,44083.44,WALLET,success,none,0,0,542,15,4,0.27,1,0,0,none,1,44083.44
TX09050,C0210,26806.71,NETBANKING,failed,bank_error,4,0,46,1,1,1.0,1,0,2,payment_link,1,26806.71
TX09051,C1823,34616.24,UPI,success,none,0,0,280,19,4,0.21,0,0,0,none,1,34616.24
TX09052,C0673,12783.48,WALLET,failed,technical_error,3,0,30,13,4,0.31,0,0,1,payment_link,0,0.0
TX09053,C1570,8185.28,WALLET,success,none,0,0,538,1,0,0.0,0,0,0,none,1,8185.28
TX09054,C0802,5373.45,WALLET,success,none,0,0,478,17,1,0.06,1,0,0,none,1,5373.45
TX09055,C1821,22133.31,NETBANKING,success,none,0,0,122,7,1,0.14,0,0,0,none,1,22133.31
TX09056,C2410,24542.52,NETBANKING,abandoned,checkout_dropoff,1,1,447,9,8,0.89,0,0,2,send_reminder,0,0.0
TX09057,C0467,47731.76,NETBANKING,success,none,0,0,245,10,0,0.0,1,0,0,none,1,47731.76
TX09058,C0323,20224.9,CARD,success,none,0,0,378,18,1,0.06,0,0,0,none,1,20224.9
TX09059,C2030,42207.19,WALLET,success,none,0,0,498,5,4,0.8,1,7,0,none,1,42207.19
TX09060,C1770,1577.85,UPI,failed,network_error,1,0,372,7,5,0.71,0,0,2,retry_payment,0,0.0
TX09061,C1342,6843.12,UPI,success,none,0,0,590,14,3,0.21,0,0,0,none,1,6843.12
TX09062,C2156,2251.07,UPI,success,none,0,0,423,8,3,0.38,0,0,0,none,1,2251.07
TX09063,C1659,19619.77,NETBANKING,success,none,0,0,473,7,5,0.71,0,0,0,none,1,19619.77
TX09064,C0375,1827.89,CARD,success,none,0,0,21,13,1,0.08,1,1,0,none,1,1827.89
TX09065,C1943,10121.53,UPI,success,none,0,0,316,9,1,0.11,0,0,0,none,1,10121.53
TX09066,C0978,14104.78,CARD,success,none,0,0,313,15,2,0.13,1,3,0,none,1,14104.78
TX09067,C1336,35088.93,NETBANKING,success,none,0,0,172,17,11,0.65,1,1,0,none,1,35088.93
TX09068,C2376,49051.3,WALLET,failed,network_error,4,0,429,20,0,0.0,0,0,0,retry_payment,0,0.0
TX09069,C0897,26212.06,WALLET,failed,network_error,0,0,566,8,4,0.5,1,7,1,retry_payment,1,26212.06
TX09070,C0410,7385.14,UPI,success,none,0,0,303,1,0,0.0,1,0,0,none,1,7385.14
TX09071,C0432,30630.39,UPI,success,none,0,0,328,10,3,0.3,0,0,0,none,1,30630.39
TX09072,C1941,10251.57,UPI,success,none,0,0,42,13,2,0.15,0,0,0,none,1,10251.57
TX09073,C0927,30515.3,NETBANKING,success,none,0,0,297,2,1,0.5,0,0,0,none,1,30515.3
TX09074,C0889,5832.48,WALLET,failed,technical_error,1,0,30,2,2,1.0,0,0,1,payment_link,1,5832.48
TX09075,C0306,43094.48,UPI,success,none,0,0,374,7,0,0.0,1,15,0,none,1,43094.48
TX09076,C1908,12699.26,CARD,success,none,0,0,599,10,5,0.5,0,0,0,none,1,12699.26
TX09077,C0817,36373.96,CARD,abandoned,checkout_dropoff,4,1,19,7,6,0.86,0,0,1,send_reminder,0,0.0
TX09078,C0920,25511.56,NETBANKING,success,none,0,0,142,14,3,0.21,0,0,0,none,1,25511.56
TX09079,C1713,9254.85,WALLET,success,none,0,0,436,7,4,0.57,1,30,0,none,1,9254.85
TX09080,C1596,41064.38,WALLET,success,none,0,0,389,7,5,0.71,0,0,0,none,1,41064.38
TX09081,C0687,22960.46,WALLET,success,none,0,0,549,2,1,0.5,1,0,0,none,1,22960.46
TX09082,C0191,46373.86,WALLET,abandoned,checkout_dropoff,2,1,373,19,5,0.26,1,0,0,send_reminder,0,0.0
TX09083,C1856,49959.62,NETBANKING,success,none,0,0,314,19,7,0.37,0,0,0,none,1,49959.62
TX09084,C1968,12141.58,NETBANKING,success,none,0,0,568,16,13,0.81,0,0,0,none,1,12141.58
TX09085,C0027,43208.49,NETBANKING,success,none,0,0,560,5,3,0.6,0,0,0,none,1,43208.49
TX09086,C1713,29931.32,UPI,failed,technical_error,0,0,227,3,3,1.0,0,0,2,payment_link,0,0.0
TX09087,C1414,25716.4,UPI,success,none,0,0,10,17,5,0.29,0,0,0,none,1,25716.4
TX09088,C1649,14757.38,UPI,abandoned,checkout_dropoff,1,1,549,17,6,0.35,1,1,0,send_reminder,0,0.0
TX09089,C0367,17454.28,UPI,success,none,0,0,230,20,17,0.85,0,0,0,none,1,17454.28
TX09090,C2093,21622.33,WALLET,success,none,0,0,15,10,4,0.4,1,30,0,none,1,21622.33
TX09091,C0858,35525.2,WALLET,success,none,0,0,58,15,1,0.07,0,0,0,none,1,35525.2
TX09092,C2233,47575.81,WALLET,failed,timeout,4,0,56,19,19,1.0,1,0,1,retry_payment,0,0.0
TX09093,C1267,22441.86,WALLET,success,none,0,0,36,10,5,0.5,0,0,0,none,1,22441.86
TX09094,C0151,35624.85,CARD,success,none,0,0,327,20,16,0.8,1,0,0,none,1,35624.85
TX09095,C1536,43757.08,NETBANKING,success,none,0,0,82,17,16,0.94,1,1,0,none,1,43757.08
TX09096,C0208,40339.78,NETBANKING,success,none,0,0,513,16,16,1.0,1,0,0,none,1,40339.78
TX09097,C2344,49570.6,NETBANKING,failed,network_error,4,0,113,18,2,0.11,1,1,2,retry_payment,0,0.0
TX09098,C2165,44668.64,CARD,success,none,0,0,55,6,3,0.5,1,0,0,none,1,44668.64
TX09099,C2171,43582.92,UPI,failed,timeout,3,0,237,1,1,1.0,1,0,2,retry_payment,0,0.0
TX09100,C0451,2606.05,UPI,success,none,0,0,390,15,10,0.67,1,0,0,none,1,2606.05
TX09101,C0039,10241.03,WALLET,abandoned,checkout_dropoff,4,1,409,5,0,0.0,0,0,0,payment_link,1,10241.03
TX09102,C1647,18209.84,NETBANKING,abandoned,checkout_dropoff,2,1,227,5,4,0.8,1,30,0,payment_link,1,18209.84
TX09103,C2144,34601.27,NETBANKING,abandoned,checkout_dropoff,3,1,310,11,3,0.27,0,0,0,send_reminder,0,0.0
TX09104,C1225,22572.82,NETBANKING,success,none,0,0,485,7,5,0.71,1,0,0,none,1,22572.82
TX09105,C2227,42293.2,CARD,abandoned,checkout_dropoff,2,1,220,8,2,0.25,0,0,1,payment_link,0,0.0
TX09106,C0504,8061.37,NETBANKING,success,none,0,0,553,15,15,1.0,0,0,0,none,1,8061.37
TX09107,C2149,22343.89,WALLET,success,none,0,0,279,2,2,1.0,0,0,0,none,1,22343.89
TX09108,C1557,5615.4,NETBANKING,success,none,0,0,398,8,1,0.12,0,0,0,none,1,5615.4
TX09109,C2202,7828.29,CARD,success,none,0,0,82,4,0,0.0,1,0,0,none,1,7828.29
TX09110,C0765,38519.14,NETBANKING,failed,timeout,3,0,101,4,2,0.5,0,0,1,retry_payment,0,0.0
TX09111,C0892,18078.87,NETBANKING,success,none,0,0,547,9,1,0.11,1,0,0,none,1,18078.87
TX09112,C1872,14460.11,CARD,success,none,0,0,584,15,10,0.67,1,0,0,none,1,14460.11
TX09113,C0320,19442.31,CARD,success,none,0,0,283,16,14,0.88,1,0,0,none,1,19442.31
TX09114,C0338,38502.84,UPI,success,none,0,0,363,15,11,0.73,0,0,0,none,1,38502.84
TX09115,C0256,47348.06,NETBANKING,failed,bank_error,3,0,63,16,8,0.5,1,15,1,payment_link,1,47348.06
TX09116,C0890,46605.13,WALLET,success,none,0,0,430,3,1,0.33,0,0,0,none,1,46605.13
TX09117,C1908,31776.75,CARD,success,none,0,0,389,2,1,0.5,1,0,0,none,1,31776.75
TX09118,C0245,39081.51,WALLET,success,none,0,0,135,9,1,0.11,1,0,0,none,1,39081.51
TX09119,C1330,1739.74,UPI,failed,insufficient_funds,4,0,375,20,7,0.35,0,0,1,send_reminder,0,0.0
TX09120,C1978,45155.33,UPI,success,none,0,0,464,11,1,0.09,1,0,0,none,1,45155.33
TX09121,C1832,26663.7,NETBANKING,failed,bank_error,4,0,483,13,2,0.15,0,0,2,payment_link,0,0.0
TX09122,C0089,25813.43,WALLET,failed,timeout,2,0,327,6,0,0.0,1,30,2,retry_payment,0,0.0
TX09123,C2297,34237.01,CARD,abandoned,checkout_dropoff,4,1,351,4,4,1.0,0,0,0,send_reminder,1,34237.01
TX09124,C2094,21745.77,WALLET,success,none,0,0,544,12,11,0.92,1,0,0,none,1,21745.77
TX09125,C0734,11430.52,CARD,success,none,0,0,374,3,1,0.33,1,3,0,none,1,11430.52
TX09126,C0342,23248.71,WALLET,success,none,0,0,453,9,1,0.11,0,0,0,none,1,23248.71
TX09127,C1315,49080.74,NETBANKING,success,none,0,0,359,1,0,0.0,1,0,0,none,1,49080.74
TX09128,C1967,34656.94,WALLET,success,none,0,0,497,18,12,0.67,1,0,0,none,1,34656.94
TX09129,C2356,10569.14,NETBANKING,abandoned,checkout_dropoff,1,1,381,5,5,1.0,1,7,1,send_reminder,1,10569.14
TX09130,C1556,16581.3,UPI,success,none,0,0,240,15,14,0.93,0,0,0,none,1,16581.3
TX09131,C1476,40150.15,WALLET,success,none,0,0,247,1,1,1.0,0,0,0,none,1,40150.15
TX09132,C2208,39847.34,UPI,success,none,0,0,27,20,6,0.3,0,0,0,none,1,39847.34
TX09133,C2372,21217.48,NETBANKING,success,none,0,0,247,6,6,1.0,1,1,0,none,1,21217.48
TX09134,C2244,45383.81,WALLET,success,none,0,0,150,5,0,0.0,0,0,0,none,1,45383.81
TX09135,C1086,39931.74,WALLET,failed,insufficient_funds,0,0,444,4,3,0.75,1,1,1,send_reminder,0,0.0
TX09136,C2329,15738.95,CARD,failed,network_error,3,0,291,3,1,0.33,0,0,2,retry_payment,0,0.0
TX09137,C1209,34420.29,NETBANKING,failed,bank_error,1,0,532,19,15,0.79,1,0,1,payment_link,1,34420.29
TX09138,C0632,29669.2,UPI,success,none,0,0,460,4,1,0.25,1,0,0,none,1,29669.2
TX09139,C2269,9869.71,CARD,success,none,0,0,448,5,5,1.0,0,0,0,none,1,9869.71
TX09140,C1139,3811.36,WALLET,success,none,0,0,496,7,6,0.86,0,0,0,none,1,3811.36
TX09141,C1338,21916.75,UPI,abandoned,checkout_dropoff,1,1,137,15,10,0.67,1,0,2,payment_link,1,21916.75
TX09142,C0898,36624.9,CARD,success,none,0,0,323,14,11,0.79,1,30,0,none,1,36624.9
TX09143,C2043,47394.19,CARD,failed,timeout,4,0,576,19,0,0.0,0,0,2,retry_payment,0,0.0
TX09144,C2063,15367.77,CARD,success,none,0,0,295,18,11,0.61,0,0,0,none,1,15367.77
TX09145,C1510,34505.53,WALLET,success,none,0,0,574,4,1,0.25,0,0,0,none,1,34505.53
TX09146,C0684,33468.06,CARD,success,none,0,0,379,9,3,0.33,0,0,0,none,1,33468.06
TX09147,C2390,28466.4,CARD,success,none,0,0,228,14,1,0.07,1,0,0,none,1,28466.4
TX09148,C2143,33528.32,NETBANKING,success,none,0,0,339,17,10,0.59,0,0,0,none,1,33528.32
TX09149,C1837,24176.01,CARD,failed,network_error,2,0,429,14,5,0.36,0,0,1,retry_payment,0,0.0
TX09150,C1780,41261.54,CARD,success,none,0,0,552,6,1,0.17,0,0,0,none,1,41261.54
TX09151,C1692,20905.95,UPI,success,none,0,0,410,7,1,0.14,1,0,0,none,1,20905.95
TX09152,C1992,5082.53,WALLET,success,none,0,0,474,10,6,0.6,1,0,0,none,1,5082.53
TX09153,C0158,43821.24,NETBANKING,success,none,0,0,398,2,2,1.0,1,0,0,none,1,43821.24
TX09154,C1568,30688.07,NETBANKING,failed,network_error,0,0,271,16,13,0.81,0,0,1,retry_payment,1,30688.07
TX09155,C1838,26499.4,WALLET,success,none,0,0,394,18,4,0.22,1,1,0,none,1,26499.4
TX09156,C2284,39823.98,CARD,success,none,0,0,13,17,14,0.82,0,0,0,none,1,39823.98
TX09157,C1999,31694.08,CARD,failed,insufficient_funds,3,0,338,17,17,1.0,1,1,1,send_reminder,1,31694.08
TX09158,C0936,14117.04,UPI,abandoned,checkout_dropoff,2,1,126,3,1,0.33,1,0,0,send_reminder,1,14117.04
TX09159,C1588,445.01,CARD,success,none,0,0,497,18,8,0.44,0,0,0,none,1,445.01
TX09160,C1880,1000.67,WALLET,success,none,0,0,275,12,0,0.0,1,15,0,none,1,1000.67
TX09161,C1473,27987.8,UPI,success,none,0,0,588,11,7,0.64,1,30,0,none,1,27987.8
TX09162,C1303,45788.19,WALLET,failed,technical_error,3,0,270,3,2,0.67,1,0,2,payment_link,0,0.0
TX09163,C0286,30944.89,WALLET,failed,timeout,2,0,365,3,3,1.0,1,15,0,retry_payment,0,0.0
TX09164,C2141,27712.99,UPI,failed,network_error,2,0,55,1,1,1.0,1,7,2,retry_payment,0,0.0
TX09165,C2307,15028.37,NETBANKING,failed,bank_error,1,0,171,3,3,1.0,1,15,2,payment_link,1,15028.37
TX09166,C1650,20695.22,UPI,failed,technical_error,2,0,593,14,14,1.0,0,0,0,payment_link,0,0.0
TX09167,C0843,20577.4,NETBANKING,success,none,0,0,415,6,0,0.0,1,0,0,none,1,20577.4
TX09168,C0216,9883.02,CARD,success,none,0,0,138,15,11,0.73,0,0,0,none,1,9883.02
TX09169,C1163,36070.61,CARD,success,none,0,0,270,11,4,0.36,1,1,0,none,1,36070.61
TX09170,C1744,48302.48,WALLET,failed,insufficient_funds,1,0,50,18,12,0.67,0,0,1,send_reminder,1,48302.48
TX09171,C1776,28829.4,NETBANKING,success,none,0,0,84,15,0,0.0,0,0,0,none,1,28829.4
TX09172,C0214,4878.33,NETBANKING,success,none,0,0,363,15,12,0.8,0,0,0,none,1,4878.33
TX09173,C0259,25403.41,UPI,success,none,0,0,428,8,6,0.75,0,0,0,none,1,25403.41
TX09174,C0702,533.84,WALLET,success,none,0,0,572,14,8,0.57,1,0,0,none,1,533.84
TX09175,C1051,41237.53,UPI,failed,timeout,4,0,518,12,12,1.0,1,15,0,retry_payment,0,0.0
TX09176,C1776,6016.91,NETBANKING,success,none,0,0,532,17,13,0.76,0,0,0,none,1,6016.91
TX09177,C0194,15537.66,WALLET,success,none,0,0,102,11,8,0.73,0,0,0,none,1,15537.66
TX09178,C1210,3429.46,UPI,success,none,0,0,571,6,3,0.5,1,0,0,none,1,3429.46
TX09179,C1483,22398.19,WALLET,success,none,0,0,464,18,5,0.28,0,0,0,none,1,22398.19
TX09180,C2336,37398.25,NETBANKING,failed,timeout,0,0,272,17,15,0.88,0,0,1,retry_payment,1,37398.25
TX09181,C1867,48924.14,WALLET,success,none,0,0,546,11,7,0.64,1,3,0,none,1,48924.14
TX09182,C2414,43811.44,WALLET,success,none,0,0,210,3,2,0.67,0,0,0,none,1,43811.44
TX09183,C0043,41210.61,CARD,success,none,0,0,531,2,2,1.0,0,0,0,none,1,41210.61
TX09184,C2418,27805.44,NETBANKING,success,none,0,0,439,6,4,0.67,0,0,0,none,1,27805.44
TX09185,C1616,22871.78,CARD,failed,technical_error,4,0,395,13,12,0.92,1,0,0,payment_link,1,22871.78
TX09186,C0296,6874.08,CARD,failed,insufficient_funds,4,0,179,2,2,1.0,1,1,0,send_reminder,0,0.0
TX09187,C2086,11023.59,WALLET,failed,timeout,4,0,16,11,3,0.27,1,0,2,retry_payment,0,0.0
TX09188,C2186,16130.51,UPI,success,none,0,0,414,12,2,0.17,1,0,0,none,1,16130.51
TX09189,C1182,46072.99,WALLET,success,none,0,0,510,15,13,0.87,1,30,0,none,1,46072.99
TX09190,C2337,44037.02,CARD,success,none,0,0,235,17,9,0.53,0,0,0,none,1,44037.02
TX09191,C2369,16386.0,UPI,success,none,0,0,111,12,11,0.92,1,1,0,none,1,16386.0
TX09192,C0849,33902.81,NETBANKING,success,none,0,0,528,19,6,0.32,0,0,0,none,1,33902.81
TX09193,C0172,44382.74,CARD,success,none,0,0,341,19,10,0.53,1,0,0,none,1,44382.74
TX09194,C1540,21166.77,WALLET,failed,bank_error,3,0,473,3,2,0.67,1,3,2,payment_link,1,21166.77
TX09195,C0945,24931.76,UPI,success,none,0,0,551,16,4,0.25,1,0,0,none,1,24931.76
TX09196,C0508,23409.86,CARD,success,none,0,0,221,3,2,0.67,1,1,0,none,1,23409.86
TX09197,C1842,43647.47,NETBANKING,success,none,0,0,409,20,7,0.35,0,0,0,none,1,43647.47
TX09198,C1352,37005.73,CARD,success,none,0,0,299,10,9,0.9,0,0,0,none,1,37005.73
TX09199,C0555,17709.88,CARD,failed,bank_error,4,0,51,8,0,0.0,0,0,2,payment_link,1,17709.88
TX09200,C0964,45835.22,CARD,success,none,0,0,325,18,9,0.5,1,30,0,none,1,45835.22
TX09201,C0404,7498.21,NETBANKING,success,none,0,0,504,16,15,0.94,0,0,0,none,1,7498.21
TX09202,C1773,25745.18,WALLET,success,none,0,0,383,1,1,1.0,0,0,0,none,1,25745.18
TX09203,C2125,14129.55,UPI,success,none,0,0,312,8,4,0.5,0,0,0,none,1,14129.55
TX09204,C1128,21047.35,NETBANKING,success,none,0,0,50,8,4,0.5,0,0,0,none,1,21047.35
TX09205,C1447,45352.03,CARD,failed,bank_error,0,0,558,12,4,0.33,0,0,2,payment_link,0,0.0
TX09206,C0759,41768.15,WALLET,success,none,0,0,338,19,9,0.47,1,1,0,none,1,41768.15
TX09207,C0777,27011.0,NETBANKING,failed,network_error,2,0,368,15,10,0.67,1,15,1,retry_payment,0,0.0
TX09208,C1635,1410.83,CARD,failed,insufficient_funds,2,0,61,3,0,0.0,1,0,1,send_reminder,0,0.0
TX09209,C1111,26393.9,UPI,abandoned,checkout_dropoff,3,1,178,4,3,0.75,1,1,1,send_reminder,1,26393.9
TX09210,C0196,18431.24,CARD,success,none,0,0,410,2,1,0.5,1,1,0,none,1,18431.24
TX09211,C0768,28426.06,WALLET,success,none,0,0,385,11,4,0.36,0,0,0,none,1,28426.06
TX09212,C0652,34550.26,CARD,failed,bank_error,2,0,509,6,6,1.0,0,0,0,payment_link,0,0.0
TX09213,C1915,8090.19,NETBANKING,failed,bank_error,2,0,528,19,7,0.37,1,0,0,payment_link,0,0.0
TX09214,C0940,47394.28,NETBANKING,success,none,0,0,96,4,1,0.25,0,0,0,none,1,47394.28
TX09215,C1014,28423.65,UPI,success,none,0,0,495,7,7,1.0,1,15,0,none,1,28423.65
TX09216,C2475,24898.42,CARD,failed,bank_error,0,0,189,4,2,0.5,1,7,0,payment_link,1,24898.42
TX09217,C2177,30647.32,CARD,abandoned,checkout_dropoff,2,1,464,11,8,0.73,1,7,0,send_reminder,0,0.0
TX09218,C1998,32793.42,UPI,success,none,0,0,139,1,0,0.0,0,0,0,none,1,32793.42
TX09219,C1805,16969.49,NETBANKING,success,none,0,0,355,12,2,0.17,0,0,0,none,1,16969.49
TX09220,C0220,13087.12,UPI,failed,bank_error,2,0,424,19,13,0.68,0,0,0,payment_link,1,13087.12
TX09221,C2375,40751.88,WALLET,success,none,0,0,102,6,2,0.33,1,0,0,none,1,40751.88
TX09222,C2208,26925.4,UPI,success,none,0,0,75,4,0,0.0,0,0,0,none,1,26925.4
TX09223,C2377,4052.61,WALLET,failed,insufficient_funds,1,0,448,20,8,0.4,0,0,0,send_reminder,0,0.0
TX09224,C1852,34434.53,CARD,failed,technical_error,3,0,26,8,8,1.0,0,0,0,payment_link,1,34434.53
TX09225,C0962,42457.57,WALLET,success,none,0,0,499,3,0,0.0,0,0,0,none,1,42457.57
TX09226,C1704,40498.22,UPI,success,none,0,0,281,15,4,0.27,0,0,0,none,1,40498.22
TX09227,C2344,2342.34,CARD,failed,technical_error,0,0,502,3,2,0.67,1,0,1,payment_link,0,0.0
TX09228,C0472,13869.81,UPI,success,none,0,0,248,6,0,0.0,0,0,0,none,1,13869.81
TX09229,C0121,35049.77,CARD,failed,insufficient_funds,2,0,536,7,1,0.14,0,0,0,send_reminder,1,35049.77
TX09230,C0660,25743.16,UPI,success,none,0,0,316,2,1,0.5,1,0,0,none,1,25743.16
TX09231,C1694,16771.54,UPI,success,none,0,0,522,6,4,0.67,0,0,0,none,1,16771.54
TX09232,C0848,5082.83,UPI,success,none,0,0,19,20,1,0.05,0,0,0,none,1,5082.83
TX09233,C1656,19620.79,WALLET,success,none,0,0,66,18,11,0.61,1,15,0,none,1,19620.79
TX09234,C1033,16509.8,NETBANKING,success,none,0,0,539,3,0,0.0,0,0,0,none,1,16509.8
TX09235,C1095,7838.06,NETBANKING,success,none,0,0,572,12,1,0.08,0,0,0,none,1,7838.06
TX09236,C1939,48851.16,WALLET,failed,technical_error,2,0,269,12,8,0.67,0,0,0,payment_link,1,48851.16
TX09237,C0598,9796.16,NETBANKING,success,none,0,0,592,5,3,0.6,1,7,0,none,1,9796.16
TX09238,C1645,33326.27,WALLET,success,none,0,0,116,14,12,0.86,1,1,0,none,1,33326.27
TX09239,C1452,16613.25,WALLET,failed,network_error,2,0,526,16,3,0.19,1,0,2,retry_payment,0,0.0
TX09240,C0035,7809.93,WALLET,success,none,0,0,537,5,0,0.0,1,30,0,none,1,7809.93
TX09241,C1514,32733.24,UPI,success,none,0,0,352,20,18,0.9,1,0,0,none,1,32733.24
TX09242,C2187,48630.63,WALLET,success,none,0,0,553,16,16,1.0,0,0,0,none,1,48630.63
TX09243,C0782,44468.77,UPI,success,none,0,0,30,19,11,0.58,1,15,0,none,1,44468.77
TX09244,C1364,43542.22,UPI,success,none,0,0,372,17,3,0.18,1,3,0,none,1,43542.22
TX09245,C2369,32469.38,UPI,success,none,0,0,388,4,2,0.5,1,0,0,none,1,32469.38
TX09246,C2097,2264.37,UPI,abandoned,checkout_dropoff,2,1,562,17,8,0.47,0,0,0,payment_link,0,0.0
TX09247,C0250,12991.0,UPI,abandoned,checkout_dropoff,0,1,486,20,5,0.25,0,0,1,send_reminder,0,0.0
TX09248,C2293,15106.99,UPI,failed,network_error,4,0,217,8,7,0.88,0,0,0,retry_payment,0,0.0
TX09249,C1570,1871.68,UPI,success,none,0,0,558,15,5,0.33,0,0,0,none,1,1871.68
TX09250,C2196,27908.98,WALLET,failed,insufficient_funds,3,0,439,12,4,0.33,1,3,2,send_reminder,1,27908.98
TX09251,C1556,11024.35,WALLET,failed,insufficient_funds,4,0,50,1,0,0.0,1,1,0,send_reminder,0,0.0
TX09252,C1666,27983.34,NETBANKING,success,none,0,0,326,3,3,1.0,1,30,0,none,1,27983.34
TX09253,C0475,4302.86,CARD,success,none,0,0,216,4,4,1.0,1,0,0,none,1,4302.86
TX09254,C0928,2596.4,WALLET,success,none,0,0,257,20,15,0.75,1,0,0,none,1,2596.4
TX09255,C0210,15135.5,CARD,success,none,0,0,134,19,18,0.95,1,0,0,none,1,15135.5
TX09256,C0217,12046.06,WALLET,failed,insufficient_funds,3,0,313,12,9,0.75,1,0,0,send_reminder,0,0.0
TX09257,C1280,16317.76,UPI,success,none,0,0,233,13,5,0.38,0,0,0,none,1,16317.76
TX09258,C1530,43214.09,NETBANKING,failed,bank_error,2,0,354,19,5,0.26,0,0,2,payment_link,1,43214.09
TX09259,C0435,12431.31,CARD,success,none,0,0,297,14,3,0.21,0,0,0,none,1,12431.31
TX09260,C2051,44224.29,CARD,success,none,0,0,197,18,14,0.78,0,0,0,none,1,44224.29
TX09261,C1325,11757.32,NETBANKING,success,none,0,0,462,8,7,0.88,0,0,0,none,1,11757.32
TX09262,C1890,27299.22,NETBANKING,success,none,0,0,361,18,12,0.67,0,0,0,none,1,27299.22
TX09263,C2278,16518.92,NETBANKING,success,none,0,0,107,4,3,0.75,1,0,0,none,1,16518.92
TX09264,C2428,20090.71,UPI,success,none,0,0,202,14,13,0.93,0,0,0,none,1,20090.71
TX09265,C2003,14342.01,CARD,abandoned,checkout_dropoff,4,1,565,19,18,0.95,0,0,0,payment_link,1,14342.01
TX09266,C1226,38806.89,CARD,success,none,0,0,591,19,19,1.0,1,0,0,none,1,38806.89
TX09267,C1664,6552.95,UPI,success,none,0,0,265,7,6,0.86,0,0,0,none,1,6552.95
TX09268,C0187,5904.88,UPI,abandoned,checkout_dropoff,3,1,17,14,4,0.29,0,0,2,send_reminder,0,0.0
TX09269,C0334,33228.73,CARD,success,none,0,0,510,14,14,1.0,0,0,0,none,1,33228.73
TX09270,C0294,47970.64,WALLET,failed,bank_error,0,0,525,8,1,0.12,1,0,1,payment_link,0,0.0
TX09271,C1473,40486.8,NETBANKING,success,none,0,0,471,18,13,0.72,0,0,0,none,1,40486.8
TX09272,C2127,17060.77,NETBANKING,failed,technical_error,1,0,421,15,11,0.73,0,0,1,payment_link,1,17060.77
TX09273,C2101,28113.17,UPI,success,none,0,0,233,7,2,0.29,1,0,0,none,1,28113.17
TX09274,C1424,30537.07,WALLET,failed,timeout,4,0,507,13,9,0.69,1,15,1,retry_payment,0,0.0
TX09275,C0752,9107.19,UPI,success,none,0,0,297,11,10,0.91,0,0,0,none,1,9107.19
TX09276,C0702,35860.51,WALLET,failed,bank_error,2,0,41,5,2,0.4,0,0,1,payment_link,0,0.0
TX09277,C2349,27017.67,NETBANKING,success,none,0,0,165,17,12,0.71,1,0,0,none,1,27017.67
TX09278,C0471,12865.8,UPI,failed,timeout,3,0,580,1,0,0.0,1,3,2,retry_payment,0,0.0
TX09279,C2280,28016.46,UPI,success,none,0,0,82,4,4,1.0,1,30,0,none,1,28016.46
TX09280,C0611,18136.83,CARD,success,none,0,0,29,11,1,0.09,1,1,0,none,1,18136.83
TX09281,C2123,28256.25,UPI,success,none,0,0,495,12,9,0.75,1,0,0,none,1,28256.25
TX09282,C0442,14222.41,WALLET,success,none,0,0,62,20,15,0.75,1,30,0,none,1,14222.41
TX09283,C2475,5284.86,WALLET,failed,technical_error,3,0,328,2,0,0.0,1,0,0,payment_link,1,5284.86
TX09284,C0626,17251.81,NETBANKING,failed,technical_error,1,0,554,6,4,0.67,1,3,0,payment_link,1,17251.81
TX09285,C0472,17000.4,NETBANKING,success,none,0,0,322,17,12,0.71,0,0,0,none,1,17000.4
TX09286,C1191,38085.08,WALLET,failed,insufficient_funds,0,0,307,5,5,1.0,0,0,2,send_reminder,1,38085.08
TX09287,C0710,3756.91,WALLET,abandoned,checkout_dropoff,3,1,460,16,2,0.12,1,0,2,payment_link,1,3756.91
TX09288,C0114,19230.63,WALLET,success,none,0,0,297,10,4,0.4,1,15,0,none,1,19230.63
TX09289,C0358,33220.64,WALLET,failed,network_error,1,0,72,7,6,0.86,1,0,2,retry_payment,0,0.0
TX09290,C0312,5519.99,NETBANKING,success,none,0,0,54,4,1,0.25,0,0,0,none,1,5519.99
TX09291,C1000,14129.37,WALLET,failed,bank_error,1,0,514,9,9,1.0,0,0,1,payment_link,1,14129.37
TX09292,C0480,14654.2,NETBANKING,success,none,0,0,35,10,10,1.0,0,0,0,none,1,14654.2
TX09293,C1853,15407.47,UPI,success,none,0,0,193,15,13,0.87,0,0,0,none,1,15407.47
TX09294,C1842,48527.27,WALLET,success,none,0,0,576,6,6,1.0,1,0,0,none,1,48527.27
TX09295,C1222,7023.51,UPI,success,none,0,0,196,19,18,0.95,0,0,0,none,1,7023.51
TX09296,C1044,9554.94,UPI,failed,insufficient_funds,0,0,427,7,6,0.86,1,0,0,send_reminder,0,0.0
TX09297,C2098,19814.07,WALLET,success,none,0,0,32,7,5,0.71,1,1,0,none,1,19814.07
TX09298,C0103,40569.41,WALLET,failed,network_error,2,0,227,6,2,0.33,1,7,2,retry_payment,0,0.0
TX09299,C1638,48672.55,WALLET,success,none,0,0,84,1,1,1.0,0,0,0,none,1,48672.55
TX09300,C1511,23363.21,CARD,success,none,0,0,458,18,6,0.33,1,0,0,none,1,23363.21
TX09301,C1822,2796.22,CARD,success,none,0,0,498,7,0,0.0,1,0,0,none,1,2796.22
TX09302,C0239,47779.29,NETBANKING,failed,bank_error,4,0,409,11,7,0.64,0,0,0,payment_link,1,47779.29
TX09303,C0801,47407.2,UPI,failed,bank_error,0,0,371,2,1,0.5,1,0,1,payment_link,0,0.0
TX09304,C1608,41002.96,WALLET,success,none,0,0,461,4,1,0.25,0,0,0,none,1,41002.96
TX09305,C0556,35132.2,UPI,success,none,0,0,197,13,5,0.38,0,0,0,none,1,35132.2
TX09306,C1826,11933.58,CARD,failed,technical_error,4,0,386,2,0,0.0,1,15,0,payment_link,1,11933.58
TX09307,C1432,18702.66,NETBANKING,success,none,0,0,198,2,2,1.0,1,0,0,none,1,18702.66
TX09308,C1343,1936.76,CARD,success,none,0,0,320,10,3,0.3,1,0,0,none,1,1936.76
TX09309,C2305,48431.89,NETBANKING,success,none,0,0,518,14,14,1.0,0,0,0,none,1,48431.89
TX09310,C1314,21986.04,NETBANKING,abandoned,checkout_dropoff,2,1,147,7,7,1.0,0,0,1,send_reminder,0,0.0
TX09311,C1516,5225.88,UPI,failed,bank_error,4,0,272,8,6,0.75,1,0,0,payment_link,0,0.0
TX09312,C1474,34627.44,NETBANKING,success,none,0,0,487,11,0,0.0,0,0,0,none,1,34627.44
TX09313,C2434,22792.62,NETBANKING,failed,timeout,4,0,568,20,0,0.0,0,0,0,retry_payment,0,0.0
TX09314,C0466,3855.5,UPI,success,none,0,0,39,12,2,0.17,1,15,0,none,1,3855.5
TX09315,C2405,11596.61,UPI,success,none,0,0,113,1,1,1.0,0,0,0,none,1,11596.61
TX09316,C0165,25398.63,WALLET,abandoned,checkout_dropoff,3,1,576,2,2,1.0,1,0,1,send_reminder,1,25398.63
TX09317,C0977,22361.83,CARD,success,none,0,0,596,7,0,0.0,1,0,0,none,1,22361.83
TX09318,C2285,18877.5,UPI,success,none,0,0,168,5,1,0.2,1,7,0,none,1,18877.5
TX09319,C0632,35031.69,UPI,success,none,0,0,197,15,14,0.93,0,0,0,none,1,35031.69
TX09320,C0236,38056.06,UPI,failed,network_error,4,0,246,6,2,0.33,1,0,0,retry_payment,0,0.0
TX09321,C0839,35983.48,CARD,abandoned,checkout_dropoff,4,1,264,8,3,0.38,0,0,0,send_reminder,1,35983.48
TX09322,C1675,43511.85,CARD,success,none,0,0,44,4,3,0.75,1,7,0,none,1,43511.85
TX09323,C1484,30931.65,NETBANKING,failed,technical_error,1,0,572,7,3,0.43,0,0,0,payment_link,0,0.0
TX09324,C1826,21428.71,UPI,failed,timeout,4,0,364,14,0,0.0,1,0,1,retry_payment,0,0.0
TX09325,C1280,687.38,NETBANKING,success,none,0,0,463,4,0,0.0,0,0,0,none,1,687.38
TX09326,C0588,22344.14,WALLET,success,none,0,0,558,14,14,1.0,1,3,0,none,1,22344.14
TX09327,C2233,6162.15,UPI,success,none,0,0,60,5,2,0.4,0,0,0,none,1,6162.15
TX09328,C2088,46040.69,WALLET,failed,insufficient_funds,1,0,414,16,12,0.75,0,0,0,send_reminder,1,46040.69
TX09329,C2221,22735.99,WALLET,failed,insufficient_funds,3,0,231,4,4,1.0,0,0,2,send_reminder,0,0.0
TX09330,C0439,43049.44,CARD,success,none,0,0,239,8,8,1.0,1,7,0,none,1,43049.44
TX09331,C1840,28521.18,WALLET,success,none,0,0,423,5,1,0.2,0,0,0,none,1,28521.18
TX09332,C0555,16499.68,NETBANKING,success,none,0,0,262,20,12,0.6,0,0,0,none,1,16499.68
TX09333,C0557,19085.61,UPI,success,none,0,0,406,19,12,0.63,0,0,0,none,1,19085.61
TX09334,C0804,366.52,NETBANKING,abandoned,checkout_dropoff,2,1,584,9,4,0.44,1,0,1,send_reminder,0,0.0
TX09335,C1853,5503.13,WALLET,success,none,0,0,406,19,9,0.47,1,1,0,none,1,5503.13
TX09336,C1255,32554.72,CARD,failed,network_error,4,0,528,17,1,0.06,0,0,1,retry_payment,0,0.0
TX09337,C1308,2796.99,WALLET,failed,network_error,1,0,230,12,10,0.83,1,3,1,retry_payment,1,2796.99
TX09338,C0195,26724.64,NETBANKING,abandoned,checkout_dropoff,2,1,102,10,9,0.9,1,0,1,payment_link,1,26724.64
TX09339,C0142,36838.23,NETBANKING,success,none,0,0,439,2,1,0.5,0,0,0,none,1,36838.23
TX09340,C1574,22497.69,WALLET,success,none,0,0,479,18,2,0.11,1,0,0,none,1,22497.69
TX09341,C0901,6261.51,UPI,success,none,0,0,510,19,11,0.58,1,0,0,none,1,6261.51
TX09342,C0074,34624.18,UPI,success,none,0,0,354,3,2,0.67,1,15,0,none,1,34624.18
TX09343,C0103,9150.56,UPI,failed,timeout,0,0,369,7,6,0.86,0,0,2,retry_payment,1,9150.56
TX09344,C1593,12563.32,NETBANKING,failed,timeout,0,0,381,7,6,0.86,0,0,2,retry_payment,1,12563.32
TX09345,C1628,18617.09,UPI,success,none,0,0,65,4,0,0.0,1,0,0,none,1,18617.09
TX09346,C1939,26684.71,CARD,failed,network_error,3,0,440,9,3,0.33,1,0,1,retry_payment,0,0.0
TX09347,C1463,7138.43,WALLET,failed,insufficient_funds,0,0,502,3,1,0.33,1,3,2,send_reminder,1,7138.43
TX09348,C2237,23910.08,CARD,success,none,0,0,188,17,15,0.88,1,0,0,none,1,23910.08
TX09349,C0618,32660.59,UPI,success,none,0,0,414,15,9,0.6,0,0,0,none,1,32660.59
TX09350,C2127,47742.11,NETBANKING,failed,network_error,2,0,48,9,4,0.44,0,0,2,retry_payment,0,0.0
TX09351,C0268,23665.12,CARD,failed,network_error,0,0,583,13,11,0.85,1,3,1,retry_payment,1,23665.12
TX09352,C2365,24699.45,UPI,success,none,0,0,333,16,8,0.5,0,0,0,none,1,24699.45
TX09353,C2360,13387.87,CARD,success,none,0,0,376,20,13,0.65,1,15,0,none,1,13387.87
TX09354,C2200,7471.77,CARD,failed,bank_error,0,0,504,8,3,0.38,1,30,0,payment_link,0,0.0
TX09355,C1156,28062.34,WALLET,success,none,0,0,558,10,10,1.0,0,0,0,none,1,28062.34
TX09356,C0231,35567.16,WALLET,success,none,0,0,234,15,11,0.73,1,7,0,none,1,35567.16
TX09357,C0639,24696.11,UPI,failed,insufficient_funds,2,0,205,3,3,1.0,1,7,1,send_reminder,0,0.0
TX09358,C0939,48860.58,NETBANKING,success,none,0,0,420,14,11,0.79,0,0,0,none,1,48860.58
TX09359,C0440,48991.11,WALLET,success,none,0,0,165,8,0,0.0,0,0,0,none,1,48991.11
TX09360,C1152,25625.06,CARD,abandoned,checkout_dropoff,4,1,524,3,1,0.33,0,0,1,payment_link,1,25625.06
TX09361,C0602,45076.86,NETBANKING,success,none,0,0,179,6,3,0.5,0,0,0,none,1,45076.86
TX09362,C1281,15971.61,CARD,success,none,0,0,187,5,4,0.8,0,0,0,none,1,15971.61
TX09363,C0154,43632.16,UPI,success,none,0,0,402,18,11,0.61,0,0,0,none,1,43632.16
TX09364,C1226,17592.82,UPI,failed,timeout,2,0,280,20,20,1.0,0,0,0,retry_payment,0,0.0
TX09365,C1188,37158.33,WALLET,success,none,0,0,64,2,0,0.0,1,15,0,none,1,37158.33
TX09366,C0969,5941.56,CARD,success,none,0,0,28,4,2,0.5,0,0,0,none,1,5941.56
TX09367,C2101,49340.44,CARD,failed,insufficient_funds,2,0,423,7,5,0.71,1,0,0,send_reminder,0,0.0
TX09368,C0214,6304.68,CARD,success,none,0,0,500,2,1,0.5,1,0,0,none,1,6304.68
TX09369,C0605,49895.58,WALLET,success,none,0,0,234,7,5,0.71,1,0,0,none,1,49895.58
TX09370,C0800,41983.95,NETBANKING,success,none,0,0,134,5,5,1.0,1,0,0,none,1,41983.95
TX09371,C2418,19612.22,CARD,success,none,0,0,278,16,5,0.31,1,1,0,none,1,19612.22
TX09372,C1962,2658.91,CARD,failed,technical_error,4,0,20,18,15,0.83,0,0,2,payment_link,1,2658.91
TX09373,C0769,26819.65,UPI,failed,timeout,3,0,375,2,1,0.5,0,0,2,retry_payment,0,0.0
TX09374,C2105,26425.73,NETBANKING,abandoned,checkout_dropoff,4,1,127,7,5,0.71,1,0,0,send_reminder,0,0.0
TX09375,C0570,26076.83,WALLET,abandoned,checkout_dropoff,1,1,263,20,12,0.6,1,0,1,payment_link,0,0.0
TX09376,C1631,33780.09,CARD,success,none,0,0,459,14,11,0.79,1,7,0,none,1,33780.09
TX09377,C1161,21804.58,WALLET,failed,bank_error,1,0,487,15,10,0.67,1,30,1,payment_link,0,0.0
TX09378,C1469,44692.78,CARD,failed,timeout,2,0,12,7,6,0.86,0,0,2,retry_payment,0,0.0
TX09379,C2450,31034.11,NETBANKING,success,none,0,0,276,16,4,0.25,1,0,0,none,1,31034.11
TX09380,C0688,49368.43,WALLET,success,none,0,0,551,4,1,0.25,0,0,0,none,1,49368.43
TX09381,C0411,35744.7,NETBANKING,success,none,0,0,557,11,3,0.27,0,0,0,none,1,35744.7
TX09382,C2466,31796.28,CARD,failed,insufficient_funds,3,0,564,13,13,1.0,1,7,2,send_reminder,0,0.0
TX09383,C1414,33079.85,CARD,success,none,0,0,412,7,0,0.0,0,0,0,none,1,33079.85
TX09384,C0203,45408.37,UPI,success,none,0,0,570,4,0,0.0,1,0,0,none,1,45408.37
TX09385,C0451,8858.12,UPI,success,none,0,0,101,2,0,0.0,0,0,0,none,1,8858.12
TX09386,C0569,26415.48,WALLET,failed,bank_error,4,0,320,10,7,0.7,1,0,0,payment_link,0,0.0
TX09387,C1662,49919.02,WALLET,success,none,0,0,520,13,3,0.23,1,0,0,none,1,49919.02
TX09388,C0359,25635.53,CARD,success,none,0,0,382,11,4,0.36,1,0,0,none,1,25635.53
TX09389,C0144,31670.58,UPI,success,none,0,0,14,15,3,0.2,0,0,0,none,1,31670.58
TX09390,C2423,46124.96,WALLET,success,none,0,0,121,3,3,1.0,1,0,0,none,1,46124.96
TX09391,C1375,47850.38,WALLET,success,none,0,0,292,11,10,0.91,0,0,0,none,1,47850.38
TX09392,C0949,37130.55,UPI,success,none,0,0,225,12,2,0.17,1,0,0,none,1,37130.55
TX09393,C0744,7569.21,UPI,success,none,0,0,519,10,9,0.9,0,0,0,none,1,7569.21
TX09394,C2435,4108.95,UPI,abandoned,checkout_dropoff,0,1,105,5,4,0.8,1,7,1,payment_link,0,0.0
TX09395,C0575,42853.83,NETBANKING,abandoned,checkout_dropoff,2,1,412,16,15,0.94,1,0,2,send_reminder,0,0.0
TX09396,C0177,26693.53,CARD,abandoned,checkout_dropoff,3,1,533,3,2,0.67,1,0,2,payment_link,1,26693.53
TX09397,C1707,30510.1,UPI,failed,timeout,0,0,571,3,3,1.0,0,0,0,retry_payment,1,30510.1
TX09398,C1533,30333.66,WALLET,success,none,0,0,471,10,4,0.4,0,0,0,none,1,30333.66
TX09399,C1063,48941.08,CARD,success,none,0,0,487,7,1,0.14,1,0,0,none,1,48941.08
TX09400,C0040,17782.03,NETBANKING,success,none,0,0,173,1,0,0.0,1,0,0,none,1,17782.03
TX09401,C1248,45935.15,CARD,success,none,0,0,360,19,11,0.58,0,0,0,none,1,45935.15
TX09402,C1393,8436.56,CARD,abandoned,checkout_dropoff,2,1,149,2,2,1.0,0,0,2,send_reminder,1,8436.56
TX09403,C1426,26697.62,NETBANKING,success,none,0,0,594,3,1,0.33,1,15,0,none,1,26697.62
TX09404,C0154,24086.56,CARD,success,none,0,0,266,4,2,0.5,1,15,0,none,1,24086.56
TX09405,C0771,9329.65,WALLET,success,none,0,0,299,11,9,0.82,0,0,0,none,1,9329.65
TX09406,C0103,16489.39,WALLET,success,none,0,0,577,16,11,0.69,1,0,0,none,1,16489.39
TX09407,C1428,24519.1,CARD,success,none,0,0,169,12,9,0.75,1,0,0,none,1,24519.1
TX09408,C0081,38052.9,UPI,failed,technical_error,4,0,445,9,6,0.67,0,0,1,payment_link,1,38052.9
TX09409,C1206,13940.02,CARD,failed,technical_error,0,0,91,10,1,0.1,1,15,2,payment_link,0,0.0
TX09410,C0181,38063.58,UPI,abandoned,checkout_dropoff,3,1,346,16,16,1.0,1,0,1,payment_link,1,38063.58
TX09411,C2051,47709.42,WALLET,success,none,0,0,172,13,9,0.69,0,0,0,none,1,47709.42
TX09412,C2395,4445.61,WALLET,success,none,0,0,178,8,6,0.75,0,0,0,none,1,4445.61
TX09413,C1531,9580.93,WALLET,success,none,0,0,473,2,0,0.0,0,0,0,none,1,9580.93
TX09414,C0508,33782.38,WALLET,failed,timeout,4,0,466,17,1,0.06,0,0,0,retry_payment,0,0.0
TX09415,C0550,11697.64,WALLET,success,none,0,0,354,18,12,0.67,1,15,0,none,1,11697.64
TX09416,C2352,4075.08,WALLET,success,none,0,0,572,1,0,0.0,0,0,0,none,1,4075.08
TX09417,C1979,39671.78,NETBANKING,failed,technical_error,0,0,125,2,2,1.0,1,1,1,payment_link,1,39671.78
TX09418,C0259,38520.49,UPI,failed,timeout,3,0,247,1,0,0.0,0,0,0,retry_payment,0,0.0
TX09419,C1514,42707.4,WALLET,failed,network_error,2,0,449,19,3,0.16,0,0,1,retry_payment,0,0.0
TX09420,C1570,13299.52,CARD,success,none,0,0,221,4,2,0.5,0,0,0,none,1,13299.52
TX09421,C1072,11148.56,CARD,success,none,0,0,273,9,2,0.22,1,0,0,none,1,11148.56
TX09422,C1535,12168.41,NETBANKING,success,none,0,0,190,10,0,0.0,1,0,0,none,1,12168.41
TX09423,C1618,1496.91,WALLET,success,none,0,0,387,9,3,0.33,0,0,0,none,1,1496.91
TX09424,C0408,11303.47,UPI,success,none,0,0,254,15,15,1.0,1,0,0,none,1,11303.47
TX09425,C0337,30470.19,NETBANKING,success,none,0,0,174,17,11,0.65,0,0,0,none,1,30470.19
TX09426,C0713,2047.17,CARD,success,none,0,0,18,1,1,1.0,0,0,0,none,1,2047.17
TX09427,C0950,3176.01,NETBANKING,success,none,0,0,285,15,4,0.27,1,0,0,none,1,3176.01
TX09428,C1258,37112.39,WALLET,failed,bank_error,2,0,444,11,2,0.18,1,0,1,payment_link,0,0.0
TX09429,C2452,27707.96,CARD,abandoned,checkout_dropoff,2,1,102,20,19,0.95,0,0,0,send_reminder,1,27707.96
TX09430,C1912,41654.04,WALLET,success,none,0,0,179,12,9,0.75,0,0,0,none,1,41654.04
TX09431,C1878,24678.19,NETBANKING,success,none,0,0,298,9,1,0.11,1,0,0,none,1,24678.19
TX09432,C1539,45703.23,UPI,success,none,0,0,429,2,1,0.5,1,0,0,none,1,45703.23
TX09433,C0313,28057.38,UPI,failed,insufficient_funds,4,0,445,18,14,0.78,0,0,2,send_reminder,0,0.0
TX09434,C2484,14970.51,WALLET,success,none,0,0,75,8,4,0.5,0,0,0,none,1,14970.51
TX09435,C0379,36213.8,WALLET,success,none,0,0,41,7,1,0.14,0,0,0,none,1,36213.8
TX09436,C0818,26563.55,CARD,success,none,0,0,397,7,7,1.0,1,0,0,none,1,26563.55
TX09437,C1635,37783.96,WALLET,success,none,0,0,542,18,0,0.0,0,0,0,none,1,37783.96
TX09438,C2400,46821.14,CARD,success,none,0,0,107,9,2,0.22,0,0,0,none,1,46821.14
TX09439,C0408,49746.77,CARD,abandoned,checkout_dropoff,1,1,287,1,1,1.0,1,0,1,send_reminder,1,49746.77
TX09440,C0532,37920.79,UPI,failed,network_error,1,0,337,19,12,0.63,1,15,2,retry_payment,0,0.0
TX09441,C1446,20658.4,UPI,success,none,0,0,205,12,3,0.25,0,0,0,none,1,20658.4
TX09442,C0289,29189.12,WALLET,abandoned,checkout_dropoff,1,1,229,19,10,0.53,1,30,2,send_reminder,0,0.0
TX09443,C2462,37556.69,WALLET,failed,technical_error,0,0,182,15,13,0.87,1,0,2,payment_link,0,0.0
TX09444,C2440,8166.86,UPI,success,none,0,0,599,14,9,0.64,0,0,0,none,1,8166.86
TX09445,C0080,41527.55,UPI,success,none,0,0,79,8,6,0.75,1,15,0,none,1,41527.55
TX09446,C0145,20599.69,WALLET,success,none,0,0,183,2,0,0.0,0,0,0,none,1,20599.69
TX09447,C1848,13792.6,UPI,failed,timeout,4,0,261,9,7,0.78,1,0,0,retry_payment,0,0.0
TX09448,C0434,4136.48,UPI,success,none,0,0,12,8,0,0.0,1,1,0,none,1,4136.48
TX09449,C0917,24231.75,WALLET,success,none,0,0,295,11,5,0.45,1,0,0,none,1,24231.75
TX09450,C1503,45703.28,CARD,abandoned,checkout_dropoff,1,1,176,5,3,0.6,1,30,2,send_reminder,1,45703.28
TX09451,C0107,6234.7,UPI,failed,insufficient_funds,3,0,592,10,9,0.9,0,0,1,send_reminder,1,6234.7
TX09452,C2240,38643.92,NETBANKING,success,none,0,0,274,7,5,0.71,0,0,0,none,1,38643.92
TX09453,C0719,867.45,NETBANKING,failed,insufficient_funds,0,0,333,17,5,0.29,1,0,1,send_reminder,1,867.45
TX09454,C2076,36269.68,WALLET,success,none,0,0,272,9,3,0.33,0,0,0,none,1,36269.68
TX09455,C0615,22670.01,UPI,success,none,0,0,325,11,6,0.55,0,0,0,none,1,22670.01
TX09456,C2123,16740.46,CARD,success,none,0,0,278,2,1,0.5,0,0,0,none,1,16740.46
TX09457,C1279,17631.9,WALLET,success,none,0,0,561,5,2,0.4,1,0,0,none,1,17631.9
TX09458,C0693,3821.59,WALLET,success,none,0,0,499,16,2,0.12,1,0,0,none,1,3821.59
TX09459,C2470,34602.43,NETBANKING,failed,technical_error,4,0,275,15,13,0.87,1,0,1,payment_link,1,34602.43
TX09460,C2031,13357.73,NETBANKING,failed,bank_error,0,0,261,17,13,0.76,1,1,0,payment_link,1,13357.73
TX09461,C2027,49440.33,NETBANKING,failed,bank_error,1,0,497,10,0,0.0,1,1,0,payment_link,0,0.0
TX09462,C1799,18234.27,CARD,success,none,0,0,577,7,6,0.86,0,0,0,none,1,18234.27
TX09463,C0809,26132.2,NETBANKING,success,none,0,0,64,5,4,0.8,1,3,0,none,1,26132.2
TX09464,C0996,34424.51,UPI,abandoned,checkout_dropoff,3,1,194,16,10,0.62,1,0,2,send_reminder,1,34424.51
TX09465,C1206,6499.71,CARD,success,none,0,0,480,9,5,0.56,0,0,0,none,1,6499.71
TX09466,C0210,26070.9,WALLET,failed,network_error,3,0,366,20,16,0.8,0,0,1,retry_payment,0,0.0
TX09467,C0894,3950.69,UPI,success,none,0,0,91,5,2,0.4,0,0,0,none,1,3950.69
TX09468,C0777,21461.12,CARD,success,none,0,0,562,5,3,0.6,0,0,0,none,1,21461.12
TX09469,C1433,39792.94,WALLET,failed,timeout,2,0,585,16,11,0.69,1,7,2,retry_payment,0,0.0
TX09470,C0654,26200.75,UPI,failed,timeout,1,0,121,20,19,0.95,0,0,1,retry_payment,1,26200.75
TX09471,C0928,18302.79,CARD,success,none,0,0,243,8,5,0.62,1,0,0,none,1,18302.79
TX09472,C2077,41188.99,UPI,success,none,0,0,560,11,10,0.91,0,0,0,none,1,41188.99
TX09473,C1152,49216.32,WALLET,failed,network_error,0,0,90,13,10,0.77,0,0,0,retry_payment,1,49216.32
TX09474,C0005,2587.77,CARD,success,none,0,0,559,19,6,0.32,1,3,0,none,1,2587.77
TX09475,C0163,24618.23,CARD,success,none,0,0,386,14,11,0.79,1,0,0,none,1,24618.23
TX09476,C1084,44258.89,UPI,success,none,0,0,125,9,0,0.0,0,0,0,none,1,44258.89
TX09477,C1100,28907.73,CARD,failed,insufficient_funds,1,0,118,16,3,0.19,0,0,0,send_reminder,1,28907.73
TX09478,C0808,6333.29,NETBANKING,success,none,0,0,384,6,3,0.5,1,30,0,none,1,6333.29
TX09479,C1462,36240.06,NETBANKING,failed,bank_error,2,0,264,5,2,0.4,0,0,1,payment_link,1,36240.06
TX09480,C1821,17992.98,NETBANKING,success,none,0,0,187,10,9,0.9,0,0,0,none,1,17992.98
TX09481,C2435,38453.84,WALLET,failed,timeout,3,0,345,6,4,0.67,0,0,2,retry_payment,0,0.0
TX09482,C0506,22371.57,CARD,abandoned,checkout_dropoff,1,1,285,11,8,0.73,1,0,0,send_reminder,0,0.0
TX09483,C0331,21734.36,WALLET,success,none,0,0,572,8,8,1.0,1,3,0,none,1,21734.36
TX09484,C1759,4580.94,UPI,success,none,0,0,185,6,3,0.5,1,1,0,none,1,4580.94
TX09485,C2456,14222.67,WALLET,failed,timeout,2,0,149,11,0,0.0,1,0,2,retry_payment,0,0.0
TX09486,C0624,29050.18,NETBANKING,success,none,0,0,243,7,4,0.57,0,0,0,none,1,29050.18
TX09487,C2373,34763.18,CARD,success,none,0,0,533,12,11,0.92,0,0,0,none,1,34763.18
TX09488,C1392,18775.6,CARD,success,none,0,0,535,10,6,0.6,1,0,0,none,1,18775.6
TX09489,C0978,26209.24,WALLET,abandoned,checkout_dropoff,3,1,359,19,5,0.26,1,3,0,send_reminder,0,0.0
TX09490,C0826,5270.18,WALLET,success,none,0,0,134,11,11,1.0,1,0,0,none,1,5270.18
TX09491,C0010,44493.94,WALLET,success,none,0,0,579,15,5,0.33,1,0,0,none,1,44493.94
TX09492,C0499,786.45,WALLET,success,none,0,0,411,9,5,0.56,1,0,0,none,1,786.45
TX09493,C1744,2404.62,CARD,failed,network_error,4,0,462,7,2,0.29,1,3,1,retry_payment,0,0.0
TX09494,C2284,31327.5,UPI,success,none,0,0,252,17,0,0.0,1,3,0,none,1,31327.5
TX09495,C1103,21103.67,UPI,abandoned,checkout_dropoff,1,1,165,10,0,0.0,0,0,0,payment_link,0,0.0
TX09496,C0926,2361.46,NETBANKING,success,none,0,0,199,8,4,0.5,0,0,0,none,1,2361.46
TX09497,C1931,46854.24,WALLET,failed,bank_error,4,0,346,14,0,0.0,1,1,2,payment_link,1,46854.24
TX09498,C1628,17152.72,WALLET,success,none,0,0,433,2,0,0.0,0,0,0,none,1,17152.72
TX09499,C0135,28062.07,CARD,success,none,0,0,64,3,3,1.0,0,0,0,none,1,28062.07
TX09500,C1454,26005.7,NETBANKING,success,none,0,0,414,1,0,0.0,0,0,0,none,1,26005.7
TX09501,C1291,10283.58,UPI,success,none,0,0,379,17,9,0.53,0,0,0,none,1,10283.58
TX09502,C0988,32418.69,NETBANKING,success,none,0,0,79,19,11,0.58,1,0,0,none,1,32418.69
TX09503,C1849,23155.19,NETBANKING,success,none,0,0,333,9,4,0.44,0,0,0,none,1,23155.19
TX09504,C1286,45397.4,CARD,failed,insufficient_funds,4,0,105,7,5,0.71,1,0,2,send_reminder,1,45397.4
TX09505,C1697,39370.43,NETBANKING,success,none,0,0,584,20,6,0.3,1,0,0,none,1,39370.43
TX09506,C2243,31486.5,WALLET,abandoned,checkout_dropoff,0,1,412,13,6,0.46,1,0,2,send_reminder,1,31486.5
TX09507,C1989,15825.19,CARD,success,none,0,0,569,15,6,0.4,1,0,0,none,1,15825.19
TX09508,C0390,27579.29,UPI,success,none,0,0,273,11,5,0.45,1,15,0,none,1,27579.29
TX09509,C2410,6118.78,WALLET,success,none,0,0,505,8,4,0.5,1,0,0,none,1,6118.78
TX09510,C0761,40343.62,UPI,success,none,0,0,110,12,0,0.0,1,0,0,none,1,40343.62
TX09511,C1973,5570.67,UPI,success,none,0,0,50,5,5,1.0,0,0,0,none,1,5570.67
TX09512,C1166,30440.22,NETBANKING,success,none,0,0,422,3,1,0.33,0,0,0,none,1,30440.22
TX09513,C0946,42509.45,WALLET,success,none,0,0,583,4,4,1.0,0,0,0,none,1,42509.45
TX09514,C0653,27309.31,NETBANKING,failed,network_error,3,0,534,5,3,0.6,0,0,0,retry_payment,0,0.0
TX09515,C0888,8686.66,NETBANKING,failed,timeout,0,0,70,2,2,1.0,0,0,1,retry_payment,1,8686.66
TX09516,C2407,34642.06,WALLET,success,none,0,0,276,11,3,0.27,1,0,0,none,1,34642.06
TX09517,C0452,1145.88,NETBANKING,success,none,0,0,121,3,1,0.33,0,0,0,none,1,1145.88
TX09518,C0179,45042.63,CARD,success,none,0,0,375,5,3,0.6,0,0,0,none,1,45042.63
TX09519,C0830,12771.11,UPI,success,none,0,0,290,10,0,0.0,1,0,0,none,1,12771.11
TX09520,C0030,24935.11,NETBANKING,success,none,0,0,289,2,1,0.5,1,3,0,none,1,24935.11
TX09521,C1304,27925.56,NETBANKING,success,none,0,0,157,13,4,0.31,1,0,0,none,1,27925.56
TX09522,C1946,8396.41,CARD,success,none,0,0,265,9,1,0.11,0,0,0,none,1,8396.41
TX09523,C1783,7777.74,NETBANKING,success,none,0,0,235,12,7,0.58,1,0,0,none,1,7777.74
TX09524,C0270,49786.38,UPI,success,none,0,0,61,6,6,1.0,1,0,0,none,1,49786.38
TX09525,C0943,10554.11,WALLET,abandoned,checkout_dropoff,4,1,259,1,0,0.0,0,0,0,payment_link,0,0.0
TX09526,C1589,42423.28,WALLET,success,none,0,0,336,17,1,0.06,0,0,0,none,1,42423.28
TX09527,C2229,37355.57,UPI,failed,technical_error,2,0,322,3,0,0.0,1,0,2,payment_link,0,0.0
TX09528,C0988,44584.1,NETBANKING,success,none,0,0,457,6,4,0.67,0,0,0,none,1,44584.1
TX09529,C2406,41688.93,WALLET,success,none,0,0,203,12,8,0.67,1,0,0,none,1,41688.93
TX09530,C0381,48376.51,WALLET,failed,network_error,1,0,450,1,0,0.0,0,0,0,retry_payment,1,48376.51
TX09531,C1428,33783.49,CARD,success,none,0,0,552,3,0,0.0,1,7,0,none,1,33783.49
TX09532,C1668,16000.12,CARD,success,none,0,0,551,18,4,0.22,1,0,0,none,1,16000.12
TX09533,C0822,14142.13,UPI,success,none,0,0,404,8,2,0.25,1,3,0,none,1,14142.13
TX09534,C0594,28275.08,WALLET,success,none,0,0,97,1,0,0.0,1,0,0,none,1,28275.08
TX09535,C0421,18507.23,NETBANKING,success,none,0,0,598,11,8,0.73,0,0,0,none,1,18507.23
TX09536,C2224,16051.88,UPI,success,none,0,0,30,17,6,0.35,0,0,0,none,1,16051.88
TX09537,C0402,47325.1,WALLET,abandoned,checkout_dropoff,2,1,516,1,0,0.0,1,7,2,send_reminder,0,0.0
TX09538,C0977,33686.04,NETBANKING,success,none,0,0,226,14,12,0.86,0,0,0,none,1,33686.04
TX09539,C0388,23821.31,WALLET,success,none,0,0,100,19,15,0.79,0,0,0,none,1,23821.31
TX09540,C0044,5753.49,UPI,success,none,0,0,56,20,9,0.45,0,0,0,none,1,5753.49
TX09541,C1353,20708.93,NETBANKING,success,none,0,0,430,9,9,1.0,0,0,0,none,1,20708.93
TX09542,C2041,31032.68,UPI,success,none,0,0,63,9,2,0.22,0,0,0,none,1,31032.68
TX09543,C0378,20996.85,CARD,success,none,0,0,70,4,3,0.75,1,0,0,none,1,20996.85
TX09544,C0395,11642.31,CARD,success,none,0,0,496,7,6,0.86,0,0,0,none,1,11642.31
TX09545,C2029,48606.06,NETBANKING,success,none,0,0,555,19,19,1.0,0,0,0,none,1,48606.06
TX09546,C1523,27208.54,WALLET,success,none,0,0,285,17,10,0.59,0,0,0,none,1,27208.54
TX09547,C0495,42946.31,NETBANKING,failed,technical_error,2,0,119,14,4,0.29,1,1,2,payment_link,1,42946.31
TX09548,C1246,36502.77,UPI,success,none,0,0,292,19,2,0.11,0,0,0,none,1,36502.77
TX09549,C1022,24494.32,NETBANKING,success,none,0,0,179,13,2,0.15,0,0,0,none,1,24494.32
TX09550,C1588,41328.8,UPI,success,none,0,0,482,14,1,0.07,1,0,0,none,1,41328.8
TX09551,C0911,17627.72,UPI,abandoned,checkout_dropoff,3,1,273,20,7,0.35,0,0,1,payment_link,0,0.0
TX09552,C1157,37535.1,CARD,success,none,0,0,450,15,5,0.33,1,1,0,none,1,37535.1
TX09553,C1187,32842.29,UPI,success,none,0,0,185,15,3,0.2,0,0,0,none,1,32842.29
TX09554,C0667,37196.93,WALLET,failed,bank_error,4,0,33,13,6,0.46,0,0,0,payment_link,1,37196.93
TX09555,C1777,14335.93,UPI,success,none,0,0,488,20,13,0.65,1,15,0,none,1,14335.93
TX09556,C1871,32378.71,UPI,failed,insufficient_funds,3,0,405,2,1,0.5,1,7,2,send_reminder,1,32378.71
TX09557,C0372,8871.72,UPI,success,none,0,0,316,7,1,0.14,0,0,0,none,1,8871.72
TX09558,C0150,957.38,CARD,failed,insufficient_funds,1,0,228,10,3,0.3,1,0,2,send_reminder,0,0.0
TX09559,C1173,22482.81,CARD,success,none,0,0,426,6,5,0.83,0,0,0,none,1,22482.81
TX09560,C1572,16714.4,NETBANKING,success,none,0,0,597,16,2,0.12,1,3,0,none,1,16714.4
TX09561,C1784,25730.98,NETBANKING,success,none,0,0,600,10,5,0.5,0,0,0,none,1,25730.98
TX09562,C2124,27302.43,CARD,success,none,0,0,58,18,7,0.39,0,0,0,none,1,27302.43
TX09563,C1628,23374.69,UPI,failed,bank_error,1,0,486,7,5,0.71,1,1,1,payment_link,1,23374.69
TX09564,C0600,46867.04,WALLET,success,none,0,0,431,19,6,0.32,1,0,0,none,1,46867.04
TX09565,C2210,33109.11,CARD,success,none,0,0,524,9,0,0.0,1,0,0,none,1,33109.11
TX09566,C1993,9186.63,NETBANKING,success,none,0,0,591,8,1,0.12,0,0,0,none,1,9186.63
TX09567,C1250,40452.67,CARD,failed,technical_error,0,0,495,7,7,1.0,1,0,1,payment_link,0,0.0
TX09568,C0301,12261.15,UPI,failed,insufficient_funds,4,0,55,2,0,0.0,0,0,0,send_reminder,1,12261.15
TX09569,C2217,11561.7,UPI,success,none,0,0,307,16,9,0.56,0,0,0,none,1,11561.7
TX09570,C1729,47633.53,CARD,success,none,0,0,390,6,4,0.67,0,0,0,none,1,47633.53
TX09571,C0796,11555.39,NETBANKING,success,none,0,0,469,9,4,0.44,1,7,0,none,1,11555.39
TX09572,C0661,17738.92,WALLET,failed,bank_error,1,0,517,15,5,0.33,0,0,0,payment_link,1,17738.92
TX09573,C2335,11043.57,NETBANKING,success,none,0,0,240,20,20,1.0,1,0,0,none,1,11043.57
TX09574,C1140,19651.68,WALLET,success,none,0,0,484,4,1,0.25,1,30,0,none,1,19651.68
TX09575,C0998,33975.02,NETBANKING,success,none,0,0,210,14,6,0.43,1,15,0,none,1,33975.02
TX09576,C2118,48632.83,UPI,success,none,0,0,262,6,5,0.83,0,0,0,none,1,48632.83
TX09577,C2476,19604.52,WALLET,failed,bank_error,0,0,445,6,2,0.33,1,30,1,payment_link,0,0.0
TX09578,C2201,26850.74,CARD,success,none,0,0,346,18,11,0.61,0,0,0,none,1,26850.74
TX09579,C2246,45225.6,WALLET,success,none,0,0,330,15,4,0.27,1,3,0,none,1,45225.6
TX09580,C1339,41156.59,CARD,success,none,0,0,272,13,11,0.85,0,0,0,none,1,41156.59
TX09581,C1332,29226.42,NETBANKING,success,none,0,0,598,4,0,0.0,1,0,0,none,1,29226.42
TX09582,C1757,18388.46,WALLET,abandoned,checkout_dropoff,3,1,261,17,4,0.24,0,0,2,send_reminder,1,18388.46
TX09583,C2313,29808.51,CARD,success,none,0,0,118,5,4,0.8,0,0,0,none,1,29808.51
TX09584,C0495,44516.54,NETBANKING,success,none,0,0,19,1,1,1.0,0,0,0,none,1,44516.54
TX09585,C1740,39508.98,NETBANKING,success,none,0,0,223,10,3,0.3,0,0,0,none,1,39508.98
TX09586,C2335,13912.22,NETBANKING,failed,technical_error,2,0,539,3,3,1.0,1,3,1,payment_link,1,13912.22
TX09587,C0764,13599.74,CARD,failed,network_error,2,0,214,11,6,0.55,0,0,0,retry_payment,0,0.0
TX09588,C1033,3930.53,NETBANKING,success,none,0,0,370,19,10,0.53,1,0,0,none,1,3930.53
TX09589,C2053,1528.96,NETBANKING,failed,bank_error,0,0,357,11,3,0.27,1,30,2,payment_link,0,0.0
TX09590,C1251,20721.78,NETBANKING,success,none,0,0,291,4,0,0.0,1,0,0,none,1,20721.78
TX09591,C1509,40631.34,CARD,success,none,0,0,76,12,10,0.83,1,0,0,none,1,40631.34
TX09592,C1753,1025.86,WALLET,failed,network_error,4,0,205,3,1,0.33,1,0,2,retry_payment,0,0.0
TX09593,C1465,10053.59,UPI,success,none,0,0,167,6,4,0.67,1,0,0,none,1,10053.59
TX09594,C0599,3622.55,WALLET,abandoned,checkout_dropoff,1,1,111,9,8,0.89,1,1,1,send_reminder,0,0.0
TX09595,C2333,20871.17,NETBANKING,abandoned,checkout_dropoff,1,1,577,19,4,0.21,1,0,2,payment_link,0,0.0
TX09596,C1285,38708.01,WALLET,success,none,0,0,140,2,0,0.0,0,0,0,none,1,38708.01
TX09597,C1405,6853.29,WALLET,success,none,0,0,502,11,6,0.55,1,0,0,none,1,6853.29
TX09598,C0415,18618.96,NETBANKING,success,none,0,0,112,9,7,0.78,1,30,0,none,1,18618.96
TX09599,C1314,4226.36,UPI,success,none,0,0,379,4,2,0.5,0,0,0,none,1,4226.36
TX09600,C0105,42866.92,CARD,success,none,0,0,529,8,6,0.75,1,0,0,none,1,42866.92
TX09601,C1937,47068.22,NETBANKING,success,none,0,0,436,9,1,0.11,0,0,0,none,1,47068.22
TX09602,C0976,18466.28,CARD,failed,technical_error,0,0,32,13,9,0.69,0,0,0,payment_link,1,18466.28
TX09603,C2487,3110.56,NETBANKING,success,none,0,0,460,13,2,0.15,1,1,0,none,1,3110.56
TX09604,C1109,13299.52,UPI,failed,timeout,2,0,110,15,15,1.0,1,0,0,retry_payment,0,0.0
TX09605,C0582,4152.83,WALLET,failed,bank_error,0,0,434,8,4,0.5,0,0,1,payment_link,1,4152.83
TX09606,C2099,21305.13,NETBANKING,abandoned,checkout_dropoff,2,1,176,4,1,0.25,1,0,1,send_reminder,1,21305.13
TX09607,C0467,12838.38,NETBANKING,failed,network_error,3,0,78,8,8,1.0,1,0,1,retry_payment,0,0.0
TX09608,C2135,14205.83,WALLET,success,none,0,0,173,9,8,0.89,1,7,0,none,1,14205.83
TX09609,C0899,39704.48,CARD,failed,network_error,2,0,302,19,17,0.89,0,0,2,retry_payment,0,0.0
TX09610,C2140,34927.53,NETBANKING,failed,network_error,1,0,228,17,12,0.71,1,0,2,retry_payment,1,34927.53
TX09611,C1580,1544.57,WALLET,failed,technical_error,4,0,43,10,9,0.9,0,0,0,payment_link,1,1544.57
TX09612,C1563,9971.21,CARD,failed,insufficient_funds,0,0,489,15,13,0.87,0,0,1,send_reminder,0,0.0
TX09613,C0493,46381.51,CARD,success,none,0,0,576,18,11,0.61,0,0,0,none,1,46381.51
TX09614,C2132,16429.21,CARD,success,none,0,0,132,5,4,0.8,0,0,0,none,1,16429.21
TX09615,C1974,9773.01,NETBANKING,success,none,0,0,99,5,2,0.4,1,0,0,none,1,9773.01
TX09616,C1325,44634.77,UPI,success,none,0,0,276,9,5,0.56,0,0,0,none,1,44634.77
TX09617,C0231,48293.29,UPI,success,none,0,0,129,18,11,0.61,1,1,0,none,1,48293.29
TX09618,C1499,34361.73,UPI,abandoned,checkout_dropoff,4,1,540,11,1,0.09,1,1,2,payment_link,1,34361.73
TX09619,C1002,16756.65,NETBANKING,success,none,0,0,474,8,7,0.88,0,0,0,none,1,16756.65
TX09620,C0219,26512.59,CARD,success,none,0,0,467,9,6,0.67,1,1,0,none,1,26512.59
TX09621,C1137,32009.63,UPI,success,none,0,0,279,10,6,0.6,0,0,0,none,1,32009.63
TX09622,C0668,12065.81,UPI,success,none,0,0,194,14,14,1.0,1,30,0,none,1,12065.81
TX09623,C0553,38111.85,WALLET,success,none,0,0,525,18,0,0.0,0,0,0,none,1,38111.85
TX09624,C2145,42645.75,UPI,success,none,0,0,23,20,15,0.75,0,0,0,none,1,42645.75
TX09625,C1885,31547.32,CARD,success,none,0,0,574,3,2,0.67,1,0,0,none,1,31547.32
TX09626,C0299,6082.45,NETBANKING,success,none,0,0,433,9,9,1.0,1,3,0,none,1,6082.45
TX09627,C2371,33652.51,WALLET,abandoned,checkout_dropoff,0,1,436,10,9,0.9,1,0,0,send_reminder,0,0.0
TX09628,C0087,32606.24,UPI,success,none,0,0,386,2,0,0.0,1,3,0,none,1,32606.24
TX09629,C0896,13985.35,NETBANKING,success,none,0,0,581,3,2,0.67,1,1,0,none,1,13985.35
TX09630,C2408,1478.19,UPI,success,none,0,0,483,4,3,0.75,0,0,0,none,1,1478.19
TX09631,C0518,30133.94,CARD,failed,timeout,0,0,127,8,3,0.38,0,0,0,retry_payment,1,30133.94
TX09632,C2493,5892.39,UPI,failed,timeout,4,0,203,15,15,1.0,0,0,1,retry_payment,0,0.0
TX09633,C1740,45797.21,WALLET,success,none,0,0,311,20,20,1.0,1,30,0,none,1,45797.21
TX09634,C1668,27568.75,UPI,failed,network_error,3,0,63,18,17,0.94,1,15,0,retry_payment,0,0.0
TX09635,C0814,27298.43,NETBANKING,success,none,0,0,381,19,12,0.63,1,0,0,none,1,27298.43
TX09636,C1293,48971.97,WALLET,success,none,0,0,374,8,8,1.0,0,0,0,none,1,48971.97
TX09637,C1807,25001.2,CARD,failed,insufficient_funds,3,0,304,2,1,0.5,1,1,1,send_reminder,0,0.0
TX09638,C0022,39977.94,NETBANKING,success,none,0,0,154,19,16,0.84,0,0,0,none,1,39977.94
TX09639,C0165,6522.7,NETBANKING,failed,network_error,2,0,87,5,1,0.2,1,30,0,retry_payment,0,0.0
TX09640,C1044,42774.15,NETBANKING,failed,insufficient_funds,0,0,127,1,1,1.0,1,1,2,send_reminder,0,0.0
TX09641,C0548,35110.09,WALLET,success,none,0,0,89,17,11,0.65,1,0,0,none,1,35110.09
TX09642,C2175,25816.97,CARD,success,none,0,0,119,13,2,0.15,0,0,0,none,1,25816.97
TX09643,C2398,6986.73,NETBANKING,success,none,0,0,512,6,6,1.0,1,30,0,none,1,6986.73
TX09644,C1050,13035.68,CARD,success,none,0,0,462,15,9,0.6,1,0,0,none,1,13035.68
TX09645,C1205,29949.76,UPI,abandoned,checkout_dropoff,3,1,275,15,13,0.87,1,0,0,payment_link,1,29949.76
TX09646,C1987,30959.32,NETBANKING,abandoned,checkout_dropoff,4,1,341,7,2,0.29,1,30,1,send_reminder,0,0.0
TX09647,C0708,39755.8,WALLET,failed,technical_error,4,0,306,9,4,0.44,0,0,1,payment_link,0,0.0
TX09648,C2450,27904.7,WALLET,abandoned,checkout_dropoff,2,1,506,17,9,0.53,1,0,1,payment_link,0,0.0
TX09649,C0362,35553.66,CARD,failed,network_error,1,0,599,1,0,0.0,0,0,2,retry_payment,1,35553.66
TX09650,C1955,6883.37,NETBANKING,success,none,0,0,170,12,12,1.0,0,0,0,none,1,6883.37
TX09651,C1440,24993.69,NETBANKING,success,none,0,0,127,9,9,1.0,1,30,0,none,1,24993.69
TX09652,C0560,46807.1,UPI,success,none,0,0,446,9,6,0.67,1,0,0,none,1,46807.1
TX09653,C1797,41597.17,UPI,abandoned,checkout_dropoff,3,1,409,1,1,1.0,1,0,0,payment_link,1,41597.17
TX09654,C1413,39305.92,NETBANKING,abandoned,checkout_dropoff,1,1,579,9,1,0.11,1,3,2,send_reminder,0,0.0
TX09655,C1259,24114.0,NETBANKING,success,none,0,0,581,2,1,0.5,1,1,0,none,1,24114.0
TX09656,C0469,47061.43,UPI,failed,network_error,0,0,249,11,6,0.55,0,0,2,retry_payment,1,47061.43
TX09657,C1038,36496.18,CARD,success,none,0,0,418,4,0,0.0,1,0,0,none,1,36496.18
TX09658,C1065,22515.33,WALLET,success,none,0,0,237,7,4,0.57,0,0,0,none,1,22515.33
TX09659,C0424,24182.04,UPI,success,none,0,0,488,5,4,0.8,0,0,0,none,1,24182.04
TX09660,C1363,36629.61,WALLET,success,none,0,0,528,13,8,0.62,1,0,0,none,1,36629.61
TX09661,C2043,15799.4,UPI,success,none,0,0,284,17,6,0.35,0,0,0,none,1,15799.4
TX09662,C0580,2059.31,WALLET,failed,insufficient_funds,2,0,539,19,5,0.26,0,0,1,send_reminder,1,2059.31
TX09663,C1454,49377.12,CARD,abandoned,checkout_dropoff,2,1,396,12,5,0.42,0,0,0,send_reminder,0,0.0
TX09664,C2316,7268.23,NETBANKING,failed,insufficient_funds,0,0,12,14,7,0.5,1,1,2,send_reminder,0,0.0
TX09665,C0938,13876.94,CARD,abandoned,checkout_dropoff,4,1,62,10,1,0.1,0,0,1,payment_link,1,13876.94
TX09666,C2066,45223.52,UPI,success,none,0,0,524,4,1,0.25,1,1,0,none,1,45223.52
TX09667,C1097,8696.6,UPI,success,none,0,0,260,10,4,0.4,0,0,0,none,1,8696.6
TX09668,C1739,33534.04,UPI,success,none,0,0,102,10,8,0.8,0,0,0,none,1,33534.04
TX09669,C2081,2422.08,NETBANKING,failed,timeout,2,0,215,10,3,0.3,0,0,0,retry_payment,0,0.0
TX09670,C1544,19792.94,WALLET,success,none,0,0,357,5,1,0.2,1,3,0,none,1,19792.94
TX09671,C2357,6905.42,CARD,failed,network_error,2,0,21,6,2,0.33,0,0,0,retry_payment,0,0.0
TX09672,C2287,38564.5,NETBANKING,success,none,0,0,572,7,0,0.0,1,0,0,none,1,38564.5
TX09673,C2184,31075.75,UPI,success,none,0,0,442,14,8,0.57,0,0,0,none,1,31075.75
TX09674,C2477,26826.91,WALLET,success,none,0,0,545,14,12,0.86,1,3,0,none,1,26826.91
TX09675,C1778,15767.41,CARD,success,none,0,0,264,17,11,0.65,1,3,0,none,1,15767.41
TX09676,C0668,6284.8,CARD,abandoned,checkout_dropoff,3,1,15,4,0,0.0,0,0,1,payment_link,0,0.0
TX09677,C0975,24368.33,CARD,success,none,0,0,201,12,12,1.0,0,0,0,none,1,24368.33
TX09678,C0304,41578.88,CARD,success,none,0,0,107,19,13,0.68,1,7,0,none,1,41578.88
TX09679,C0055,11398.7,UPI,success,none,0,0,216,16,3,0.19,0,0,0,none,1,11398.7
TX09680,C2425,26529.91,UPI,failed,bank_error,1,0,478,16,10,0.62,0,0,2,payment_link,1,26529.91
TX09681,C1130,41578.71,NETBANKING,success,none,0,0,94,12,11,0.92,0,0,0,none,1,41578.71
TX09682,C0330,20347.55,NETBANKING,failed,insufficient_funds,2,0,21,15,8,0.53,0,0,1,send_reminder,0,0.0
TX09683,C2117,25033.98,CARD,success,none,0,0,362,16,11,0.69,0,0,0,none,1,25033.98
TX09684,C1373,24915.97,CARD,success,none,0,0,300,20,4,0.2,1,7,0,none,1,24915.97
TX09685,C2286,4080.89,WALLET,failed,network_error,0,0,502,6,0,0.0,0,0,2,retry_payment,0,0.0
TX09686,C1410,12500.76,NETBANKING,failed,bank_error,4,0,175,4,4,1.0,0,0,2,payment_link,1,12500.76
TX09687,C1673,38001.04,NETBANKING,abandoned,checkout_dropoff,4,1,289,8,2,0.25,0,0,2,send_reminder,1,38001.04
TX09688,C0934,48923.65,NETBANKING,success,none,0,0,323,4,0,0.0,1,3,0,none,1,48923.65
TX09689,C2115,49629.4,WALLET,failed,technical_error,4,0,548,16,12,0.75,0,0,0,payment_link,1,49629.4
TX09690,C2415,31079.31,CARD,success,none,0,0,175,15,13,0.87,0,0,0,none,1,31079.31
TX09691,C2466,10711.79,WALLET,abandoned,checkout_dropoff,3,1,46,16,14,0.88,0,0,2,payment_link,0,0.0
TX09692,C1760,21633.17,NETBANKING,success,none,0,0,200,2,0,0.0,0,0,0,none,1,21633.17
TX09693,C1449,42798.65,UPI,success,none,0,0,487,7,1,0.14,1,30,0,none,1,42798.65
TX09694,C0772,1734.74,WALLET,success,none,0,0,29,12,0,0.0,1,3,0,none,1,1734.74
TX09695,C1012,16746.27,CARD,abandoned,checkout_dropoff,3,1,52,10,10,1.0,0,0,2,payment_link,1,16746.27
TX09696,C2279,6994.54,CARD,success,none,0,0,258,5,4,0.8,0,0,0,none,1,6994.54
TX09697,C0046,20343.42,NETBANKING,success,none,0,0,181,9,5,0.56,0,0,0,none,1,20343.42
TX09698,C2445,22761.23,CARD,success,none,0,0,114,5,2,0.4,0,0,0,none,1,22761.23
TX09699,C0528,32354.66,CARD,success,none,0,0,419,15,7,0.47,0,0,0,none,1,32354.66
TX09700,C1626,38393.6,UPI,success,none,0,0,543,19,8,0.42,1,0,0,none,1,38393.6
TX09701,C1207,30780.13,UPI,success,none,0,0,309,3,1,0.33,0,0,0,none,1,30780.13
TX09702,C0835,22594.28,NETBANKING,success,none,0,0,485,20,10,0.5,0,0,0,none,1,22594.28
TX09703,C2489,34874.55,NETBANKING,failed,insufficient_funds,4,0,139,18,3,0.17,1,3,0,send_reminder,0,0.0
TX09704,C1305,48608.97,WALLET,failed,bank_error,3,0,384,7,1,0.14,0,0,1,payment_link,1,48608.97
TX09705,C1391,7359.43,UPI,success,none,0,0,289,13,1,0.08,0,0,0,none,1,7359.43
TX09706,C2109,730.72,NETBANKING,failed,timeout,0,0,220,5,1,0.2,1,1,2,retry_payment,1,730.72
TX09707,C0128,49862.39,UPI,success,none,0,0,309,11,4,0.36,1,1,0,none,1,49862.39
TX09708,C0975,21514.19,NETBANKING,failed,technical_error,2,0,530,5,5,1.0,1,30,2,payment_link,1,21514.19
TX09709,C2278,20622.9,UPI,success,none,0,0,525,20,2,0.1,1,0,0,none,1,20622.9
TX09710,C2457,39033.64,UPI,success,none,0,0,279,15,0,0.0,1,3,0,none,1,39033.64
TX09711,C0399,32095.28,NETBANKING,failed,network_error,1,0,84,10,0,0.0,0,0,2,retry_payment,0,0.0
TX09712,C0626,4809.18,UPI,failed,network_error,0,0,91,20,2,0.1,1,0,0,retry_payment,1,4809.18
TX09713,C1114,39500.73,UPI,success,none,0,0,187,1,1,1.0,1,0,0,none,1,39500.73
TX09714,C0700,1203.95,UPI,failed,technical_error,4,0,233,19,14,0.74,0,0,0,payment_link,1,1203.95
TX09715,C1102,28359.67,CARD,success,none,0,0,126,1,0,0.0,0,0,0,none,1,28359.67
TX09716,C1740,4530.05,UPI,failed,insufficient_funds,0,0,422,10,7,0.7,1,0,0,send_reminder,0,0.0
TX09717,C0796,30602.69,WALLET,success,none,0,0,64,16,12,0.75,1,0,0,none,1,30602.69
TX09718,C1193,1804.07,CARD,success,none,0,0,547,9,0,0.0,1,0,0,none,1,1804.07
TX09719,C2184,32250.0,NETBANKING,abandoned,checkout_dropoff,2,1,455,2,0,0.0,0,0,1,payment_link,0,0.0
TX09720,C1299,550.53,CARD,abandoned,checkout_dropoff,0,1,472,16,5,0.31,1,7,2,payment_link,1,550.53
TX09721,C1098,30760.72,CARD,success,none,0,0,300,15,12,0.8,1,7,0,none,1,30760.72
TX09722,C0929,47358.24,CARD,success,none,0,0,441,7,0,0.0,0,0,0,none,1,47358.24
TX09723,C2148,46156.8,NETBANKING,success,none,0,0,11,6,2,0.33,0,0,0,none,1,46156.8
TX09724,C2303,13553.3,UPI,success,none,0,0,588,12,4,0.33,0,0,0,none,1,13553.3
TX09725,C0495,11498.43,UPI,abandoned,checkout_dropoff,2,1,193,19,9,0.47,1,0,0,payment_link,0,0.0
TX09726,C1537,49670.2,CARD,success,none,0,0,171,11,2,0.18,1,7,0,none,1,49670.2
TX09727,C1053,9275.63,CARD,success,none,0,0,103,3,1,0.33,0,0,0,none,1,9275.63
TX09728,C1855,44799.66,CARD,success,none,0,0,133,15,13,0.87,1,15,0,none,1,44799.66
TX09729,C1955,2746.83,NETBANKING,success,none,0,0,153,1,1,1.0,1,7,0,none,1,2746.83
TX09730,C2162,48002.52,NETBANKING,failed,insufficient_funds,2,0,321,6,5,0.83,1,3,2,send_reminder,1,48002.52
TX09731,C0452,20671.31,CARD,failed,network_error,4,0,87,17,7,0.41,0,0,2,retry_payment,0,0.0
TX09732,C0483,17945.87,NETBANKING,success,none,0,0,452,15,13,0.87,1,7,0,none,1,17945.87
TX09733,C2329,27553.54,WALLET,success,none,0,0,46,11,9,0.82,0,0,0,none,1,27553.54
TX09734,C0554,32317.06,WALLET,failed,timeout,4,0,157,9,6,0.67,0,0,1,retry_payment,0,0.0
TX09735,C2277,48390.56,NETBANKING,failed,timeout,1,0,158,3,0,0.0,1,30,1,retry_payment,1,48390.56
TX09736,C1592,27384.94,UPI,success,none,0,0,153,20,20,1.0,0,0,0,none,1,27384.94
TX09737,C1731,25431.59,NETBANKING,success,none,0,0,363,4,4,1.0,1,0,0,none,1,25431.59
TX09738,C1797,33208.38,UPI,success,none,0,0,124,15,4,0.27,0,0,0,none,1,33208.38
TX09739,C0476,12650.07,UPI,success,none,0,0,348,8,5,0.62,1,15,0,none,1,12650.07
TX09740,C0409,9554.34,UPI,success,none,0,0,536,19,5,0.26,0,0,0,none,1,9554.34
TX09741,C0071,49018.94,NETBANKING,success,none,0,0,61,20,7,0.35,1,0,0,none,1,49018.94
TX09742,C1168,45082.84,UPI,success,none,0,0,433,19,10,0.53,0,0,0,none,1,45082.84
TX09743,C1950,37031.49,NETBANKING,success,none,0,0,392,17,1,0.06,1,0,0,none,1,37031.49
TX09744,C1865,6732.92,UPI,success,none,0,0,161,17,17,1.0,1,0,0,none,1,6732.92
TX09745,C1359,31185.46,UPI,success,none,0,0,401,12,1,0.08,0,0,0,none,1,31185.46
TX09746,C1719,42447.33,WALLET,success,none,0,0,516,17,9,0.53,0,0,0,none,1,42447.33
TX09747,C0929,5649.24,UPI,success,none,0,0,352,8,2,0.25,1,3,0,none,1,5649.24
TX09748,C2077,33745.92,UPI,success,none,0,0,153,13,12,0.92,1,0,0,none,1,33745.92
TX09749,C2402,20887.06,CARD,failed,timeout,2,0,477,9,6,0.67,0,0,1,retry_payment,0,0.0
TX09750,C1793,20935.32,CARD,success,none,0,0,343,17,8,0.47,0,0,0,none,1,20935.32
TX09751,C0859,37552.66,CARD,success,none,0,0,84,6,0,0.0,1,0,0,none,1,37552.66
TX09752,C2255,15465.33,CARD,success,none,0,0,58,1,0,0.0,0,0,0,none,1,15465.33
TX09753,C1312,11575.73,UPI,success,none,0,0,276,2,2,1.0,0,0,0,none,1,11575.73
TX09754,C1658,10154.78,WALLET,success,none,0,0,82,11,8,0.73,1,30,0,none,1,10154.78
TX09755,C2446,44845.28,NETBANKING,failed,network_error,1,0,174,20,6,0.3,0,0,0,retry_payment,0,0.0
TX09756,C1863,5424.05,CARD,success,none,0,0,252,2,2,1.0,1,3,0,none,1,5424.05
TX09757,C1956,3224.38,UPI,success,none,0,0,450,16,15,0.94,0,0,0,none,1,3224.38
TX09758,C1805,30161.22,UPI,success,none,0,0,141,17,5,0.29,1,1,0,none,1,30161.22
TX09759,C0989,4555.76,NETBANKING,failed,timeout,1,0,70,9,0,0.0,0,0,2,retry_payment,0,0.0
TX09760,C0050,33002.75,NETBANKING,abandoned,checkout_dropoff,4,1,19,1,1,1.0,1,1,1,payment_link,0,0.0
TX09761,C2331,42307.36,WALLET,success,none,0,0,344,3,1,0.33,1,0,0,none,1,42307.36
TX09762,C0884,4894.82,CARD,success,none,0,0,507,1,0,0.0,0,0,0,none,1,4894.82
TX09763,C1157,23153.38,WALLET,failed,bank_error,1,0,317,13,12,0.92,0,0,2,payment_link,0,0.0
TX09764,C1271,26472.28,UPI,success,none,0,0,588,17,13,0.76,0,0,0,none,1,26472.28
TX09765,C1289,450.93,NETBANKING,success,none,0,0,277,14,8,0.57,1,0,0,none,1,450.93
TX09766,C0889,17697.61,WALLET,failed,timeout,3,0,399,14,12,0.86,1,0,2,retry_payment,0,0.0
TX09767,C0163,9247.91,WALLET,abandoned,checkout_dropoff,3,1,367,19,2,0.11,0,0,0,payment_link,0,0.0
TX09768,C1052,39551.94,CARD,success,none,0,0,435,16,0,0.0,0,0,0,none,1,39551.94
TX09769,C0108,12056.46,WALLET,success,none,0,0,438,12,8,0.67,1,3,0,none,1,12056.46
TX09770,C1311,29518.65,NETBANKING,success,none,0,0,224,18,10,0.56,0,0,0,none,1,29518.65
TX09771,C0711,5488.71,WALLET,success,none,0,0,291,12,8,0.67,0,0,0,none,1,5488.71
TX09772,C1915,4510.36,UPI,success,none,0,0,352,15,1,0.07,0,0,0,none,1,4510.36
TX09773,C0637,14042.93,CARD,abandoned,checkout_dropoff,2,1,400,13,8,0.62,0,0,2,send_reminder,1,14042.93
TX09774,C2371,15315.1,CARD,success,none,0,0,306,17,14,0.82,1,3,0,none,1,15315.1
TX09775,C0488,45722.49,WALLET,failed,timeout,2,0,239,3,2,0.67,0,0,2,retry_payment,0,0.0
TX09776,C0013,1779.33,CARD,failed,technical_error,3,0,228,14,0,0.0,1,0,1,payment_link,1,1779.33
TX09777,C1162,13979.9,CARD,success,none,0,0,273,19,19,1.0,1,3,0,none,1,13979.9
TX09778,C2210,18136.97,CARD,success,none,0,0,80,6,5,0.83,1,0,0,none,1,18136.97
TX09779,C1297,35153.37,CARD,abandoned,checkout_dropoff,1,1,79,17,7,0.41,0,0,1,send_reminder,0,0.0
TX09780,C1569,2051.41,NETBANKING,success,none,0,0,585,7,7,1.0,0,0,0,none,1,2051.41
TX09781,C0996,31057.22,NETBANKING,failed,timeout,3,0,32,14,1,0.07,1,1,1,retry_payment,0,0.0
TX09782,C2146,18182.94,WALLET,success,none,0,0,223,19,1,0.05,0,0,0,none,1,18182.94
TX09783,C0664,36953.97,UPI,success,none,0,0,119,9,0,0.0,1,0,0,none,1,36953.97
TX09784,C1543,13976.73,NETBANKING,success,none,0,0,83,18,5,0.28,1,0,0,none,1,13976.73
TX09785,C1211,34488.07,CARD,abandoned,checkout_dropoff,3,1,123,10,10,1.0,0,0,2,send_reminder,1,34488.07
TX09786,C0435,37999.61,WALLET,success,none,0,0,418,9,7,0.78,0,0,0,none,1,37999.61
TX09787,C0891,48973.03,WALLET,abandoned,checkout_dropoff,0,1,87,15,12,0.8,0,0,0,send_reminder,1,48973.03
TX09788,C1827,30552.14,NETBANKING,success,none,0,0,73,9,9,1.0,1,0,0,none,1,30552.14
TX09789,C0426,22483.26,NETBANKING,failed,timeout,4,0,134,9,6,0.67,1,0,1,retry_payment,0,0.0
TX09790,C1555,4255.98,CARD,success,none,0,0,45,1,0,0.0,0,0,0,none,1,4255.98
TX09791,C0203,7897.53,NETBANKING,success,none,0,0,325,17,3,0.18,1,0,0,none,1,7897.53
TX09792,C1953,49438.35,CARD,success,none,0,0,156,19,6,0.32,1,0,0,none,1,49438.35
TX09793,C1865,8418.15,UPI,success,none,0,0,389,14,12,0.86,0,0,0,none,1,8418.15
TX09794,C0594,36955.78,WALLET,failed,insufficient_funds,0,0,420,5,0,0.0,1,1,1,send_reminder,1,36955.78
TX09795,C2272,19162.38,WALLET,success,none,0,0,268,8,6,0.75,1,7,0,none,1,19162.38
TX09796,C0160,37113.38,UPI,abandoned,checkout_dropoff,4,1,409,15,0,0.0,0,0,0,payment_link,0,0.0
TX09797,C0825,2156.48,NETBANKING,failed,network_error,1,0,376,16,10,0.62,0,0,2,retry_payment,1,2156.48
TX09798,C0329,29336.15,CARD,abandoned,checkout_dropoff,4,1,62,4,2,0.5,1,7,1,send_reminder,0,0.0
TX09799,C0696,20575.77,NETBANKING,success,none,0,0,113,19,15,0.79,1,0,0,none,1,20575.77
TX09800,C2218,47807.01,NETBANKING,abandoned,checkout_dropoff,3,1,438,20,20,1.0,0,0,2,send_reminder,1,47807.01
TX09801,C1574,49604.18,UPI,success,none,0,0,595,2,0,0.0,1,0,0,none,1,49604.18
TX09802,C2386,3151.59,CARD,failed,insufficient_funds,4,0,89,8,2,0.25,1,15,2,send_reminder,0,0.0
TX09803,C2125,24144.34,WALLET,success,none,0,0,80,4,2,0.5,0,0,0,none,1,24144.34
TX09804,C0659,42038.09,UPI,failed,technical_error,1,0,130,1,1,1.0,1,0,1,payment_link,1,42038.09
TX09805,C1880,21514.13,CARD,success,none,0,0,128,15,2,0.13,0,0,0,none,1,21514.13
TX09806,C1185,33997.25,NETBANKING,failed,network_error,0,0,417,5,4,0.8,1,3,2,retry_payment,1,33997.25
TX09807,C0732,10183.7,WALLET,abandoned,checkout_dropoff,3,1,92,4,2,0.5,1,3,1,payment_link,1,10183.7
TX09808,C2217,5220.6,NETBANKING,failed,technical_error,2,0,145,13,4,0.31,0,0,1,payment_link,0,0.0
TX09809,C1112,46555.58,UPI,success,none,0,0,85,13,1,0.08,0,0,0,none,1,46555.58
TX09810,C0417,42145.95,WALLET,failed,timeout,2,0,351,4,2,0.5,1,0,0,retry_payment,0,0.0
TX09811,C0473,38746.73,CARD,success,none,0,0,126,18,6,0.33,0,0,0,none,1,38746.73
TX09812,C1914,19978.6,NETBANKING,abandoned,checkout_dropoff,3,1,525,12,3,0.25,0,0,1,send_reminder,0,0.0
TX09813,C1263,2491.4,NETBANKING,failed,technical_error,3,0,269,9,6,0.67,0,0,2,payment_link,1,2491.4
TX09814,C1756,20131.67,NETBANKING,success,none,0,0,57,5,4,0.8,1,0,0,none,1,20131.67
TX09815,C2074,28754.54,CARD,success,none,0,0,276,15,4,0.27,0,0,0,none,1,28754.54
TX09816,C1362,8417.33,NETBANKING,success,none,0,0,57,16,3,0.19,1,0,0,none,1,8417.33
TX09817,C1245,7335.84,UPI,success,none,0,0,86,13,8,0.62,1,0,0,none,1,7335.84
TX09818,C0613,15238.68,UPI,success,none,0,0,128,12,9,0.75,1,1,0,none,1,15238.68
TX09819,C0620,13555.83,CARD,failed,timeout,0,0,338,19,8,0.42,0,0,1,retry_payment,1,13555.83
TX09820,C2237,29841.91,NETBANKING,success,none,0,0,140,19,19,1.0,1,0,0,none,1,29841.91
TX09821,C1659,1029.33,UPI,success,none,0,0,31,20,14,0.7,1,0,0,none,1,1029.33
TX09822,C2261,46509.46,UPI,failed,bank_error,1,0,27,19,14,0.74,0,0,2,payment_link,1,46509.46
TX09823,C0868,27679.93,NETBANKING,success,none,0,0,336,17,6,0.35,1,0,0,none,1,27679.93
TX09824,C2289,14973.25,WALLET,failed,bank_error,3,0,486,19,2,0.11,0,0,0,payment_link,1,14973.25
TX09825,C2368,14263.07,CARD,success,none,0,0,88,13,7,0.54,1,0,0,none,1,14263.07
TX09826,C1675,26832.45,WALLET,failed,timeout,2,0,417,18,11,0.61,1,0,2,retry_payment,0,0.0
TX09827,C2092,35909.81,CARD,success,none,0,0,371,18,4,0.22,0,0,0,none,1,35909.81
TX09828,C2500,32732.16,WALLET,success,none,0,0,318,14,12,0.86,0,0,0,none,1,32732.16
TX09829,C0741,7770.66,CARD,failed,insufficient_funds,4,0,301,16,2,0.12,1,3,0,send_reminder,0,0.0
TX09830,C1255,33194.9,UPI,success,none,0,0,599,18,12,0.67,1,3,0,none,1,33194.9
TX09831,C1062,22295.09,UPI,abandoned,checkout_dropoff,3,1,206,16,0,0.0,1,3,1,send_reminder,0,0.0
TX09832,C2056,22256.61,UPI,success,none,0,0,193,19,16,0.84,0,0,0,none,1,22256.61
TX09833,C2461,20704.24,NETBANKING,success,none,0,0,303,6,5,0.83,0,0,0,none,1,20704.24
TX09834,C1571,41392.74,NETBANKING,success,none,0,0,453,7,5,0.71,1,0,0,none,1,41392.74
TX09835,C0028,26248.16,WALLET,failed,network_error,4,0,563,8,6,0.75,0,0,1,retry_payment,0,0.0
TX09836,C1242,18860.86,WALLET,success,none,0,0,239,20,17,0.85,0,0,0,none,1,18860.86
TX09837,C0292,19866.58,UPI,abandoned,checkout_dropoff,4,1,600,11,8,0.73,0,0,2,send_reminder,1,19866.58
TX09838,C1806,32580.95,UPI,failed,network_error,4,0,262,2,0,0.0,0,0,1,retry_payment,0,0.0
TX09839,C1473,12206.64,WALLET,failed,insufficient_funds,1,0,176,16,12,0.75,0,0,1,send_reminder,0,0.0
TX09840,C0686,19675.03,NETBANKING,success,none,0,0,245,5,3,0.6,1,0,0,none,1,19675.03
TX09841,C1046,33857.19,CARD,failed,bank_error,3,0,479,15,6,0.4,0,0,0,payment_link,0,0.0
TX09842,C1754,2443.95,UPI,success,none,0,0,48,17,14,0.82,1,0,0,none,1,2443.95
TX09843,C0316,24952.03,CARD,success,none,0,0,331,3,3,1.0,1,0,0,none,1,24952.03
TX09844,C2258,27609.16,WALLET,success,none,0,0,271,9,2,0.22,0,0,0,none,1,27609.16
TX09845,C0494,46686.79,UPI,success,none,0,0,67,16,7,0.44,0,0,0,none,1,46686.79
TX09846,C0410,35239.19,WALLET,success,none,0,0,435,17,7,0.41,0,0,0,none,1,35239.19
TX09847,C1647,40985.45,WALLET,success,none,0,0,362,14,9,0.64,1,15,0,none,1,40985.45
TX09848,C0869,43364.72,WALLET,success,none,0,0,483,5,1,0.2,0,0,0,none,1,43364.72
TX09849,C0220,9777.29,NETBANKING,abandoned,checkout_dropoff,1,1,571,18,15,0.83,0,0,1,send_reminder,0,0.0
TX09850,C1765,25814.53,CARD,failed,bank_error,2,0,464,6,6,1.0,0,0,0,payment_link,1,25814.53
TX09851,C0668,22046.94,UPI,success,none,0,0,93,1,1,1.0,0,0,0,none,1,22046.94
TX09852,C0819,15504.67,NETBANKING,success,none,0,0,50,15,15,1.0,0,0,0,none,1,15504.67
TX09853,C2053,47233.04,CARD,failed,insufficient_funds,1,0,411,11,3,0.27,1,1,1,send_reminder,0,0.0
TX09854,C1632,33351.1,CARD,success,none,0,0,598,1,1,1.0,0,0,0,none,1,33351.1
TX09855,C1309,7997.12,WALLET,failed,technical_error,3,0,508,13,5,0.38,1,0,0,payment_link,0,0.0
TX09856,C2323,10679.91,CARD,success,none,0,0,54,1,1,1.0,0,0,0,none,1,10679.91
TX09857,C0567,13554.57,NETBANKING,failed,timeout,2,0,66,8,1,0.12,0,0,2,retry_payment,0,0.0
TX09858,C1009,26136.87,WALLET,failed,technical_error,2,0,180,18,8,0.44,0,0,1,payment_link,0,0.0
TX09859,C0357,22061.46,WALLET,failed,technical_error,2,0,417,11,8,0.73,1,0,2,payment_link,0,0.0
TX09860,C0339,19542.25,NETBANKING,failed,technical_error,1,0,396,17,1,0.06,1,0,2,payment_link,1,19542.25
TX09861,C1388,4723.33,UPI,success,none,0,0,304,19,11,0.58,0,0,0,none,1,4723.33
TX09862,C2033,19054.94,WALLET,success,none,0,0,261,5,5,1.0,0,0,0,none,1,19054.94
TX09863,C1655,21944.17,CARD,success,none,0,0,349,3,3,1.0,1,0,0,none,1,21944.17
TX09864,C0535,46967.4,WALLET,failed,insufficient_funds,0,0,337,16,0,0.0,1,1,2,send_reminder,1,46967.4
TX09865,C1947,25286.3,WALLET,success,none,0,0,228,10,2,0.2,0,0,0,none,1,25286.3
TX09866,C0830,7156.33,CARD,success,none,0,0,175,16,6,0.38,1,0,0,none,1,7156.33
TX09867,C2331,4321.27,CARD,failed,network_error,3,0,12,10,5,0.5,1,7,2,retry_payment,0,0.0
TX09868,C1776,38947.02,CARD,abandoned,checkout_dropoff,0,1,76,3,1,0.33,1,1,2,payment_link,0,0.0
TX09869,C1361,4405.94,WALLET,success,none,0,0,207,9,8,0.89,0,0,0,none,1,4405.94
TX09870,C2355,45390.71,WALLET,success,none,0,0,419,8,7,0.88,0,0,0,none,1,45390.71
TX09871,C2492,853.19,NETBANKING,failed,insufficient_funds,1,0,592,15,1,0.07,1,0,1,send_reminder,1,853.19
TX09872,C0617,24404.33,CARD,success,none,0,0,219,6,4,0.67,1,1,0,none,1,24404.33
TX09873,C0387,48692.14,CARD,success,none,0,0,561,8,3,0.38,1,0,0,none,1,48692.14
TX09874,C2269,30317.68,NETBANKING,abandoned,checkout_dropoff,1,1,470,17,7,0.41,0,0,1,send_reminder,0,0.0
TX09875,C1458,11503.05,WALLET,success,none,0,0,272,4,4,1.0,0,0,0,none,1,11503.05
TX09876,C0364,48101.22,WALLET,success,none,0,0,199,12,8,0.67,1,0,0,none,1,48101.22
TX09877,C1690,43926.55,UPI,success,none,0,0,143,6,5,0.83,1,0,0,none,1,43926.55
TX09878,C0395,2690.08,NETBANKING,failed,technical_error,2,0,429,17,10,0.59,1,0,1,payment_link,0,0.0
TX09879,C0444,9243.87,NETBANKING,success,none,0,0,321,17,10,0.59,1,0,0,none,1,9243.87
TX09880,C2316,27584.68,WALLET,failed,timeout,3,0,526,9,8,0.89,0,0,2,retry_payment,0,0.0
TX09881,C2312,9927.54,CARD,failed,bank_error,4,0,79,3,1,0.33,0,0,0,payment_link,0,0.0
TX09882,C2389,44768.93,CARD,success,none,0,0,165,17,16,0.94,1,0,0,none,1,44768.93
TX09883,C2213,36529.87,WALLET,success,none,0,0,240,11,0,0.0,0,0,0,none,1,36529.87
TX09884,C1425,48515.87,NETBANKING,success,none,0,0,360,1,0,0.0,1,1,0,none,1,48515.87
TX09885,C2092,47963.06,CARD,success,none,0,0,278,1,1,1.0,1,0,0,none,1,47963.06
TX09886,C2063,25131.91,WALLET,success,none,0,0,113,17,6,0.35,1,0,0,none,1,25131.91
TX09887,C1681,33677.66,CARD,failed,network_error,1,0,309,19,8,0.42,1,0,0,retry_payment,0,0.0
TX09888,C2001,19018.66,UPI,success,none,0,0,490,2,1,0.5,0,0,0,none,1,19018.66
TX09889,C0804,26843.76,NETBANKING,failed,bank_error,0,0,454,20,0,0.0,0,0,1,payment_link,1,26843.76
TX09890,C1549,13500.27,UPI,success,none,0,0,199,2,2,1.0,0,0,0,none,1,13500.27
TX09891,C1777,28255.02,CARD,success,none,0,0,115,18,16,0.89,0,0,0,none,1,28255.02
TX09892,C0873,33134.91,WALLET,success,none,0,0,24,3,1,0.33,0,0,0,none,1,33134.91
TX09893,C2296,34193.75,CARD,success,none,0,0,396,14,2,0.14,0,0,0,none,1,34193.75
TX09894,C0797,6038.27,UPI,success,none,0,0,192,13,6,0.46,1,0,0,none,1,6038.27
TX09895,C1410,11245.04,CARD,success,none,0,0,222,11,7,0.64,1,3,0,none,1,11245.04
TX09896,C0971,15094.79,WALLET,success,none,0,0,254,20,3,0.15,1,15,0,none,1,15094.79
TX09897,C0565,5865.16,NETBANKING,failed,timeout,2,0,212,18,13,0.72,0,0,2,retry_payment,0,0.0
TX09898,C0844,42027.4,UPI,failed,timeout,2,0,277,15,4,0.27,1,1,1,retry_payment,0,0.0
TX09899,C0567,6070.34,NETBANKING,failed,timeout,2,0,396,4,4,1.0,1,15,2,retry_payment,0,0.0
TX09900,C0109,40982.82,NETBANKING,failed,timeout,0,0,524,19,0,0.0,0,0,0,retry_payment,1,40982.82
TX09901,C2155,37669.86,UPI,success,none,0,0,270,2,1,0.5,0,0,0,none,1,37669.86
TX09902,C2326,13572.49,CARD,success,none,0,0,76,1,0,0.0,1,3,0,none,1,13572.49
TX09903,C1476,34309.4,WALLET,success,none,0,0,501,8,3,0.38,1,0,0,none,1,34309.4
TX09904,C0165,29738.67,WALLET,success,none,0,0,548,10,3,0.3,0,0,0,none,1,29738.67
TX09905,C0718,42875.12,CARD,success,none,0,0,383,10,4,0.4,0,0,0,none,1,42875.12
TX09906,C2223,40951.1,CARD,success,none,0,0,179,16,15,0.94,1,3,0,none,1,40951.1
TX09907,C0407,41793.15,NETBANKING,success,none,0,0,264,14,12,0.86,1,0,0,none,1,41793.15
TX09908,C0969,1327.92,WALLET,success,none,0,0,92,7,3,0.43,1,30,0,none,1,1327.92
TX09909,C1163,36397.52,CARD,failed,timeout,2,0,463,13,1,0.08,0,0,1,retry_payment,0,0.0
TX09910,C0136,19629.94,CARD,success,none,0,0,218,15,10,0.67,1,0,0,none,1,19629.94
TX09911,C1107,24397.54,WALLET,abandoned,checkout_dropoff,3,1,263,6,6,1.0,0,0,1,payment_link,1,24397.54
TX09912,C0428,26092.62,NETBANKING,failed,timeout,2,0,570,9,7,0.78,0,0,0,retry_payment,0,0.0
TX09913,C1654,32770.71,WALLET,success,none,0,0,205,14,8,0.57,0,0,0,none,1,32770.71
TX09914,C0604,25883.11,UPI,success,none,0,0,87,1,1,1.0,0,0,0,none,1,25883.11
TX09915,C0328,16600.99,CARD,success,none,0,0,581,7,1,0.14,0,0,0,none,1,16600.99
TX09916,C0930,40651.76,CARD,success,none,0,0,178,13,4,0.31,1,0,0,none,1,40651.76
TX09917,C2487,20837.79,UPI,abandoned,checkout_dropoff,0,1,76,17,10,0.59,0,0,0,send_reminder,0,0.0
TX09918,C0125,31089.09,NETBANKING,failed,technical_error,3,0,127,9,3,0.33,1,1,1,payment_link,1,31089.09
TX09919,C0275,16192.44,UPI,failed,network_error,2,0,398,10,4,0.4,1,0,1,retry_payment,0,0.0
TX09920,C1079,3579.22,WALLET,failed,technical_error,3,0,591,8,4,0.5,1,7,1,payment_link,0,0.0
TX09921,C1892,15849.73,UPI,success,none,0,0,186,10,8,0.8,1,0,0,none,1,15849.73
TX09922,C0279,12086.12,CARD,success,none,0,0,584,3,1,0.33,0,0,0,none,1,12086.12
TX09923,C0046,32527.86,WALLET,success,none,0,0,401,5,3,0.6,1,0,0,none,1,32527.86
TX09924,C1280,42850.89,UPI,success,none,0,0,426,18,9,0.5,0,0,0,none,1,42850.89
TX09925,C1658,39895.84,WALLET,success,none,0,0,374,15,5,0.33,0,0,0,none,1,39895.84
TX09926,C0278,6478.77,UPI,success,none,0,0,397,10,2,0.2,1,0,0,none,1,6478.77
TX09927,C0261,20068.18,WALLET,success,none,0,0,510,3,3,1.0,1,0,0,none,1,20068.18
TX09928,C1135,12122.35,NETBANKING,success,none,0,0,324,17,0,0.0,1,15,0,none,1,12122.35
TX09929,C0257,44251.95,UPI,abandoned,checkout_dropoff,3,1,544,3,3,1.0,1,30,0,send_reminder,0,0.0
TX09930,C0610,10602.35,CARD,success,none,0,0,220,12,1,0.08,1,7,0,none,1,10602.35
TX09931,C0937,37405.67,NETBANKING,failed,insufficient_funds,2,0,260,6,2,0.33,0,0,1,send_reminder,0,0.0
TX09932,C0999,7028.07,CARD,success,none,0,0,570,5,5,1.0,1,1,0,none,1,7028.07
TX09933,C0720,23785.0,UPI,abandoned,checkout_dropoff,4,1,428,12,0,0.0,0,0,0,payment_link,0,0.0
TX09934,C1729,2613.98,UPI,abandoned,checkout_dropoff,0,1,585,8,1,0.12,1,0,1,payment_link,0,0.0
TX09935,C1168,26602.33,UPI,success,none,0,0,582,18,7,0.39,1,1,0,none,1,26602.33
TX09936,C1200,8611.34,WALLET,success,none,0,0,391,1,1,1.0,0,0,0,none,1,8611.34
TX09937,C0511,28109.01,NETBANKING,failed,insufficient_funds,3,0,366,16,13,0.81,0,0,2,send_reminder,0,0.0
TX09938,C0666,26124.96,CARD,success,none,0,0,592,2,2,1.0,0,0,0,none,1,26124.96
TX09939,C1542,43831.46,NETBANKING,success,none,0,0,374,13,11,0.85,0,0,0,none,1,43831.46
TX09940,C0795,16137.87,NETBANKING,abandoned,checkout_dropoff,3,1,87,11,9,0.82,0,0,0,send_reminder,0,0.0
TX09941,C0215,46700.99,WALLET,success,none,0,0,55,14,6,0.43,0,0,0,none,1,46700.99
TX09942,C0795,31620.89,UPI,success,none,0,0,334,4,3,0.75,0,0,0,none,1,31620.89
TX09943,C1300,32282.19,WALLET,success,none,0,0,145,7,4,0.57,0,0,0,none,1,32282.19
TX09944,C2489,2954.1,UPI,success,none,0,0,270,16,13,0.81,1,30,0,none,1,2954.1
TX09945,C1045,47777.58,CARD,failed,timeout,0,0,566,15,7,0.47,0,0,2,retry_payment,0,0.0
TX09946,C0192,28751.8,NETBANKING,success,none,0,0,234,13,3,0.23,0,0,0,none,1,28751.8
TX09947,C1044,16916.34,WALLET,abandoned,checkout_dropoff,0,1,381,6,1,0.17,1,0,2,send_reminder,1,16916.34
TX09948,C1606,24955.91,WALLET,success,none,0,0,93,14,4,0.29,0,0,0,none,1,24955.91
TX09949,C1127,8320.96,UPI,failed,network_error,0,0,448,5,0,0.0,0,0,1,retry_payment,1,8320.96
TX09950,C2159,21403.66,WALLET,success,none,0,0,567,15,6,0.4,0,0,0,none,1,21403.66
TX09951,C1098,35317.11,UPI,success,none,0,0,590,11,2,0.18,1,0,0,none,1,35317.11
TX09952,C1598,42459.15,NETBANKING,success,none,0,0,165,14,14,1.0,0,0,0,none,1,42459.15
TX09953,C1274,44795.46,UPI,success,none,0,0,390,9,1,0.11,0,0,0,none,1,44795.46
TX09954,C1986,11271.87,NETBANKING,abandoned,checkout_dropoff,0,1,381,13,11,0.85,0,0,2,send_reminder,1,11271.87
TX09955,C2172,14918.35,WALLET,failed,technical_error,1,0,228,13,2,0.15,0,0,0,payment_link,0,0.0
TX09956,C1543,32730.71,WALLET,success,none,0,0,335,16,12,0.75,1,1,0,none,1,32730.71
TX09957,C1216,12453.27,WALLET,success,none,0,0,376,4,1,0.25,1,0,0,none,1,12453.27
TX09958,C1317,29801.54,CARD,success,none,0,0,405,15,14,0.93,1,1,0,none,1,29801.54
TX09959,C1870,3546.7,NETBANKING,success,none,0,0,521,7,3,0.43,0,0,0,none,1,3546.7
TX09960,C0211,40181.42,WALLET,success,none,0,0,499,15,4,0.27,1,0,0,none,1,40181.42
TX09961,C1008,16408.22,WALLET,success,none,0,0,293,16,2,0.12,0,0,0,none,1,16408.22
TX09962,C1775,24367.38,WALLET,success,none,0,0,491,7,3,0.43,0,0,0,none,1,24367.38
TX09963,C1036,44100.65,WALLET,success,none,0,0,18,1,1,1.0,0,0,0,none,1,44100.65
TX09964,C0666,21923.35,UPI,abandoned,checkout_dropoff,0,1,181,8,0,0.0,0,0,0,send_reminder,1,21923.35
TX09965,C2064,27338.67,CARD,success,none,0,0,347,13,10,0.77,0,0,0,none,1,27338.67
TX09966,C0944,34828.83,NETBANKING,success,none,0,0,400,17,11,0.65,0,0,0,none,1,34828.83
TX09967,C0173,32330.35,CARD,failed,network_error,4,0,452,11,7,0.64,0,0,0,retry_payment,0,0.0
TX09968,C1768,14799.48,UPI,success,none,0,0,403,16,10,0.62,0,0,0,none,1,14799.48
TX09969,C2454,37456.87,WALLET,success,none,0,0,336,11,10,0.91,1,3,0,none,1,37456.87
TX09970,C0061,14781.86,WALLET,failed,technical_error,1,0,54,12,11,0.92,1,0,0,payment_link,1,14781.86
TX09971,C1611,9926.15,UPI,success,none,0,0,290,5,0,0.0,1,0,0,none,1,9926.15
TX09972,C1932,43958.06,WALLET,success,none,0,0,11,8,0,0.0,1,3,0,none,1,43958.06
TX09973,C0435,29679.92,WALLET,success,none,0,0,208,3,2,0.67,0,0,0,none,1,29679.92
TX09974,C0586,13459.69,CARD,success,none,0,0,586,5,4,0.8,0,0,0,none,1,13459.69
TX09975,C1405,44803.37,NETBANKING,success,none,0,0,217,17,2,0.12,0,0,0,none,1,44803.37
TX09976,C2298,36577.63,CARD,success,none,0,0,226,18,1,0.06,0,0,0,none,1,36577.63
TX09977,C0753,43324.48,UPI,failed,technical_error,0,0,223,11,4,0.36,0,0,2,payment_link,1,43324.48
TX09978,C2290,18068.45,NETBANKING,success,none,0,0,49,3,1,0.33,0,0,0,none,1,18068.45
TX09979,C1597,13782.42,WALLET,success,none,0,0,572,9,7,0.78,0,0,0,none,1,13782.42
TX09980,C1926,32809.84,WALLET,success,none,0,0,378,7,1,0.14,0,0,0,none,1,32809.84
TX09981,C2261,32476.8,NETBANKING,abandoned,checkout_dropoff,3,1,213,13,6,0.46,0,0,2,send_reminder,1,32476.8
TX09982,C0021,5961.04,UPI,success,none,0,0,96,15,8,0.53,1,0,0,none,1,5961.04
TX09983,C0384,39418.86,WALLET,abandoned,checkout_dropoff,3,1,568,13,3,0.23,0,0,2,send_reminder,0,0.0
TX09984,C0111,19247.33,WALLET,success,none,0,0,552,3,2,0.67,0,0,0,none,1,19247.33
TX09985,C1298,45276.34,WALLET,success,none,0,0,219,12,11,0.92,0,0,0,none,1,45276.34
TX09986,C0329,17235.76,NETBANKING,failed,insufficient_funds,0,0,366,16,14,0.88,0,0,2,send_reminder,0,0.0
TX09987,C1297,10961.98,UPI,abandoned,checkout_dropoff,1,1,176,14,14,1.0,1,0,2,payment_link,0,0.0
TX09988,C0966,44914.92,UPI,failed,insufficient_funds,2,0,205,6,4,0.67,1,0,2,send_reminder,0,0.0
TX09989,C0232,16626.52,CARD,success,none,0,0,584,11,10,0.91,0,0,0,none,1,16626.52
TX09990,C0688,7808.67,NETBANKING,success,none,0,0,232,11,10,0.91,1,0,0,none,1,7808.67
TX09991,C0251,859.48,NETBANKING,success,none,0,0,126,10,1,0.1,0,0,0,none,1,859.48
TX09992,C1094,41910.3,WALLET,success,none,0,0,419,11,7,0.64,0,0,0,none,1,41910.3
TX09993,C1080,21083.07,NETBANKING,failed,technical_error,1,0,525,19,12,0.63,0,0,0,payment_link,1,21083.07
TX09994,C0527,37348.45,UPI,success,none,0,0,471,8,7,0.88,0,0,0,none,1,37348.45
TX09995,C0595,40400.48,WALLET,success,none,0,0,459,6,3,0.5,0,0,0,none,1,40400.48
TX09996,C0048,40647.1,UPI,success,none,0,0,543,12,0,0.0,1,0,0,none,1,40647.1
TX09997,C1405,39639.89,WALLET,success,none,0,0,464,11,11,1.0,0,0,0,none,1,39639.89
TX09998,C1637,4068.7,CARD,success,none,0,0,461,19,17,0.89,1,0,0,none,1,4068.7
TX09999,C2420,21767.69,CARD,failed,timeout,0,0,54,16,4,0.25,0,0,2,retry_payment,1,21767.69
TX10000,C1711,35071.98,UPI,failed,network_error,3,0,597,12,9,0.75,1,0,0,retry_payment,0,0.0
